Name,Team,IP,FA-X,FT-X,FC-X,FS-X,FO-X,SI-X,SL-X,CU-X,KC-X,EP-X,CH-X,SC-X,KN-X,NameASCII,PlayerId,MLBAMID
"Mike McCoy","TOR",1,,,-2.119999885559082,,,,,,,,-6.390000343322754,,1.5077777438693576,"Mike McCoy",4583,453454
"Tim Wakefield","BOS",154.2,-5.82918277153602,,,,,,,8.714062571525574,,,,,1.091800986455893,"Tim Wakefield",219,123801
"R.A. Dickey","NYM",208.2,-8.555789211340118,,,,,,,,,0.8360975312023629,,,0.24302870590236522,"R.A. Dickey",1245,285079
"Ryan Franklin","STL",27.2,-2.7669231708233175,,1.2374999523162842,-2.9831250508626304,,-7.649512314214939,3.7514285132998513,6.09795448996804,,,-8.595357077462333,,-0.4899999797344208,"Ryan Franklin",1076,211041
"Mitch Maier","KCR",1,,,,,,,1.090000033378601,1.6825000047683716,,,-5.173333485921224,,-1.3949999809265137,"Mitch Maier",5588,430574
"Neftalí Feliz","TEX",62.1,-4.371365360303414,,3.9911626771438953,,,-7.8577086130778,9.466484069824219,,,,-5.758571443103609,,,"Neftali Feliz",18,491703
"Ramon Ortiz","CHC",33.1,-2.1279999732971193,,,,,-7.401686202648074,2.2616040747320287,,,,-6.026666641235352,,,"Ramon Ortiz",27,150009
"Xavier Cedeño","HOU",1.2,5.416249752044678,,,,,10.804999351501465,,-3.7306666056315105,,,6.533999633789063,,,"Xavier Cedeno",36,458584
"Miguel Batista","- - -",60,-2.223017234226753,,1.190000057220459,,,-8.348577592637804,3.781882952446718,5.0571425982884,,,-4.770937565714121,,,"Miguel Batista",46,110683
"Zach Phillips","BAL",8,6.103182012384588,,,,,9.590185094762731,-0.9355813847031704,,,,8.84230745755709,,,"Zach Phillips",99,452061
"Jason Marquis","- - -",132,-5.6621050583688834,,,,,-8.65159930431373,-0.41739914447110615,,,,-6.9089710251294045,,,"Jason Marquis",105,150302
"Kevin Millwood","COL",54.1,-4.473040606524493,,0.43607694185697116,-3.3104165395100913,,-8.046105849004425,3.0941818699692236,4.301617790670956,,,-6.40621618322424,,,"Kevin Millwood",106,119154
"Horacio Ramirez","LAA",9,7.549024628429878,,,,,9.789796167490433,0.5213332811991374,-0.9658333460489908,,,7.7320002237955725,,,"Horacio Ramirez",110,400141
"Dan Wheeler","BOS",49.1,-2.9531579268606087,,0.280980390660903,-3.7887500762939452,,-6.694132150697314,2.750859260559082,8.228055318196615,,,,,,"Dan Wheeler",120,235095
"Erik Bedard","- - -",129.1,5.154183860348665,,2.1491892531111434,5.724999809265137,,9.08983903989148,,-5.057507395396775,,,6.443296123483328,,,"Erik Bedard",126,407853
"Rodrigo Lopez","CHC",97.2,-3.138226468338926,,,,,-8.12897495882193,3.296779206511262,4.1766665776570635,,,-8.424534388950892,,,"Rodrigo Lopez",150,150438
"Rafael Betancourt","COL",62.1,-2.3261325337390653,,0.5908205081255008,,,,2.9308228311659414,,,,-5.196000162760416,,,"Rafael Betancourt",177,429783
"Derek Lowe","ATL",187,,,-1.8805986861108055,,,-9.784918806499377,1.4708111557487136,,,,-7.9376121053890305,,,"Derek Lowe",199,117955
"Darren Oliver","TEX",51,2.7641883042279414,,,,,9.801678343907298,-4.037159912109375,,,,11.218000793457032,,,"Darren Oliver",206,119984
"Mark Buehrle","CHW",205.1,1.8128335315806117,,-2.107623147249732,,,7.624308268229167,,-4.2753669135004495,,,7.966111375046922,,,"Mark Buehrle",225,279824
"Jon Garland","LAD",54,-3.609882912440607,,,,,-7.460510910198253,0.24161765154670267,3.326956375785496,,,-8.70547197449882,,,"Jon Garland",232,279782
"Daniel McCutchen","PIT",84.2,-5.64468415912829,,,,,-8.332287358302697,1.6419491525423728,2.4645000457763673,,,-5.78135800459748,,,"Daniel McCutchen",263,445216
"Juan Cruz","TBR",48.2,-4.5485790753812,,1.404473670443198,,,,10.528276114628232,,,,-6.9113330078125,,,"Juan Cruz",273,407297
"Kyle Farnsworth","TBR",57.2,-6.005714260801977,,2.6659260502568,,,-8.050199692431478,3.7654692980707907,,,,-6.441249847412109,,,"Kyle Farnsworth",278,150035
"Will Ohman","CHW",53.1,5.590000177850786,,,,,9.169726228060787,-0.2087078523100092,-7.622499942779541,,,8.69083340962728,,,"Will Ohman",296,349193
"Kerry Wood","CHC",51,-4.549297030009921,,,-6.487500190734863,,,1.967691865357213,6.394752426902847,,,,,,"Kerry Wood",304,134268
"Carlos Zambrano","CHC",145.2,-2.933209647495362,,0.5809523567320809,-6.705815741356383,,-8.17294268540933,6.795147957886464,7.8656789520640435,,,,,,"Carlos Zambrano",305,407296
"Kanekoa Texeira","KCR",6.1,-4.611428760346913,,,,,-7.1776470109528185,4.927143096923828,,,,-5.2735715593610495,,,"Kanekoa Texeira",334,444427
"Blake Beavan","SEA",97,-5.8275994572237675,,-1.909999966621399,,,-9.126627365515029,4.849964210209453,6.2510468239008,,,-6.03907705453726,,,"Blake Beavan",338,518444
"Danys Baez","PHI",36,-4.060303196762547,,,,,-8.464682232029261,,7.396178702997967,,,,,,"Danys Baez",367,276056
"Bartolo Colon","NYY",164.1,-4.470849585809303,,,,,-8.822919829309834,2.3929063439369203,,,,-7.288761756533668,,,"Bartolo Colon",375,112526
"CC Sabathia","NYY",237.1,4.611268349166093,,,,,9.339513529397797,-2.1061163074987257,,,,8.929402585373712,,,"CC Sabathia",404,282332
"Jake Westbrook","STL",183.1,-6.182920991704705,,-0.14440678741972326,-7.049090992320668,,-9.569200525081566,-0.16255814530128657,2.7601106650714944,,,-8.419911822150736,,,"Jake Westbrook",412,150414
"Brian Fuentes","OAK",58.1,,,,,,10.530654949730152,-2.6213461068960338,,,,8.856762836434248,,,"Brian Fuentes",429,150118
"Dennys Reyes","BOS",1.2,,,,,,10.791936074533771,-0.4399999976158142,,,,3.3728569575718472,,,"Dennys Reyes",444,121096
"Fernando Rodney","LAA",32,-3.343214307512556,,,,,-7.745795260048586,0.7105882308062386,,,,-10.32563260235364,,,"Fernando Rodney",494,407845
"Josh Beckett","BOS",193,-5.264858477934876,,1.3748307765874648,,,-9.529644829087243,,8.059959867561005,,,-7.763832420989229,,,"Josh Beckett",510,277417
"A.J. Burnett","NYY",190.1,-3.3689395742723534,,,,,-7.551104363134862,,,4.5348479562285275,,-6.073786211840679,,,"A.J. Burnett",512,150359
"Ryan Dempster","CHC",202.1,-4.070114836911926,,-0.5330769465519831,-5.682776351001381,,-7.494104987411138,1.6663643171070033,,,,,,,"Ryan Dempster",517,133225
"Jason Grilli","PIT",32.2,-6.914837811444257,,,,,-9.687825741975203,7.786637909558355,,,,-6.557499885559082,,,"Jason Grilli",521,276351
"Brad Penny","DET",181.2,-3.697220545584305,,0.16444447305467394,-5.806567535878723,,-8.213404058475644,,4.945609901655657,,,-6.610000133514404,,,"Brad Penny",535,207267
"Octavio Dotel","- - -",54,-2.9076905988380486,,-2.5314651880508814,,,,6.311086737591287,5.957272616299716,,,,,,"Octavio Dotel",555,136734
"Brad Lidge","PHI",19.1,-4.991931915283203,,,,,-9.914999961853027,0.021779660451210152,,,,,,,"Brad Lidge",563,400058
"Scott Linebrink","ATL",54.1,-3.816590333148598,,1.1118181402033025,,-5.495000065983953,-8.341641000600962,1.9706144705831006,,,,,,,"Scott Linebrink",564,276530
"Roy Oswalt","PHI",139,-4.2871229528743315,,2.0029694003309224,,,-7.931859759307614,4.063399963378906,5.497278527368473,,6.1099998474121096,-7.0546018685867535,,,"Roy Oswalt",571,400061
"Jeremy Affeldt","SFG",61.2,7.368777804904514,,,,,10.585371017456055,,-5.808711051940918,,,7.61109874012706,,,"Jeremy Affeldt",583,346793
"Jeremy Horst","CIN",15.1,6.173802765322403,,,,,10.01837818042652,-0.8539394031871449,,,,10.914390005716463,,,"Jeremy Horst",596,456662
"Mike MacDougal","LAD",57,-5.5,,,,,-9.269662348020498,2.907686603603078,7.329999923706055,,,,,,"Mike MacDougal",612,213680
"Nelson Figueroa","HOU",29,-2.6562096995692097,,,-3.981250047683716,,,5.469336762720225,9.432333628336588,,,,,,"Nelson Figueroa",683,150153
"Jamey Wright","SEA",68.1,-4.645882101619945,,1.0187552044500454,,,-8.613417779126214,6.428936248129987,9.729166666666666,,,,,,"Jamey Wright",715,124604
"Grant Balfour","OAK",62,-1.4510933122551477,,3.1411111619737415,,,-4.770000020011526,1.4197040986732619,3.437910393102845,,,,,,"Grant Balfour",718,346797
"LaTroy Hawkins","MIL",48.1,-5.899978473622312,,,,,-9.280000305175781,1.8930487283846227,3.0183695917544155,,,-4.683333079020183,,,"LaTroy Hawkins",729,115629
"Kyle Lohse","STL",188.1,-3.276562452316284,,,,,-7.491396581064357,3.2800220050642976,6.47496867629717,,,-7.012944426359954,,,"Kyle Lohse",739,346798
"J.C. Romero","- - -",24.2,6.997272491455078,,,,,10.410177536282252,3.239113916324664,,,,7.813035420009068,,,"J.C. Romero",754,240694
"Brad Thomas","DET",11,6.811481617115162,,,,,10.907615171659977,3.0450000762939453,-6.9326666937934025,,,10.179642813546318,,,"Brad Thomas",757,346801
"Bruce Chen","KCR",155,7.816255043563529,,,,,10.84247101288606,0.0006919934274060109,-5.621570806393678,,-9.297777811686197,8.883058418347998,,,"Bruce Chen",769,136600
"Scott Downs","LAA",53.2,,,,,,10.962766579439725,,-6.342120916193182,,,12,,,"Scott Downs",773,275933
"Carl Pavano","MIN",222,-3.400469986639197,,,-3.641201899601863,,-7.035862699468085,0.6244132762052574,,,,-5.949460116299716,,,"Carl Pavano",790,134321
"Javier Vazquez","FLA",192.2,-5.313980317451585,,,,,-9.684541471711881,2.3734713148796693,8.423343608032765,,,-6.937846936677632,,,"Javier Vazquez",801,134320
"Randy Choate","FLA",24.2,9.047999572753906,,,,,10.635578754519628,-5.843856113408905,,,,,,,"Randy Choate",813,329092
"Ted Lilly","LAD",192.2,5.8559358752166375,,,,,8.823459544765296,-1.279664451377237,-4.524760537518713,,,6.759651010989311,,,"Ted Lilly",833,150404
"Mariano Rivera","NYY",61.1,-4.122692401592548,,2.4948374938964846,,,,,,,,,,,"Mariano Rivera",844,121250
"Sam Demel","ARI",25.2,-5.485495627463401,,1.1458000183105468,,,-6.967341229198425,4.199999862842345,,,,-2.133636301214045,,,"Sam Demel",868,451585
"Scott Maine","CHC",7,5.986000061035156,,2.0600001017252603,,,9.474594528610641,1.9766666094462078,-4.284999847412109,,,10.41249974568685,,,"Scott Maine",885,453186
"Alan Johnson","COL",4,-5.502500057220459,,,,,,-1.409189172693201,3.042499860127767,,,-3.879166603088379,,,"Alan Johnson",917,489567
"Tim Hudson","ATL",215,-5.235099640500498,,1.1229160853794642,-5.744035259046052,,-8.366563842194905,,8.4710996370789,,,,,,"Tim Hudson",921,218596
"Bryan Augenstein","STL",5.2,,,,,,-9.95962976526331,,3.2309523082914806,,,-8.833999633789062,,,"Bryan Augenstein",936,446248
"Barry Zito","SFG",53.2,2.1903470879820386,,-1.1422702686206714,,,5.920434951782227,,-5.375239270798703,,,6.998195048398192,,,"Barry Zito",944,217096
"Brett Myers","HOU",216,-2.506111566185346,,1.8693029101078327,,,-7.076117781096814,4.964891671737696,8.648393500760855,,,-4.96478513998488,,,"Brett Myers",962,408206
"Vicente Padilla","LAD",8.2,-5.539999907871462,,,-1.3799999952316284,,-9.649733072916666,0.6116666396458944,6.28545448996804,,6.489999771118164,-7.119999885559082,,,"Vicente Padilla",964,218894
"Randy Wolf","MIL",212.1,5.35795604399521,,0.6797632973575027,,,9.196228845509383,-0.29783331553141273,-4.1581284512430665,,-2.923333485921224,9.419848694308879,,,"Randy Wolf",976,150116
"Bronson Arroyo","CIN",199,-2.192603284195467,,1.337894740857576,,,-6.098948446707842,7.09307099853047,8.593152032382246,,,-5.102387442612688,,,"Bronson Arroyo",978,276520
"Joe Beimel","PIT",25.1,6.500232785247093,,,,,10.263999815244933,-1.3219000244140624,,,,9.338103195716595,,,"Joe Beimel",979,346847
"Aaron Thompson","PIT",7.2,5.858227886731112,,,,,9.188888973659939,1.9380645136679373,,,,7.987428283691406,,,"Aaron Thompson",999,457744
"Ryan Vogelsong","SFG",179.2,-4.669012065817528,,,,,-8.054281141332352,0.927065463959498,3.288156582376231,,,-7.937773472007509,,,"Ryan Vogelsong",1011,285064
"Jake Peavy","CHW",111.2,-5.557524567717439,,1.2907291584544711,,,-9.15828177162204,3.364658348925173,4.414054075876872,,,-6.820604421926099,,,"Jake Peavy",1051,408241
"Brett Tomko","TEX",17.2,-3.1401226769195745,,,,,-7.443749904632568,4.2083873133505545,9.149705774643841,,,-7.1109092018821025,,,"Brett Tomko",1056,123387
"Ryan Tucker","TEX",5,-5.982280530427632,,,-6.30999984741211,,-9.419230534480167,2.796875,,,,-8.097999572753906,,,"Ryan Tucker",1062,457761
"Freddy Garcia","NYY",146.2,-3.882826086403667,,,-3.011663865834865,,-6.95410483549885,2.8993437823496366,5.247671699523925,,,-7.139794726371765,,,"Freddy Garcia",1077,150119
"Joel Pineiro","LAA",145.2,-4.924605244084408,,,,,-8.599464227446168,2.35419197275181,3.7615079425630116,,,-5.783798365629921,,,"Joel Pineiro",1094,334492
"Arthur Rhodes","- - -",33,6.014120587526657,,-5.230000019073486,,,,-2.332408765806769,,,,2.1270000457763674,,,"Arthur Rhodes",1097,121125
"Rafael Soriano","NYY",39.1,-2.2153060512709546,,2.301636297052557,,,-7.210416793823242,4.0664215087890625,,,,,,,"Rafael Soriano",1100,400089
"Livan Hernandez","WSN",175.1,-5.128767740419055,,,,,-8.426294181323845,1.783828036960385,9.249650268554687,,,-7.1525289601293105,,,"Livan Hernandez",1116,115817
"Marco Estrada","MIL",92.2,-4.779941158946187,,1.0764285666601998,,,-10.805000305175781,,4.756458282470703,,,-8.464130052774705,,,"Marco Estrada",1118,462136
"Joe Nathan","MIN",44.2,-2.4880250549316405,,1.715000033378601,,,-6.9238332112630205,2.95154296875,3.4022499084472657,,,-4.609090978449041,,,"Joe Nathan",1122,150274
"Jerome Williams","LAA",44,-6.472778037742332,,-0.47477550117336975,,,-10.31199196463304,1.903124988079071,3.5471428008306596,,,-7.907856921760404,,,"Jerome Williams",1137,425532
"Tommy Hunter","- - -",84.2,-2.117152315101876,,3.6098610599835714,,,-7.2161037395526835,,7.3549419558325475,,,-5.8978480568415,,,"Tommy Hunter",1157,488984
"Jason Isringhausen","NYM",46.2,-1.8077007210167655,,2.196785820855035,,,-6.2319997687088815,,5.893262240975936,,,-7.699999809265137,,,"Jason Isringhausen",1158,116414
"Francisco Cordero","CIN",69.2,-5.613085824209687,,,,,,2.398812484741211,3.5764151519199587,,,-7.051493234763857,,,"Francisco Cordero",1243,150188
"Doug Davis","CHC",45.2,6.271965874565972,,-1.1228530400081052,,,9.133636474609375,1.4550000429153442,-5.774772875236742,,,8.943397892331614,,,"Doug Davis",1244,150277
"Colby Lewis","TEX",200.1,-2.0128642913379013,,2.2125000953674316,,,-6.935333251953125,4.00424540577589,8.203775127282304,,,-5.666429625166224,,,"Colby Lewis",1259,407890
"Chris Carpenter","STL",237.1,-4.39029732696281,,1.0616432643581082,,,-9.152429662278047,,7.285485555959302,,,-7.128795210137425,,,"Chris Carpenter",1292,112020
"Roy Halladay","PHI",233.2,,,-2.166364750732267,-15.300000190734863,,-8.837701612903226,,5.924190800681431,,,-7.009499782986111,,,"Roy Halladay",1303,136880
"Brandon Lyon","HOU",13.1,-1.32810809161212,,3.607066650390625,,,-8.667058608111214,,10.285428292410714,,,-5.358000183105469,,,"Brandon Lyon",1312,407193
"Pedro Beato","NYM",67,-5.188611607748102,,,,,-8.775946209881758,0.9912381126767114,0,4.774692047263773,,-8.647234328249668,,,"Pedro Beato",1330,474039
"Blake Wood","KCR",69.2,-8.13332759203411,,,,,-9.316667036576705,0.9436675300698796,,,,-7.00265645980835,,,"Blake Wood",1345,502028
"Nick Hagadone","CLE",11,3.6497944871040238,,-2.180000066757202,,,7.805000305175781,-2.189655172413793,,,,8.276666641235352,,,"Nick Hagadone",1351,444935
"Andrew Bailey","OAK",41.2,-1.282125998669722,,4.01000004321073,,,,,6.980930062227471,,,-6.005999755859375,,,"Andrew Bailey",1368,457732
"Charlie Furbush","- - -",85.1,6.502248496934037,,,,,9.579257805116715,-4.939050429360161,-5.4128872240093395,,,7.23948739858774,,,"Charlie Furbush",1370,518703
"Joaquín Benoit","DET",61,-6.218407298900463,,,,,-8.482933756510416,0.12119999694824218,3.690000057220459,,,-8.081406509921578,,,"Joaquin Benoit",1437,276542
"Chad Durbin","CLE",68.1,-2.569647990481954,,2.6025519848771266,,,-7.269739604539902,,6.178712324662642,,,-5.476534701810024,,,"Chad Durbin",1442,239795
"Aaron Harang","SDP",170.2,-4.614844032243497,,,,,-8.55401060943809,1.966261305250563,2.4037208734556685,,,-5.865738623252901,,,"Aaron Harang",1451,421685
"Guillermo Mota","SFG",80.1,-5.491417607174644,,,,,-8.605815553027488,2.582009604944589,,,,-8.937054266078839,,,"Guillermo Mota",1467,150407
"Jon Rauch","TOR",52,-2.3452115812917596,,1.0761666615804037,,,-6.929999828338623,3.231146856185493,7.610579780910326,,,-5.55454531582919,,,"Jon Rauch",1475,400010
"Felix Doubront","BOS",10.1,3.5287777370876734,,0.5762500166893005,,,9.75,,-1.6024999618530273,,,10.209375381469727,,,"Felix Doubront",1478,467094
"John Lackey","BOS",160,-2.9168965211108935,,2.9645925564236113,,,-6.095487154447115,0.3608333667119344,5.174334742992221,,,-7.844976434125587,,,"John Lackey",1507,407793
"Sandy Rosario","FLA",3.2,-5.455952235630581,,,,,,3.1411111619737415,,,,-6.324285779680524,,,"Sandy Rosario",1525,466459
"Michael Cuddyer","MIN",1,-6.444000244140625,,-4.833333333333333,,,,5.230000019073486,,,,-7.083333333333333,,,"Michael Cuddyer",1534,150212
"Aaron Cook","COL",97,-1.537371834119161,,,,,-5.95952429579882,2.17503191711037,5.696180688675923,,,,,,"Aaron Cook",1571,346871
"Mark Hendrickson","BAL",11,6.800648442021123,,1.9139999389648437,,,11.25555532949942,,-1.934499994913737,,,5.828461280235877,,,"Mark Hendrickson",1574,424805
"Cliff Lee","PHI",232.2,6.480679711270284,,-2.985639686684073,,,8.530215545471556,-3.9720001220703125,-7.796986033818493,,,8.476004543914097,,,"Cliff Lee",1636,424324
"Francisco Rodríguez","- - -",71.2,-1.9176470276035007,,,,,-8.059705946180555,,8.807991903336323,,,-3.7594009610365062,,,"Francisco Rodriguez",1642,408061
"Brian Tallet","- - -",13.1,6.145151383949049,,,,,10.133069331103032,0.38435896849020934,-1.6904877453315548,,,11.162221908569336,,,"Brian Tallet",1646,425226
"Luis Ayala","NYY",56,-7.181231330422794,,,,,-10.194165832299188,1.1954237081236758,3.213124990463257,,,-7.118039000268076,,,"Luis Ayala",1650,425646
"Jose Contreras","PHI",14,-3.8838296443858047,,,-5.0337038393373845,,-9.146483704283996,0.01901232460398733,,,,,,,"Jose Contreras",1660,425747
"Javier López","SFG",53,-0.6100000143051147,,,,,10.866138947315704,2.323173082791842,-3.2059154241857395,,,11.598181522253787,,,"Javier Lopez",1663,425657
"D.J. Carrasco","NYM",49.1,-2.8438393814223155,,1.0177154112397955,,,-7.617801368659269,9.150068425807824,9.420657609638415,,,-5.9859997799522,,,"D.J. Carrasco",1666,425647
"Wilfredo Ledezma","TOR",6,7.548076923076923,,,,,9.5625,-1.6278947529039884,-0.7633333206176758,,,10.438999938964844,,,"Wilfredo Ledezma",1669,425656
"Trever Miller","- - -",21.1,6.890727233886719,,,,,11.379420183706975,-4.318333279002797,,,,9.124444749620226,,,"Trever Miller",1672,119125
"Chris Capuano","NYM",186,6.65566660563151,,3.7086274390127145,,,10.53528154373169,0.22756880795190093,,,,9.473105087839887,,,"Chris Capuano",1701,425626
"Dontrelle Willis","CIN",75.2,4.315906900198349,,,,,8.645382632115844,-1.4474999564034599,-3.49416662145544,,,5.0053042204483695,,,"Dontrelle Willis",1703,425883
"Jose Valverde","DET",72.1,-6.84179795886515,,,-2.7688751220703125,,-10.956078622855392,,,,,,,,"Jose Valverde",1726,407878
"Edgar Gonzalez","COL",2,,,-5.076666514078776,,,-10.676499938964843,-0.5350000262260437,,,,-8.981111314561632,,,"Edgar Gonzalez",1727,429440
"Aaron Heilman","ARI",35.1,,,,,,-9.03633592673898,0.4960465098536292,2.161599884033203,,,-10.184670249184409,,,"Aaron Heilman",1751,408310
"Dan Haren","LAA",238.1,-5.015980376294379,,2.341106619385666,-4.796139672061991,,-8.146385691458718,,,5.3440797720382465,,,,,"Dan Haren",1757,429717
"Kevin Correia","PIT",154,-2.848175739638815,,1.1357561064929498,,,-7.0260722399478235,3.064932746301457,7.236805758542484,,,-6.392148591578007,,,"Kevin Correia",1767,429781
"Rich Harden","OAK",82.2,-5.105476598378301,,,,,-8.748332977294922,0.2685635392837103,,,,-4.69316660563151,,,"Rich Harden",1772,425848
"Sergio Mitre","- - -",38.1,-5.1900000376244115,,,,,-8.784856339232228,2.895333480834961,7.63471916284454,,,-9.565199788411459,,,"Sergio Mitre",1773,429901
"Chad Gaudin","WSN",8.1,-5.017943765515479,,,,,-9.208636197176846,7.584693752989477,,,,-8.70777808295356,,,"Chad Gaudin",1783,429985
"Kevin Gregg","BAL",59.2,-6.430289149054673,,1.007224092515416,-5.603493931781815,,-11.109999656677246,4.244999885559082,5.08384048984078,,,,,,"Kevin Gregg",1793,276514
"Michael Gonzalez","- - -",53.1,7.130970490284455,,,,,10.6394287109375,0.5896273192411624,,,,8.158333006359282,,,"Michael Gonzalez",1794,283166
"J.J. Putz","ARI",58,-3.5690789473684212,,1.2079999923706055,-4.515945846970017,,-7.3399569138948495,1.4577922077922079,,,,,,,"J.J. Putz",1795,407816
"Matt Belisle","COL",72,-2.934179091227103,,0.7878571237836566,,,-6.244666883680556,2.894746239505597,8.133855245199548,,,-2.496818195689808,,,"Matt Belisle",1837,279571
"Edwin Jackson","- - -",199.2,-4.317513961313827,,,,,-8.323839460100446,-0.7214995100884763,1.1895876225736952,,,-8.453722797171043,,,"Edwin Jackson",1841,429719
"John Grabow","CHC",62.1,5.635767678653493,,,,,,-1.5808865161652261,,,,9.844359929173875,,,"John Grabow",1848,346848
"Ryan Madson","PHI",60.2,-8.064379169993156,,-2.3227659184881984,,,-10.397058823529411,-1.6050000190734863,,,,-9.848134825353593,,,"Ryan Madson",1852,425492
"Shawn Camp","TOR",66.1,-5.427499771118164,,,,,-9.040343581989248,8.015650024414063,,,,-7.819125942416958,,,"Shawn Camp",1855,425861
"Michael Wuertz","OAK",33.2,-5.074978122463474,,,,,,0.5663563748623462,,,,-4.710000124844638,,,"Michael Wuertz",1856,430900
"Wilson Valdez","PHI",1,-7.869999885559082,,,,,,,9.239999771118164,,,-9.334286281040736,,,"Wilson Valdez",1863,407832
"Darnell McDonald","BOS",1,-1.4666666984558105,,-0.4969230798574594,,,,,,,,-1.1775000095367432,,,"Darnell McDonald",1867,150021
"Sean Burnett","WSN",56.2,5.314999898274739,,,,,10.64770548707077,-2.958799874441964,,,,9.786762484543615,,,"Sean Burnett",1886,430634
"Matt Moore","TBR",9.1,9.724594528610641,,,,,11.868999767303468,,,-3.1716666221618652,,10.383333206176758,,,"Matt Moore",1890,519043
"Jason Frasor","- - -",60,-3.7161693778089298,,,,,-4.848250102996826,3.4465414635220863,,,,-6.315105076840049,,,"Jason Frasor",1906,430630
"Scott Proctor","- - -",40.1,-3.4147474500868054,,,,,-8.932368629857114,2.708757767766159,5.366666911560812,,,,,,"Scott Proctor",1911,429984
"Matt Thornton","CHW",59.2,2.5348590976195715,,-0.021604897063455464,,,7.045500183105469,-0.7461666742960612,,,,,,,"Matt Thornton",1918,407819
"Brian Bruney","CHW",19.2,-3.3117436853592084,,,,,-7.600000381469727,2.3039130611696104,,,,-7.510217417841372,,,"Brian Bruney",1929,430663
"Frank Francisco","TOR",50.2,-3.6830781006728204,,,-5.23476747024891,,-7.6486668904622395,0.8549999594688416,4.278522838245738,,,,,,"Frank Francisco",1933,407911
"Mike Adams","- - -",73.2,-4.295403142129222,,,,,-8.82191898846867,3.2351664257502972,9.755087869209156,,,-8.583750009536743,,,"Mike Adams",1937,430606
"Justin Germano","CLE",12.2,-7.206841719777961,,,,,-8.109999979823089,2.986666679382324,7.200937271118164,,,-9.173125267028809,,,"Justin Germano",1938,430683
"Zack Greinke","MIL",171.2,-2.3144814648251666,,2.664285659790039,,,-7.144647507440476,4.7400826446280995,7.035544402689873,,5.74000004359654,-7.420612444196428,,,"Zack Greinke",1943,425844
"Raul Valdes","- - -",12,6.05058827119715,,,,,10.034327286940355,,-1.6329032323693717,,,6.825000047683716,,,"Raul Valdes",1953,447744
"Justin Berg","CHC",12,,,,,,-8.154189651076859,0.6936000061035156,1.9866666793823242,,,,,,"Justin Berg",1973,448753
"Josh Judy","CLE",14,-6.9167949969951925,,,,,,3.7248485834911618,,,,,,,"Josh Judy",1975,518865
"Cory Luebke","SDP",139.2,4.385580512543934,,,,,7.401513671875,-1.2957954406738281,-0.6351764678955079,,,9.020695939848695,,,"Cory Luebke",1984,458537
"Iván Nova","NYY",165.1,-4.708639710228723,,,,,-6.515509039954802,-1.224000024013832,5.249631154306743,,,-8.421742850487385,,,"Ivan Nova",1994,467100
"Tim Byrdak","NYM",37.2,4.801009544959435,,,,,8.380819351946721,-3.1746031746031744,,,,8.605999755859376,,,"Tim Byrdak",1995,136263
"Buddy Carlyle","NYY",7.2,-3.3006666395399304,,,,,-7.622778150770399,0.980212759464345,,,,-5.765999984741211,,,"Buddy Carlyle",2010,234194
"Clayton Kershaw","LAD",233.1,1.3854102428630821,,,,,,-3.8990837225034918,-1.8872826617697012,,,6.8114166259765625,,,"Clayton Kershaw",2036,477132
"Justin Masterson","CLE",216,-6.516815823110657,,,,,-9.118239386185357,3.934908791439528,,,,-6.881851761429398,,,"Justin Masterson",2038,475416
"Jorge De La Rosa","COL",59,8.155133463541667,,,8.200260658689592,,,1.3882258015294229,-4.804285830543154,,,,,,"Jorge De La Rosa",2047,407822
"Matt Guerrier","LAD",66.1,-2.5043285710667327,,1.4887464039685718,,,-6.268437963332573,,4.560770670572917,,,-5.358499908447266,,,"Matt Guerrier",2061,407825
"Jose Veras","PIT",71,,,,-8.839069691739342,,-8.278516438802084,9.279999732971191,8.582583088520146,,,,,,"Jose Veras",2063,407842
"Jeremy Guthrie","BAL",208,-3.858234542864402,,-1.2279166479905446,,,-7.391009615464941,4.414930469459957,7.468178758225121,,,-5.85223194067029,,,"Jeremy Guthrie",2072,425386
"Chien-Ming Wang","WSN",62.1,-4.118888854980469,,,-7.626885085809426,,-8.629600451777156,-0.005864654268537249,5.068596555475603,,,,,,"Chien-Ming Wang",2074,425426
"Willie Eyre","BAL",18.1,-2.551284370072391,,1.376818136735396,,,-7.27333386739095,3.392096734816028,4.669411603142233,,,-3.940000057220459,,,"Willie Eyre",2078,425466
"Heath Bell","SDP",62.2,-2.128811456888867,,,,,-6.0601492355118936,,3.4762459643631702,,,-8.468000030517578,,,"Heath Bell",2080,425514
"Chris Narveson","MIL",161.2,5.937725845849483,,1.3018124461174012,,,8.64880651505864,,-1.4403779007667719,,,8.18560818866291,,,"Chris Narveson",2141,429780
"Yhency Brazoban","ARI",6,-6.5036988976883565,,,,,-9.227142333984375,2.770312547683716,,,,,,,"Yhency Brazoban",2150,430674
"Alfredo Simon","BAL",115.2,-4.393427387494069,,1.4296428680419921,-5.648662625112794,,-8.208058734968597,,7.04818395855783,,,,-0.18000000715255737,,"Alfredo Simon",2155,430580
"Taylor Buchholz","NYM",26,-1.2455644915180821,,,,,-7.839456309442935,,7.334132028910928,,,-8.164615337665264,,,"Taylor Buchholz",2168,430587
"Chad Qualls","SDP",74.1,,,,,,-9.013964998025276,2.0336659159295243,,,,-7.317600250244141,,,"Chad Qualls",2170,430589
"Steve Edlefsen","SFG",11.1,,,,,,-8.54958855124081,3.1580358232770647,,,,-7.980000305175781,,,"Steve Edlefsen",2185,453580
"Joel Hanrahan","PIT",68.2,-7.177975890456989,,,,,-11.154545177112926,0.1210857173374721,,,,,,,"Joel Hanrahan",2186,430629
"Blaine Boyer","NYM",6.2,-5.007646897259881,,,,,-8.687037338445217,0.9860000610351562,6.590000152587891,,,-9.177777608235678,,,"Blaine Boyer",2237,430641
"Brandon Gomes","TBR",37,-5.324497539403657,,,-6.186129006006384,,-8.288373745553862,6.337812423706055,7.827999877929687,,,,,,"Brandon Gomes",2267,460156
"Joel Peralta","TBR",67.2,-3.9888503443488674,,2.384166717529297,-4.573675947227025,,,,6.321105314555921,,,,,,"Joel Peralta",2332,407908
"Randy Williams","BOS",8.1,6.62418212890625,,,,,10.67780029296875,2.20999996478741,-2.181666851043701,,,11.449999809265137,,,"Randy Williams",2362,430942
"Andrew Brackman","NYY",2.1,-1.9911763808306526,,1.6841667493184407,,,,4.693332990010579,10.052726745605469,,,,,,"Andrew Brackman",2365,457581
"Brian Gordon","NYY",10.1,-1.4801851908365886,,1.3158490162975383,,,,3.2606664021809895,6.2445831298828125,,,-3.2925000190734863,,,"Brian Gordon",2374,430950
"Jose Ceda","FLA",20.1,-2.1989950055453047,,,,,,3.2371187371722723,,,,-5.63205898509306,,,"Jose Ceda",2377,469167
"Anthony Varvaro","ATL",24,-1.9186207270713602,,,,,,,4.641573102286692,,,-6.337037263093172,,,"Anthony Varvaro",2385,460008
"Barry Enright","ARI",37.2,-6.147371651785714,,,,,-8.967856527376576,2.50796310989945,5.9007143293108255,,,-8.053064653950353,,,"Barry Enright",2412,446264
"Corey Kluber","CLE",4.1,-3.501153799203726,,,,,-7.48357173374721,2.7596153846153846,4.801333109537761,,,-6.946249961853027,,,"Corey Kluber",2429,446372
"Andrew Carignan","OAK",6.1,-2.6318445298278217,,2.6433334350585938,,,,8.465262965152139,,,,-6.326666514078776,,,"Andrew Carignan",2431,446398
"Todd Coffey","WSN",59.2,-5.956888834635417,,,,,-9.177861777119253,1.4315045674641926,,,,-9.012000274658202,,,"Todd Coffey",2467,434298
"Mark DiFelice","MIL",3,-5.771428789411273,,,,,,0.5983333133515858,4.820000012715657,,,,,,"Mark DiFelice",2468,442707
"Lance Lynn","STL",34.2,-3.5119138288726077,,,,,-7.147249755859375,2.687999886274338,5.380645136679372,,,-6.820000139872233,,,"Lance Lynn",2520,458681
"Mason Tobin","TEX",5.1,-3.0922143118722096,,,,,-7.860411400888481,3.452499771118164,,,,-9.056610955132378,,,"Mason Tobin",2534,474226
"Eric Surkamp","SFG",26.2,6.474806109678398,,,,,8.530294081744026,-0.2359574500550615,-4.556386739266019,,,10.341129426033266,,,"Eric Surkamp",2540,474668
"Juan Pablo Perez","PHI",5,4.881666819254558,,,,,8.412285505022322,-6.044418689816497,,,,,,,"Juan Pablo Perez",2557,448722
"Joe Paterson","ARI",34,9.468115566539115,,,,,10.047195733762255,-9.383017365828804,,,,10.568397158668155,,,"Joe Paterson",2565,519110
"Bryan Petersen","FLA",1,-3.6790000915527346,,-0.4480000019073486,,,,4.630000114440918,,,,-6.385000228881836,,,"Bryan Petersen",2567,519128
"Enrique Gonzalez","DET",9,-2.531086963155995,,,,,-6.885000228881836,1.4977611712555388,1.1442857469831194,,,-7.052499771118164,,,"Enrique Gonzalez",2568,434619
"Robinson Tejeda","KCR",7.1,-5.481851648401331,,,,,-8.657618931361608,1.5842857360839844,,,,-2.963725669711244,,,"Robinson Tejeda",2575,434565
"Wandy Rodriguez","HOU",191,4.005907719678218,,-0.540000003317128,,,9.607707988225286,,-3.58624673074849,,,8.676818054991884,,,"Wandy Rodriguez",2586,434643
"Jhoulys Chacín","COL",194,-1.1724173817108179,,2.527610481559456,,,-5.665854023020462,6.200194580444153,6.807878898851799,,,-2.9441665837794173,,,"Jhoulys Chacin",2608,468504
"Scott Atchison","BOS",30.1,-4.670754774561468,,,,,-8.690000534057617,3.7103588976667603,4.9144116569967835,,,-4.765000343322754,,,"Scott Atchison",2642,425786
"Brian Matusz","BAL",49.2,2.467282767917799,,-0.8116470336914062,,,8.279000091552735,-2.282800048828125,-5.274000133167614,,,3.5558220850278253,,,"Brian Matusz",2646,451085
"Brett Cecil","TOR",123.2,4.123310891388229,,-0.9446666717529297,,,7.852741856728831,0.23424778153411055,0.9666666984558105,,,6.536456392408433,,,"Brett Cecil",2660,446399
"Joba Chamberlain","NYY",28.2,-3.577366204909336,,,,,,2.206692913385827,5.899607938878677,,,-7.810000610351563,,,"Joba Chamberlain",2692,501955
"Rick Porcello","DET",182,-6.457717084654288,,,,,-9.871800915948276,0.8370143972712455,5.417368437114515,,,-8.180797609508547,,,"Rick Porcello",2717,519144
"Brian Sanches","FLA",61.2,-1.791172828203366,,,,-5.446944342719184,-6.902926747391864,3.9367785357788905,7.415000152587891,,,7.690000057220459,,,"Brian Sanches",2739,430083
"Bobby Cramer","OAK",8.1,1.8102380661737352,,-1.3040624856948853,,,,-3.200000047683716,-6.240555657280816,,,3.9599997202555337,,,"Bobby Cramer",2744,450864
"Joel Carreno","TOR",15.2,-3.9614706600413605,,,,,-9.007931413321659,5.547521346654648,,,,-9.630000432332357,,,"Joel Carreno",2746,468528
"Carlos Marmol","CHC",74,-5.484485973011363,,-0.6619999885559082,,,-9.355000178019205,3.6227979316086065,,,,1.2200000286102295,,,"Carlos Marmol",2790,461791
"Joe Savery","PHI",2.2,0.7217647328096277,,,,,,-2.3266666730244956,,,,,,,"Joe Savery",2835,456045
"John Gaub","CHC",2.2,6.462174125339674,,,,,-0.5899999737739563,-0.6046428680419922,,,,-1.9700000286102295,,,"John Gaub",2857,453304
"Daniel Moskos","PIT",24.1,4.728224424558265,,,,,9.345759765625,0.8680808327414773,,,,8.37047613234747,,,"Daniel Moskos",2858,446290
"Ross Detwiler","WSN",66,6.0514287868467695,,,,,9.398622261955245,-0.46736000061035154,,,,7.484393611098781,,,"Ross Detwiler",2859,446321
"Santiago Casilla","SFG",51.2,-5.839922291363856,,,,,-8.761729576635256,1.4345342031917216,,4.4958490335716395,,,,,"Santiago Casilla",2873,433586
"Juan Carlos Oviedo","FLA",64.1,-5.871803301558841,,,,,-8.803396548864976,0.248021974668398,,,,-10.018494308635752,,,"Juan Carlos Oviedo",2886,434663
"Zach McAllister","CLE",17.2,-5.696451822916667,,,,,-8.949642726353236,-0.6332394774530975,3.4614814475730613,,,-9.798636696555398,,,"Zach McAllister",2895,502083
"Jeff Locke","PIT",16.2,5.431666480170356,,,,,7.331459828969595,,,-4.349761962890625,,6.103125254313151,,,"Jeff Locke",2929,502046
"Eduardo Sanchez","STL",30,-1.9145890327349102,,,,,-4.820384685809795,7.924183166104983,,,,-3.892500162124634,,,"Eduardo Sanchez",2966,500674
"Sean Green","MIL",11.2,-4.849999769678655,,,,,-7.837032779232486,,10.085489908854166,,,-5.309999942779541,,,"Sean Green",3001,434958
"Bruce Billings","- - -",7,-2.9261290437431744,,1.0950000584125519,,,-6.877856935773577,2.552187502384186,1.4700000286102295,,,-4.001111136542426,,,"Bruce Billings",3044,501852
"Anthony Slama","MIN",2.1,-5.9188232421875,,,,,-8.306190854027157,,5.017333475748698,,,,,,"Anthony Slama",3064,460104
"Kenley Jansen","LAD",53.2,-2.208048750714558,,1.2856249809265137,,,,3.058861709222561,,,,-5.7133331298828125,,,"Kenley Jansen",3096,445276
"Doug Slaten","WSN",16.1,5.459125137329101,,,,,10.314936770668513,-5.182948577098357,,,,7.427428327287946,,,"Doug Slaten",3107,460657
"Duane Below","DET",29,4.381313797331204,,-1.135106330222272,,,8.906363747336648,-0.48670885834512834,,,,8.221230844350961,,,"Duane Below",3124,502102
"Luis Mendoza","KCR",14.2,-2.814392660265771,,1.4785714830671037,,,-6.3504255578873,4.000833511352539,,,,-4.356470444623162,,,"Luis Mendoza",3126,434669
"Graham Godfrey","OAK",25,-3.157205778009751,,-0.3910714217594692,,,-9.02000003390842,2.285576893733098,5.157435918465639,,,-5.000624924898148,,,"Graham Godfrey",3128,453232
"Tony Watson","PIT",41,,,,,,10.826611731663224,2.6496922419621396,,,,12.50394720780222,,,"Tony Watson",3132,453265
"Max Scherzer","DET",195,-7.0085359555351525,,-3.638571330479213,,,-11.243823780732995,1.9201833089192708,,,,-9.052656677691607,,,"Max Scherzer",3137,453286
"Tim Collins","KCR",67,2.94834010312915,,-1.8833333651224773,,,,,-4.281528945796746,,,4.472610608666344,,,"Tim Collins",3164,525768
"Clayton Mortensen","COL",58.1,-5.149736805966026,,,,,-8.67308909422273,-1.3123699695388706,,,,-8.743420851858039,,,"Clayton Mortensen",3166,489150
"David Price","TBR",224.1,8.234874615540853,,1.9577580244939947,,,12.21869150797526,2.6977272033691406,,-3.5723905424334914,,10.605569243719733,,,"David Price",3184,456034
"Chris Young","NYM",24,-3.527109384536743,,,,,,1.7495384803185097,0.1500000556310018,,,-4.368695687556612,,,"Chris Young",3196,432934
"Ervin Santana","LAA",228.2,-4.066559259792626,,,,,-8.988965264682111,4.2537747039098175,,,,-5.911456358085558,,,"Ervin Santana",3200,429722
"Francisco Liriano","MIN",134.1,6.242258106081289,,,,,9.559279364508551,0.47618402794655273,-0.643333355585734,,,10.008863726529208,,,"Francisco Liriano",3201,434538
"Jose G. Valdez","HOU",14,-6.288052989318308,,,,,-8.853255870730377,0.0731313300855232,,,,-5.983333587646484,,,"Jose G. Valdez",3217,451990
"Josh Stinson","NYM",13,-4.342743460056001,,,,,-6.637647292193244,2.4571211843779595,7.512142726353237,,,-8.411110772026909,,,"Josh Stinson",3219,502139
"Zack Britton","BAL",154.1,6.408305459393713,,,,,9.923745793770868,0.539397459763747,,,,8.406772506571262,,,"Zack Britton",3240,502154
"Josh Roenicke","COL",16.2,-1.7669090964577414,,,,,-5.49122463926977,2.989594536858636,2.6289474085757605,,,-4.279999732971191,,,"Josh Roenicke",3241,502158
"Jeff Samardzija","CHC",88,-6.36163945018797,,-4.346250057220459,-6.950833051632612,,-9.587717792775372,1.63598711737271,,,,-9.190000534057617,,,"Jeff Samardzija",3254,502188
"Juan Gutierrez","ARI",18.1,-3.4499998974199055,,,,,-7.142577495771585,,5.621730511005108,,,-8.495333353678385,,,"Juan Gutierrez",3265,434641
"Jordan Walden","LAA",60.1,-6.99725341796875,,,,,,3.3702959591115014,,,,-8.232812881469727,,,"Jordan Walden",3271,477229
"Roberto Hernandez","CLE",188.2,-4.318870954616095,,,,,-9.085832571476065,1.207074429126496,,,,-7.69940185546875,,,"Roberto Hernandez",3273,433584
"Joe Smith","CLE",67,-11.235735724954043,,,,,-10.172821606595091,7.441934554303279,,,,,,,"Joe Smith",3281,501925
"Nate Adcock","KCR",60.1,-4.526216077374983,,,,,-8.659584811681222,1.514369708149373,,2.6822680837100314,,-7.030605986624053,,,"Nate Adcock",3282,502264
"Hiroki Kuroda","LAD",202,-3.389495203962447,,,-4.568050856522566,,-8.245259365900582,1.457545004187551,3.4463916456842996,,,,,,"Hiroki Kuroda",3283,493133
"Aníbal Sánchez","FLA",196.1,-0.8570649629212566,,3.3289998372395835,-4.918941073947483,,-6.2973039680887535,3.5348006773910634,5.79928284907246,,,-1.896666685740153,,,"Anibal Sanchez",3284,434671
"Hector Noesí","NYY",56.1,-6.870057722178015,,,,,-9.173333583733974,0.4268020300695739,3.033281236886978,,,-7.934321273992091,,,"Hector Noesi",3292,456051
"Chris Hatcher","FLA",10.1,-2.4591666327582464,,,-8.263870731476814,,-5.680399780273437,2.9319354641822075,,,,,,,"Chris Hatcher",3299,501822
"Alberto Castillo","ARI",11.2,,,,,,9.508500262004572,-0.4281643906684771,,,,12.172381446475075,,,"Alberto Castillo",3316,441368
"Darren O'Day","TEX",16.2,-5.5853247704444,,,,,-4.739666748046875,6.237830395968455,,,,-3.75,,,"Darren O'Day",3321,503285
"Jairo Asencio","ATL",10.1,-5.794222005208334,,,,,-8.149999867314877,1.9034374952316284,,,,-6.595085014731197,,,"Jairo Asencio",3332,446003
"Matt Garza","CHC",198,-3.607407281780089,,,,,-7.065502183406114,1.4700663842320125,3.6697355401579035,,,-7.42548412871151,,,"Matt Garza",3340,490063
"Mitchell Boggs","STL",60.2,-6.565737051792829,,-3.617142813546317,,,-9.735795164419935,3.5712381998697915,,,,-7.5288891262478295,,,"Mitchell Boggs",3344,459939
"Cesár Ramos","TBR",43.2,7.863378576330237,,,,,10.497005988023952,0.8977192661218476,-3.0826606400516057,,,10.999615009014423,,,"Cesar Ramos",3357,459987
"Jeff Stevens","CHC",7,-0.5990217043005902,,,,,,4.73576912513146,3.301071439470564,,,,,,"Jeff Stevens",3367,459999
"Ubaldo Jiménez","- - -",188.1,-4.264340969884819,,0.5448000049591064,-5.463897047153555,,-7.851046255506608,4.037245988845825,6.272046897843567,,,-8.425000190734863,,,"Ubaldo Jimenez",3374,434622
"Ricky Romero","TOR",225,3.4077078683035715,,-1.3870731446801163,,,8.33773888584492,-1.3842857360839844,-3.6487456973236387,,,7.134966344641359,,,"Ricky Romero",3403,460069
"Brian Burres","PIT",14,5.023152669270833,,,,,7.891924300283756,-0.797879981994629,-5.224750110081264,,,6.656866836547851,,,"Brian Burres",3425,434638
"Kevin Whelan","NYY",1.2,-0.8505714416503907,,,,,,1.2000000476837158,,,,-4.290000098092215,,,"Kevin Whelan",3462,460128
"Jeff Fulchino","- - -",34.2,-3.0298621342099947,,,,,-6.803761613478354,4.249754264706471,,,,-4.880970853046306,,,"Jeff Fulchino",3532,445246
"Danny Duffy","KCR",105.1,4.777896068135246,,,,,8.392127936613475,-2.8976315950092517,-5.023316647346477,,,9.445600142045455,,,"Danny Duffy",3542,518633
"Clay Buchholz","BOS",82.2,-3.656980652740036,,1.4183648067450374,,,-7.616246388056507,,7.817660504614401,,,-2.0826582123961628,,,"Clay Buchholz",3543,453329
"Liam Hendriks","MIN",23.1,-3.3692454212116747,,,,,-7.917317212112551,3.210375213623047,6.3497366654245475,,,-5.99310355350889,,,"Liam Hendriks",3548,521230
"Clayton Richard","SDP",99.2,8.042060276970792,,,,,9.763757253657875,1.5361979802449544,-0.26622642661040685,,,8.42703699182581,,,"Clayton Richard",3551,453385
"C.J. Wilson","TEX",223.1,4.92957771253882,,0.19900844268154996,,,9.961852594470301,-0.2041873421402163,-3.185028364617793,,,8.32129160563151,,,"C.J. Wilson",3580,450351
"Rommie Lewis","TOR",5,4.666153834416316,,-0.41206895894017714,,,9.90141170726103,-2.4049998692103793,,,,6.059999942779541,,,"Rommie Lewis",3588,451650
"David Pauley","- - -",74,-6.289404732840402,,,,,-9.52262146125132,2.4165000279744464,8.199576426360567,,,-8.262294612518728,,,"David Pauley",3625,456102
"Josh Kinney","CHW",17.2,-1.899999976158142,,,,,-9.081086531929348,1.2231111314561631,5.82810809161212,,,,,,"Josh Kinney",3638,448337
"Kyle Davies","KCR",61.1,-5.854441470607987,,0.6213982792223914,,,-9.062578986672793,,7.404843648274739,,,-9.463917871664838,,,"Kyle Davies",3642,434678
"Trystan Magnuson","OAK",14.2,-4.1309232271634615,,,,,-6.990555657280816,2.1559183548907845,,,,-5.994999885559082,,,"Trystan Magnuson",3646,518972
"Jim Johnson","BAL",91,-4.398206829202586,,,,,-8.174610643262987,,3.316746060810392,,,-8.391346271221455,,,"Jim Johnson",3656,462382
"Logan Ondrusek","CIN",61.1,-3.349461205479272,,1.7174447718478905,,,-7.330985915492958,3.797999954223633,4.7049205315806875,,,-0.18946666717529298,,,"Logan Ondrusek",3677,446185
"Jesse Litsch","TOR",75,-4.286285749162946,,-0.7452127984229554,,,-7.881217703168242,1.8736887115566463,5.270526417514734,,,-4.357984498489735,,,"Jesse Litsch",3688,446209
"Skip Schumaker","STL",1,-7.344000244140625,,,,,,,,,,-8.272727272727273,,,"Skip Schumaker",3704,435401
"Brandon League","SEA",61.1,-5.152143205915179,,,-5.0250371676772385,,-9.94991463382228,1.0807407520435475,,,,,,,"Brandon League",3731,434181
"Everett Teaford","KCR",44,6.47137451171875,,,,,11.12549991607666,-1.2333962302537833,-3.7418666585286458,,,7.014186060705851,,,"Everett Teaford",3732,501870
"Cesar Jimenez","SEA",6.2,7.185217373612998,,,,,9.78499984741211,1.4582353479721968,4.289999961853027,,,9.519332885742188,,,"Cesar Jimenez",3762,462945
"Brian Broderick","WSN",12.1,,,,,,-9.476752387152779,,7.6022499084472654,,,-9.724847966974432,,,"Brian Broderick",3773,518495
"Tim Wood","PIT",8,-4.467777676052517,,,,,-7.708593845367432,1.0211765064912683,,,,,,,"Tim Wood",3775,445971
"Felipe Paulino","- - -",139.1,-6.058502275688182,,,,,-8.439614172335025,-0.25878285306453047,2.208848966969003,,,-5.408150385884405,,,"Felipe Paulino",3777,462956
"Chris Resop","PIT",69.2,-4.167855904684754,,,,,-5.562700404202874,0.621999979019165,3.638142340739254,,,-6.20705862606273,,,"Chris Resop",3799,434592
"Mat Latos","SDP",194.1,-1.1937837342958193,,1.5285652492357338,-0.7515384233914889,,-5.320327259130982,2.9773616363920787,3.8391998697916665,,,-2.9715492355991415,,,"Mat Latos",3815,502009
"Ricky Nolasco","FLA",206,-4.124777311061716,,0.03684210777282715,-5.53442523123204,,-8.344276747136254,2.2627510160324316,9.062292142238665,,,-7.1299997965494795,,,"Ricky Nolasco",3830,445060
"Zach Duke","ARI",76.2,4.800364578386208,,,,,10.355414333113705,-0.2406944433848063,-3.356216293197494,,,9.182009402836595,,,"Zach Duke",3840,435043
"Rubby De La Rosa","LAD",60.2,-7.027829563871343,,,,,-9.103218429390042,4.008318403125864,5.1121431078229636,,,-7.52848515366063,,,"Rubby De La Rosa",3862,523989
"Shane Lindsay","CHW",6,-4.611836647500797,,0.6442856788635254,,,-7.122459036404969,,3.690833409627279,,,-7.2614288330078125,,,"Shane Lindsay",3881,469834
"Gavin Floyd","CHW",193.2,-5.0258407461490835,,-0.899427236969938,,,-8.389515866515456,,7.447200279814799,,,-7.008720001220703,,,"Gavin Floyd",3886,425856
"Jason Bulger","LAA",9.1,-5.179024300924161,,,,,-8.976000213623047,3.732371222112597,,,,-7.2754166920979815,,,"Jason Bulger",3915,408072
"Frankie De La Cruz","MIL",13,-2.9056736290032137,,,,,,-0.9254545731977983,1.8376471575568705,,,-4.835312366485596,,,"Frankie De La Cruz",3920,448842
"Jose Ascanio","PIT",6.1,-4.977499961853027,,,,,-8.466065453701331,,4.8700002034505205,,,-8.215333557128906,,,"Jose Ascanio",3951,448857
"David Carpenter","HOU",27.2,-5.129355892747724,,,,,-9.969999313354492,4.5447825556216035,,,,-4.730000019073486,,,"David Carpenter",3959,502304
"Edward Mujica","FLA",76,-5.826770133615654,,,-7.548594650712985,,-8.427215189873417,3.16972601903628,,,,,,,"Edward Mujica",3970,465629
"Edinson Volquez","CIN",108.2,-3.523516465365356,,,,,-7.4280859375,,,6.342977594796836,,-6.289862898284314,,,"Edinson Volquez",3990,450172
"Josh Outman","OAK",58.1,5.111946650913784,,,,,8.85516123617849,-5.211837686074746,-5.144000244140625,,,7.050987384937428,,,"Josh Outman",4004,489189
"Héctor Santiago","CHW",5.1,6.3126088018002715,,,,,8.145625114440918,,-5.114999771118164,,,,8.875238327752976,,"Hector Santiago",4026,502327
"Dan Cortes","SEA",10.2,-5.689741463496767,,,,,-8.97999996609158,2.9338461068960338,,,,,,,"Dan Cortes",4027,451135
"Brian Duensing","MIN",161.2,6.324281721848708,,,,,10.38215271044115,1.437031219402949,-1.522845208395475,,,10.662506560863527,,,"Brian Duensing",4064,488846
"Alex Burnett","MIN",50.2,-3.21163425762693,,,,,-7.256243555678934,3.884269800079003,5.719215542662377,,,-5.067500114440918,,,"Alex Burnett",4065,488751
"Pedro Strop","- - -",22,-2.8683333623976934,,,,,-9.25555525885688,4.131933186848959,,,,-3.65625,,,"Pedro Strop",4070,467008
"Rafael Perez","CLE",63,3.4348023908411562,,,,,,3.47101922994146,,,,7.42741935483871,,,"Rafael Perez",4078,460370
"Junichi Tazawa","BOS",3,-5.6640625,,,,-5.696249961853027,,,7.322142464773996,,,,,,"Junichi Tazawa",4079,547749
"Dan Runzler","SFG",27.1,4.404999732971191,,,,,9.46760485249181,-0.4391966110620743,,,,,,,"Dan Runzler",4080,502130
"James Russell","CHC",67.2,4.315565100381541,,0.35527781314320034,,,9.028999938964844,-2.1300513634314906,-3.753076773423415,,,5.932440810316191,,,"James Russell",4089,460701
"Luke Gregerson","SDP",55.2,-3.5195833841959634,,0.5116666555404663,,,-7.414138961624313,-0.056975806913068215,,,,-3.5802379789806547,,,"Luke Gregerson",4090,502381
"Carlos Villanueva","TOR",107,-2.6535402198436397,,,,,-7.788048534858517,2.673782935509315,6.533722060678251,,7.112666575113932,-4.597298189720012,,,"Carlos Villanueva",4138,453646
"Jose Mijares","MIN",49,7.914884135472371,,,,,10.96744200240734,-6.033344979121767,,,,7.045365496379573,,,"Jose Mijares",4140,467726
"Derek Holland","TEX",198,4.711666742960612,,,,,11.061497873036648,2.999614333125803,-9.364999771118164,-1.866957801496479,,10.016094501201923,,,"Derek Holland",4141,502706
"Jake Arrieta","BAL",119.1,-3.161055501302083,,,,,-7.363517583802689,4.654028669084822,7.83392596098543,,,-6.274670629444237,,,"Jake Arrieta",4153,453562
"Rafael Dolis","CHC",1.1,-6.567143031529018,,,,,-9.80666732788086,3.926666577657064,,,,,,,"Rafael Dolis",4185,503569
"Enerio Del Rosario","HOU",53,-4.755025540865384,,,,,-8.681992146978734,4.404151004815252,,,,-7.498032866931353,,,"Enerio Del Rosario",4204,491688
"Lance Pendleton","- - -",18.2,-2.1602469550238714,,-0.405897427827884,,,-5.860681815580889,-0.21739128361577573,5.38431809165261,,,-7.103529313031365,,,"Lance Pendleton",4214,459983
"Armando Galarraga","ARI",42.2,,,,,,-8.513624357697148,-0.02918918344505045,,,,-9.01869599715523,,,"Armando Galarraga",4222,451482
"Wilton Lopez","HOU",71,-3.3418954088796977,,,-4.510446379905523,,-7.728029391050838,3.724772713401101,,,,,,,"Wilton Lopez",4227,446641
"Jered Weaver","LAA",235.2,-0.8772534756710982,,3.0830415646601383,,,-5.422563850035411,4.209574112633076,5.40150798817791,,,-4.4585823967686675,,,"Jered Weaver",4235,450308
"Brad Lincoln","PIT",47.2,-4.46689530914905,,,,,-8.539282182757363,,8.289629448784723,,,-5.217011440759418,,,"Brad Lincoln",4241,453184
"Micah Owings","ARI",63,-1.1558024716475372,,1.5618213509366274,,,-5.736190432593936,2.9581819014115767,,,,-2.9361290470246346,,,"Micah Owings",4253,452249
"David Huff","CLE",50.2,4.281827415528973,,3.540909160267223,,,4.498868000582329,-0.5450000233120389,-0.9129729399809966,,,6.621838415370268,,,"David Huff",4257,453307
"David Hernandez","ARI",69.1,-5.896604994014201,,,,,-8.277857462565104,,7.393333351219093,,,-5.075571550641741,,,"David Hernandez",4259,456696
"Mark Melancon","HOU",74.1,-2.67549474188622,,2.3425833808051215,-4.793142700195313,,-6.936666488647461,,,2.5905000813802084,,,,,"Mark Melancon",4264,453343
"Nick Blackburn","MIN",148.1,-2.439811274690448,,2.33924856902547,,,-7.123463753231167,,4.384568674495807,,,-6.136291689423442,,,"Nick Blackburn",4270,448147
"Matt Albers","BOS",64.2,-3.534000015258789,,,,,-9.255634289253049,1.3875548742407915,5.760624885559082,,,-7.295999908447266,,,"Matt Albers",4300,458006
"Tyler Chatwood","LAA",142,-4.855878806491309,,,,,-8.025147643569827,1.9585714067731586,2.966557516435687,,,-5.198159405058878,,,"Tyler Chatwood",4338,543022
"Lance Cormier","LAD",13.2,,,1.6213610045303255,,,-7.928780904630336,,5.891052781489858,,,,,,"Lance Cormier",4346,433578
"Kyle Drabek","TOR",78.2,-3.198014962985721,,0.946444435119629,,,-7.499769215220392,1.3718181956898083,2.764,,,-8.284090793494022,,,"Kyle Drabek",4359,475138
"Craig Breslow","OAK",59.1,5.7918732832762965,,,,,7.104545593261719,-0.1751709473438752,-6.738749980926514,,,6.423378196922508,,,"Craig Breslow",4363,444520
"Joe Saunders","ARI",212,6.528745589717742,,,,,10.180322108284104,0.22926573319868607,-2.5881508881191038,,,9.237797819225994,,,"Joe Saunders",4366,434578
"Jeremy Hellickson","TBR",189,-3.8745346232009594,,1.0512499809265137,,,-7.45373291015625,,9.270351032098642,,,-4.339208494460703,,,"Jeremy Hellickson",4371,476451
"Zach Kroenke","ARI",4,5.612857273646763,,,,,10.868529375861673,-0.37181819568980823,,,,8.205833435058594,,,"Zach Kroenke",4383,476127
"Brad Mills","TOR",18.1,4.308432207269184,,1.0165713804108756,,,,,2.6528946725945723,,,3.664285599239289,,,"Brad Mills",4420,502166
"Kameron Loe","MIL",72,-2.5402702125343115,,,-8,,-8.03510986328125,6.724949951171875,,,,1.9249999523162842,,,"Kameron Loe",4422,434180
"Jonathon Niese","NYM",157.1,4.320947855710983,,-0.9114146520451801,,,9.372139546408581,-0.5699999928474426,-5.78422991659789,,,7.162313432835821,,,"Jonathon Niese",4424,477003
"Michael Bowden","BOS",20,-2.894800075954861,,1.508235258214614,-6.511250178019206,,-6.310555775960286,2.986800130208333,,,,,,,"Michael Bowden",4440,476601
"Matt Palmer","LAA",15.2,-2.484666697184245,,1.9326388041178386,,,-8.685432339891975,,7.263200073242188,,,-7.589374542236328,,,"Matt Palmer",4457,461212
"Jordan Zimmermann","WSN",161.1,-5.283326448601129,,,,,-8.276956309442935,2.1114877879000864,6.151302772546824,,,-8.348035539899554,,,"Jordan Zimmermann",4505,519455
"Randy Wells","CHC",135.1,-3.025686226639093,,-1.1524017200719843,,,-6.432266710069444,2.810128236428285,3.3659261067708335,,,-7.331342738309353,,,"Randy Wells",4535,448694
"Jason Hammel","COL",170.1,-3.1281891890649516,,,,,-6.093963657569022,3.45786186531347,6.925827769490032,,,-6.70851778648269,,,"Jason Hammel",4538,434628
"Daniel Herrera","- - -",9.2,3.432222154405382,,,,,10.537592569986979,-6.415277693006727,,,,,8.400434742803158,,"Daniel Herrera",4552,502609
"Zach Braddock","MIL",17.1,5.791879640403369,,,,,,-1.9647297214817356,,,,8.586000061035156,,,"Zach Braddock",4553,488722
"Josh Johnson","FLA",60.1,-3.305615896969598,,,,,-7.73702673009924,2.671194701068169,5.252916547987196,,,-5.872375106811523,,,"Josh Johnson",4567,435178
"Ramon Pena","CHW",20.1,-6.397681194802989,,,,,-9.529894377055921,0.8699999722567472,,,,-4.803050930217161,,,"Ramon Pena",4573,430963
"Clay Hensley","FLA",67.2,,,,,,-6.58416141486316,4.61316543688877,9.391130530315897,,,-4.49298348611231,,,"Clay Hensley",4593,454535
"Matt Lindstrom","COL",54,-2.116382911937215,,,,,-6.608928446867028,5.446203862404337,,,,-5.228095281691778,,,"Matt Lindstrom",4604,434637
"Joe Thatcher","SDP",10,2.114811947471217,,-0.7276923106266902,,,,-7.149999730727252,,,,,,,"Joe Thatcher",4620,491159
"Dave Bush","TEX",37.1,-4.318267822265625,,2.408955246654909,,,-8.152349075214975,,8.290367799646715,,,-2.466896517523404,,,"Dave Bush",4635,433657
"Brandon McCarthy","OAK",170.2,,,-0.09226120471024839,-5.75390625,,-7.96900757230987,,8.184956955807403,,,,,,"Brandon McCarthy",4662,435221
"Sam LeCure","CIN",77.2,-4.189618134618405,,,,,-8.53385255289483,3.47941920336555,,5.69987666754075,,-6.625731677543826,,,"Sam LeCure",4664,459967
"Charlie Morton","PIT",171.2,-5.114574675864362,,0.025138883127106562,-5.088220888851611,,-9.154331091147329,,7.194098321791481,,,,,,"Charlie Morton",4676,450203
"Pat Neshek","SDP",24.2,,,,,,-10.692307692307692,-3.309947445518092,,,,-9.771866861979166,,,"Pat Neshek",4682,450212
"Jeff Francis","KCR",183,4.434842079564144,,,,,8.181638065203146,1.2799999713897705,-6.417794021905637,,,6.636044328383978,,,"Jeff Francis",4684,433585
"Ramon Troncoso","LAD",22.2,-4.645384568434495,,,,,-8.55713611949574,0.8811290494857296,3.4988371383312136,,,,,,"Ramon Troncoso",4685,470462
"Jose Arredondo","CIN",53,-1.9492287180531565,,,-3.837434146278783,,,1.734968017578125,,,,,,,"Jose Arredondo",4722,461766
"Matt Cain","SFG",221.2,-4.987986773876791,,,,,-8.649242054332387,2.3081985922420727,5.9008520836252805,,,-6.855467933476171,,,"Matt Cain",4732,430912
"Sergio Santos","CHW",63.1,-3.221124921526228,,1.2350000143051147,,,-6.414285932268415,4.366230047548922,,,,-8.462298513829023,,,"Sergio Santos",4734,435045
"Jonathan Broxton","LAD",12.2,-3.040756627133018,,1.0266667207082112,,,-6.948699951171875,2.659787727124763,,,,-5.96750020980835,,,"Jonathan Broxton",4759,455009
"Scott Mathieson","PHI",5,-2.3358973967723355,,,,,,2.2341666221618652,4.64900016784668,,,-4.491666793823242,,,"Scott Mathieson",4771,455949
"Félix Hernández","SEA",233.2,-4.460560606409784,,0.10692309110592572,,,-8.224727395586493,2.278800048828125,5.74438951880531,,,-6.149583604600695,,,"Felix Hernandez",4772,433587
"Vinnie Pestano","CLE",62,-3.8832476751321754,,,,,-8.589091151213843,9.22591851682079,,,,,,,"Vinnie Pestano",4782,502260
"Matt Capps","MIN",65.2,-3.786981086011203,,,,,-7.717142879287132,2.7827072565068196,,,,-6.43625020980835,,,"Matt Capps",4788,448165
"Rich Hill","BOS",8,,,,,,12.452187538146973,,-9.683163389867666,,,,,,"Rich Hill",4806,448179
"Jesse Crain","CHW",65.1,-0.7785462366851941,,,,,-4.7319999694824215,4.007388870804398,5.545555397316262,,,-4.905578934518915,,,"Jesse Crain",4817,430884
"Clay Rapada","BAL",16.1,10.935432339891975,,,,,12.422571672712053,-0.7006015060539532,,,,9.113333384195963,,,"Clay Rapada",4831,449060
"Kyle McClellan","STL",141.2,-4.052511554874786,,,,,-7.952479484149949,2.3457471913304824,8.018422367008588,,,-5.588714940587901,,,"Kyle McClellan",4845,449072
"Joe Blanton","PHI",41.1,-4.083083216349284,,1.8075581927632176,,,-7.821691344766056,2.075600026448568,2.4427117816472457,,,-7.522053684507098,,,"Joe Blanton",4849,430599
"Chuck James","MIN",10.1,6.395488997151081,,,,,9.435333251953125,1.2115384615384615,,,,8.023829683344415,,,"Chuck James",4886,460580
"Peter Moylan","ATL",8.1,,,,,,-10.301891430004224,3.8927273837002843,,,,-9.787000274658203,,,"Peter Moylan",4891,493247
"Scott Kazmir","LAA",1.2,,,,,,8.587618873232888,2.693333307902018,,,,7.565833409627278,,,"Scott Kazmir",4897,431148
"Jarrod Parker","ARI",5.2,-4.269615466778095,,,,,-6.561110885054977,6.0328570774623325,6.880000114440918,,,-6.670908841219815,,,"Jarrod Parker",4913,519105
"Jon Lester","BOS",191.2,4.846029129879182,,-0.5166458941309987,,,9.30599677853468,,-3.897316282750293,,,9.798231246080686,,,"Jon Lester",4930,452657
"Justin De Fratus","PHI",4,-6.359032415574597,,,,,-9.639999389648438,-0.10449998378753662,,,,,,,"Justin De Fratus",4955,518603
"Mitch Talbot","CLE",63.2,-2.606153727543016,,0.7203703986273872,,,-8.312597837430427,5.58144920459692,,,,-8.709281173406863,,,"Mitch Talbot",4961,452676
"Fernando Salas","STL",75,-4.403480960758587,,,,,-8.585581225018169,,,1.8762436300364849,,-7.596905863060141,,,"Fernando Salas",4971,477569
"Cole Hamels","PHI",216,4.013293436293957,,-0.3283856254522041,,,7.282666524251302,,-1.3562341656865953,,,8.511323461370106,,,"Cole Hamels",4972,430935
"Fernando Abad","HOU",19.2,5.655162722565407,,,,,9.798437118530273,,,0.43833331267038983,,6.95720451108871,,,"Fernando Abad",4994,472551
"Dale Thayer","NYM",10.1,-8.091262978001645,,,,,-9.930952526274181,1.9699999491373699,,,,-7.192500114440918,,,"Dale Thayer",5032,445612
"Franklin Morales","- - -",46.1,6.069559509008466,,,,,8.907317184820407,-1.6516326592893016,-4.809219901443373,,,6.60317072054235,,,"Franklin Morales",5088,462985
"Scott Diamond","MIN",39,1.2178899082568808,,,,,1.6717360814412434,,0.03112995557192355,,,7.585365853658536,,,"Scott Diamond",5089,539438
"Rick Van Den Hurk","BAL",9,-5.051746307857453,,,,,-9.30250072479248,4.315757751464844,6.947777642144097,,,-7.848823996151195,,,"Rick Van Den Hurk",5099,462995
"Rob Delaney","TBR",5,-5.174571446010044,,,,,-7.9772727272727275,2.906428473336356,,,,-8.460833867390951,,,"Rob Delaney",5100,503438
"Guillermo Moscoso","OAK",128,-4.04123092929643,,,-6.81954035028681,,-6.00694561596983,2.862718161558494,5.12503877179376,,,-8.344107491629464,,,"Guillermo Moscoso",5106,446861
"Evan Meek","PIT",20.2,-1.0759471607628373,,1.6337209302325582,,,-3.8968751430511475,,6.053033378686798,,,1.2899999618530273,,,"Evan Meek",5109,457425
"Alfredo Aceves","BOS",114,-4.579649126700807,,0.45481728556940326,-7.470086064831964,,-8.688816682072996,6.591999966757638,7.953088199391084,,,-8.201458189222548,,,"Alfredo Aceves",5164,469686
"Ernesto Frieri","SDP",63,-5.539516216537859,,,,,-8.6247197265625,4.859263338783915,,,,-7.528221978081597,,,"Ernesto Frieri",5178,457117
"Brayan Villarreal","DET",16,-5.668581698803192,,,,,-10.499074300130209,2.4938461434127936,,,,-7.875,,,"Brayan Villarreal",5180,500903
"Mike Pelfrey","NYM",193.2,-6.66386564682378,,,-6.93043562082144,,-8.939692524896152,1.1965843939012097,1.3868585556589497,,,,,,"Mike Pelfrey",5203,460059
"Chris Perez","CLE",59.2,-7.259451921018836,,,,,-9.088400268554688,6.765071887148625,,,,0.5299999713897705,,,"Chris Perez",5213,453198
"Wade LeBlanc","SDP",79.2,3.896142475759958,,-0.742868829946049,,,8.189288736979167,,-2.6156434918394185,,,8.471549959640221,,,"Wade LeBlanc",5221,453281
"Vin Mazzaro","KCR",28.1,-6.668849438692616,,,,,-8.765464574261442,2.518833287556966,,3.84975004196167,,-7.134444342719184,,,"Vin Mazzaro",5231,476570
"Chris Tillman","BAL",62,-2.7542331438123084,,0.8920370737711588,,,-6.605000178019206,3.2674336391212666,4.104000091552734,3.307540159174465,,-4.678865040447695,,,"Chris Tillman",5279,501957
"Esmerling Vasquez","ARI",30.1,-5.480370415581597,,,,,-7.426085622687089,,6.709852779612822,,,-10.572985293260261,,,"Esmerling Vasquez",5280,458220
"Samuel Deduno","SDP",3,-1.736153822678786,,1.0877777735392253,,,,,6.619375228881836,,,-0.5727272467179731,,,"Samuel Deduno",5285,465679
"Mark Hamburger","TEX",8,-5.294285801478795,,,,,-8.672000122070312,2.1976470947265625,,,,-5.915357317243304,,,"Mark Hamburger",5329,523648
"Atahualpa Severino","WSN",4.2,6.511967393218494,,,,,8.904999732971191,1.0047826352326765,-0.5099999904632568,,,,,,"Atahualpa Severino",5332,463037
"Cristhian Martinez","ATL",77.2,-5.062585225919398,,,,,-8.785241864925057,0.6815932544309702,4.130000114440918,,,-9.404566565225291,,,"Cristhian Martinez",5337,450852
"Alex Sanabia","FLA",11,-6.536756567052893,,,,,-9.89879488657756,0.2630000114440918,,,,-10.268084830426154,,,"Alex Sanabia",5350,502253
"Michael Pineda","SEA",171,-4.373550778799404,,0.934999942779541,,,-7.384848392370976,2.4533567754343344,,,,-7.989999624399038,,,"Michael Pineda",5372,501381
"Brad Peacock","WSN",12,-4.093599975585938,,,,,-7.630000114440918,,,7.107691911550669,,-7.373469138632015,,,"Brad Peacock",5401,502748
"Amauri Sanit","NYY",7,-6.888703522858797,,,,,-9.879743527143429,3.5921427408854165,6.627999877929687,,,-7.8076923076923075,,,"Amauri Sanit",5436,490313
"Jesse Chavez","KCR",7.2,-4.868541717529297,,0.19111110545970775,,,-8.007749938964844,,8.312856946672712,,,-8.820000542534721,,,"Jesse Chavez",5448,445926
"Arodys Vizcaíno","ATL",17.1,-5.122623130923412,,,,,-7.433169082856514,2.103925188011098,,,,-7.435714176722935,,,"Arodys Vizcaino",5498,527055
"Dana Eveland","LAD",29.2,3.319041212944135,,,,,8.52939761977598,-4.9040000221946025,-4.112413866766568,,,9.294385408100329,,,"Dana Eveland",5508,445968
"Tim Dillard","MIL",28.2,-9.520011996045525,,,,,-9.623574666930857,2.952204666738435,,,,-5.1406451809790825,,,"Tim Dillard",5518,457422
"James McDonald","PIT",171,-2.986408073621448,,,,,-7.0967822359706165,1.1306617961210363,5.916412795799366,,,-7.884300745830635,,,"James McDonald",5523,457428
"Madison Bumgarner","SFG",204.2,5.589190812095469,,-0.4829817833173538,,,10.951089689047029,0,-5.118714425223215,,,8.718294838602228,,,"Madison Bumgarner",5524,518516
"Boone Logan","NYY",41.2,6.877758094000223,,,,,9.967142893855733,0.1729218125833896,,,,10.014285496303014,,,"Boone Logan",5525,457429
"Maikel Cleto","STL",4.1,-6.955873035249256,,,,,-10.87250010172526,3.9542857578822543,,,,,,,"Maikel Cleto",5529,521055
"Phil Coke","DET",108.2,8.284970616447856,,,,,9.620915587519256,-0.11935780026497098,-8.039999961853027,,,10.895232444585757,,,"Phil Coke",5535,457435
"Matt Harrison","TEX",185.2,6.414050447286936,,1.941589732047839,,,10.533922624024079,,1.1095674383731289,,,10.747989962545878,,,"Matt Harrison",5551,457448
"Jair Jurrjens","ATL",152,-3.2547021537276546,,0.423673474058813,,,-5.9564402558656955,2.6706306526252814,,,,-6.797448753200651,,,"Jair Jurrjens",5556,457453
"Jo-Jo Reyes","- - -",140.2,1.9096211322985197,,,,,8.299586050569008,-0.9755859486758709,-2.2039772109551863,,,7.643838387948495,,,"Jo-Jo Reyes",5559,457456
"Mitch Stetter","MIL",7,3.120464945948401,,,,,6.15749979019165,-4.84448277265176,,,,1.2729999542236328,,,"Mitch Stetter",5579,449777
"Tyler Clippard","WSN",88.1,-2.904300322428594,,1.8758558668531813,,,,,3.5027060116038604,,,-7.0455949113175675,,,"Tyler Clippard",5640,461325
"Henderson Alvarez III","TOR",63.2,-5.129213121202257,,-1.7600000699361165,,,-8.295763687786405,3.7739999871504932,,,,-5.866470516429228,,,"Henderson Alvarez III",5669,506693
"Jason Berken","BAL",47,-4.807269318733808,,-0.6840384556696966,,,-8.849079478870738,1.9469344342341188,,,,-6.706463325314406,,,"Jason Berken",5673,460072
"Tim Lincecum","SFG",217,0.4085149506907096,,,,,-4.9509000236974074,2.4251433142522134,3.7630769126435633,,,-0.5453325029897271,,,"Tim Lincecum",5705,453311
"Greg Reynolds","COL",32,-5.560506934943836,,,7.019999980926514,,-9.365908998431582,0.8007407718234592,2.8342857966347346,,,-6.75844850211308,,,"Greg Reynolds",5712,453353
"Josh Lueke","SEA",32.2,-2.5891304726926436,,,-4.10661648628407,,-5.1588233498966,4.880675857131545,,,,,,,"Josh Lueke",5722,518961
"Eric O'Flaherty","ATL",73.2,4.861128117487981,,,,,9.327940935863875,-1.6639202536142546,,,,6.695475987025669,,,"Eric O'Flaherty",5746,447714
"Fautino De Los Santos","OAK",33.1,1.4800001382827759,,,,,-8.2744921379283,4.084631668893914,,,,-10.381765029009651,,,"Fautino De Los Santos",5841,501745
"Chad Billingsley","LAD",188,-1.3567987553857963,,2.230708466330313,,,-6.764249635910348,6.393404047539893,5.343295357444069,,,-7.170515237395296,,,"Chad Billingsley",5842,451532
"Jason Motte","STL",68,-4.076657898674868,,1.3968518575032551,,,-8.795486855295907,0.8068181818181818,,,,-6.837500095367432,,,"Jason Motte",5861,435400
"Jeff Karstens","PIT",162.1,-4.38283821325873,,1.5048780673887672,,,-8.564344351360116,5.095026913204709,9.149763479740662,,,-6.673964079435881,,,"Jeff Karstens",5879,444371
"Sean Marshall","CHC",75.2,2.633066200348268,,,,,7.692626953125,-2.783007340730676,-9.53393813860138,,,,,,"Sean Marshall",5905,445156
"Pat Misch","NYM",7,3.490000009536743,,,,,11.031034272292565,,-2.965384556696965,,,10.79588228113511,,,"Pat Misch",5909,435619
"Wesley Wright","HOU",12,10.307856968470983,,,,,13.055933690333104,1.1885185241699219,,-0.5811111132303873,,,,,"Wesley Wright",5960,449079
"Pedro Viola","BAL",3.2,5.931282239082532,,,,,9.468261055324389,-2.3773529950310204,,,,6.760000228881836,,,"Pedro Viola",5971,501638
"Jonathan Papelbon","BOS",64.1,-7.084387880635935,,-0.6800000071525574,-8.353133138020834,,-10.960000038146973,1.9720619437620812,,,,,,,"Jonathan Papelbon",5975,449097
"Randall Delgado","ATL",35,-4.209757388216778,,,,,-7.974656647326899,,3.3227142333984374,,,-7.039926793453467,,,"Randall Delgado",5985,517414
"Jim Hoey","MIN",24.2,-2.2556880285980503,,1.2516504676596631,,,,3.251111136542426,,,,-4.928976224163386,,,"Jim Hoey",6007,460597
"Takashi Saito","MIL",26.2,-4.526971083420974,,,,,-7.944565482761549,6.236666644061053,6.2124576891882946,,,,,,"Takashi Saito",6021,493416
"Kelvin Herrera","KCR",2,-5.378260736880095,,,,,,,8.276666641235352,,,-8.31499989827474,,,"Kelvin Herrera",6033,516969
"John Ely","LAD",12.2,-2.9804672526421947,,0.7458064171575731,,,-6.7560975609756095,,2.1027272289449517,,,-2.2941176470588234,,,"John Ely",6132,518655
"Dusty Hughes","MIN",12.2,5.917347187898597,,,,,10.633571079799108,2.723749876022339,-5.227142878941128,,-4.994999885559082,9.484677222467237,,,"Dusty Hughes",6164,458250
"Scott Baker","MIN",134.2,-3.8531866388006524,,,,,-6.8681782948096775,2.1130333773295082,,,,-7.3835578331580525,,,"Scott Baker",6176,435044
"Shaun Marcum","MIL",200.2,-2.854560408613543,,1.8529756986177885,,,-6.910024510751857,1.626666688082511,4.853429713599666,,,-5.233004753661543,,,"Shaun Marcum",6204,451788
"Dellin Betances","NYY",2.2,-2.375600051879883,,,,,,,,3.7066665649414063,,-3.1016667683919272,,,"Dellin Betances",6216,476454
"Kyle Kendrick","PHI",114.2,-5.607291539510091,,-0.10587473101028871,,,-10.252100700506285,1.8660936951637268,,,,-9.066290578534526,,,"Kyle Kendrick",6230,452718
"Tom Gorzelanny","WSN",105,6.874370761684604,,,,,9.932116649529341,-0.8913923818853837,,,,10.32121285884338,,,"Tom Gorzelanny",6244,452733
"Aaron Laffey","- - -",53.1,3.5259064465034298,,0.1344827619092218,,,7.319377061187244,-4.864619221179013,,,,6.571881435885288,,,"Aaron Laffey",6248,444836
"Trevor Cahill","OAK",207.2,-5.2075958251953125,,,,,-9.680840232902531,0.849693843296596,,5.671067580678105,,-6.33167082134046,,,"Trevor Cahill",6249,502239
"Scott Feldman","TEX",32,-2.1476922646546974,,2.124822738322806,,,-6.352214838834417,,9.223656110866095,,,-2.441279034281886,,,"Scott Feldman",6283,444857
"George Sherrill","ATL",36,4.146142433234421,,0.016874998807907104,,,,-7.184866224016462,,,,,,,"George Sherrill",6291,430941
"Juan Abreu","HOU",6.2,-1.4871551250589305,,,,,,7.003043796705163,,,,-6.236000061035156,,,"Juan Abreu",6306,444874
"Chris Ray","SEA",32.2,-6.897407588252315,,,,,-10.000108801800272,1.07623291015625,6.710000038146973,,,-6.668846130371094,,,"Chris Ray",6315,444884
"Esmil Rogers","COL",83,-4.044126884788987,,,,,-8.095769295325645,3.691511842138566,5.255000114440918,,,-4.728148142496745,,,"Esmil Rogers",6317,469134
"Al Alburquerque","DET",43.1,-4.970419147057448,,,,,-8.5924024705763,1.7365573999194965,,,,,,,"Al Alburquerque",6324,456379
"John Danks","CHW",170.1,5.499398606736295,,-0.5090058533071774,,,8.395296481287055,,-2.935462246422006,,,7.640571521577381,,,"John Danks",6329,433579
"Henry Alberto Rodriguez","WSN",65.2,-1.558861578266494,,,,,-6.865692138671875,5.01452394515749,,,,-7.1059556848862595,,,"Henry Alberto Rodriguez",6371,469159
"Luis Perez","TOR",65,8.007391224736752,,,,,11.387830326646615,-0.6611194325916803,,,,4.671317277554267,,,"Luis Perez",6389,469802
"Rich Thompson","LAA",54,-0.2502438987173685,,3.800860107421875,,,,,5.409722222222222,,,-6.346841912520559,,,"Rich Thompson",6422,460366
"Jeremy Accardo","BAL",37.2,-5.7646067549542686,,0.10018867816565172,,,-10.231999715169271,3.6994577430817017,,,,-7.399215399050245,,,"Jeremy Accardo",6428,435618
"Tim Stauffer","SDP",185.2,-4.870663354672144,,,,,-8.47391095842634,0.7116053712134268,5.397427616469816,,,-4.706360097132423,,,"Tim Stauffer",6432,431162
"Vance Worley","PHI",131.2,-3.5581677484778718,,0.0908045987973268,,,-8.317090537331321,2.2495454268022015,,4.656122363343531,,-5.6623314231451305,,,"Vance Worley",6435,474699
"Michael O'Connor","NYM",6.2,6.329999769056165,,,,,9.15594564901816,0.8260714667184013,-1.0566666920979817,,,5.811666488647461,,,"Michael O'Connor",6457,456585
"Kevin Jepsen","LAA",13,-2.8855862321524786,,1.8975000381469727,,,-4.320000012715657,4.670000076293945,3.901666768391927,,,,,,"Kevin Jepsen",6475,448178
"Steve Cishek","FLA",54.2,-7.2335485642956145,,,,,-10.847427498136712,3.4367820815284653,,,,-10.388599853515625,,,"Steve Cishek",6483,518553
"Brian Wilson","SFG",55,-4.19540418259641,,,,,-8.950065263735702,1.6999788565977716,3.1028570447649275,,,-8.130000114440918,,,"Brian Wilson",6485,451216
"Michael Stutes","PHI",62,-3.404477188010621,,,,,-9.040999603271484,5.619342137896825,,,,-8.295999908447266,,,"Michael Stutes",6550,452741
"Alex Cobb","TBR",52.2,-4.199242331764915,,,,,-8.023489932885907,,,5.7333822811351105,,-4.7370889742080475,,,"Alex Cobb",6562,502171
"Anthony Vasquez","SEA",29.1,3.2063636779785156,,,,,8.035816865808824,,-6.755468845367432,,,9.726306568492543,,,"Anthony Vasquez",6577,457786
"Waldis Joaquin","SFG",6.1,-5.815357208251953,,,,,-8.339795793805804,0.7804166475931803,,,,,,,"Waldis Joaquin",6580,471183
"Daryl Thompson","CIN",3,-6.246153611403245,,,,,-8.526296544958043,-1.8619998931884765,7.085000038146973,,,-6.55423091008113,,,"Daryl Thompson",6603,444354
"Marc Rzepczynski","- - -",62,,,,,,10.474692614510106,-0.22846429007393973,,,,8.298372135605923,,,"Marc Rzepczynski",6612,519240
"Brad Brach","SDP",7,-3.496219541968369,,,-9.260000228881836,,-6.988889058430989,1.5646807082155918,,,,,,,"Brad Brach",6627,542960
"Carlos Carrasco","CLE",124.2,-6.9442528933840615,,,,,-9.577817936533505,0.4391357987015336,5.5492914835611975,,,-6.050118169840976,,,"Carlos Carrasco",6632,471911
"Craig Kimbrel","ATL",77,-6.129672051553673,,,,,-8.272608881411346,,,4.751662554608784,,,,,"Craig Kimbrel",6655,518886
"Francisco Rodriguez","LAA",13.2,-4.819503910285382,,-0.17297296266298037,,,-8.873818137428977,2.8500000635782876,,,,,,,"Francisco Rodriguez",6688,477557
"Andrew Miller","BOS",65,5.537433815565081,,,,,7.673428344726562,-5.494561232182018,,,,6.04706813153172,,,"Andrew Miller",6785,453192
"Julio Teheran","ATL",19.2,-4.026529529867651,,,,,-8.015555487738716,,8.388928004673549,,,-8.001044885436102,,,"Julio Teheran",6797,527054
"Jeff Manship","MIN",3.1,-6.085862258384967,,,,,-5.738420988384046,,3.360454559326172,,,-5.768888685438368,,,"Jeff Manship",6865,453249
"Marcos Mateo","CHC",23,-6.849393594144571,,,,,-9.71760009765625,2.0771249771118163,,,,-3.875714438302176,,,"Marcos Mateo",6869,456496
"Collin Balester","WSN",35.2,-6.769343566894531,,,,,-9.208300170898438,,4.811483529897837,,,-7.480000178019206,,,"Collin Balester",6883,444446
"Johnny Cueto","CIN",156,-4.546809986130374,,0.10659574955067735,,,-8.150536401721014,2.244045006520867,2.256190527053106,,,-4.645000203450521,,,"Johnny Cueto",6893,456501
"Henry Sosa","HOU",53.1,-3.7908571827168367,,-1.4519999504089356,,,-7.4923960367838545,4.891928280101103,,,,-2.3062500953674316,,,"Henry Sosa",6936,464400
"Joakim Soria","KCR",60.1,-1.826136386755741,,1.3057353075812845,,,-5.110000133514404,6.164411956188726,5.938055674235026,,,-9.055396670386905,,,"Joakim Soria",6941,465657
"Luke Hochevar","KCR",198,-5.9851234181995165,,0.7956207482055939,,,-9.001148213191527,2.4644971453277758,,5.2997689136809125,,-7.126008520822157,,,"Luke Hochevar",6943,460024
"Bobby Cassevah","LAA",39.2,-5.7200826849819215,,,-5.540937423706055,,-8.37140434724212,0.7339423252986028,,,,,,,"Bobby Cassevah",6950,445001
"Brandon Dickson","STL",8.1,-1.4438709751252206,,,,,-6.911463295541158,1.0440476281302316,,,,-3.428999900817871,,,"Brandon Dickson",6979,505447
"Drew Storen","WSN",75.1,-4.453700798016967,,,,,-8.400549808264651,7.596346341646635,,,,-8.044705559225644,,,"Drew Storen",6983,519322
"Ian Kennedy","ARI",222,-6.516865591794569,,,,,-8.850978664689334,-0.6360567977375788,,5.3240286690848215,,-6.6921089311079545,,,"Ian Kennedy",6986,453178
"Hung-Chih Kuo","LAD",27,4.815639455694901,,,,,9.357500076293945,-1.8129364013671876,-7.603750228881836,,,7.51217385996943,,,"Hung-Chih Kuo",7016,425539
"Merkin Valdez","TEX",4.1,-3.1966666427313113,,,,,-10.78800048828125,0.4,,,,-6.441428593226841,,,"Merkin Valdez",7019,429723
"Alex Torres","TBR",8,6.455584637530438,,,,,9.65999964663857,,-3.0738460834209738,,,10.78872356008976,,,"Alex Torres",7038,456776
"James Shields","TBR",249.1,-4.851544284326425,,3.4908060670585415,,,-8.140560183904867,3.871666590372721,,7.241509726821192,,-7.125510498293731,,,"James Shields",7059,448306
"Dustin Moseley","SDP",120,-5.968220338983051,,-1.170146365282012,,,-9.58096294521545,,3.108994946037371,,,-7.6798830980445905,,,"Dustin Moseley",7060,400291
"Trevor Bell","LAA",34.1,-2.0742767142049923,,0.894414403417089,,,-5.974499893188477,3.693609022556391,,,,-4.890736790707237,,,"Trevor Bell",7074,457707
"John Lannan","WSN",184.2,3.805224958860557,,,,,7.97958666973734,-1.0879754188076762,-2.347958317509404,,,9.733248280212942,,,"John Lannan",7080,458709
"Daniel Bard","BOS",73,-3.200256439715309,,,,,-8.405949459800237,9.00553899715381,,,,-9.13727282239245,,,"Daniel Bard",7115,453268
"Sergio Escalona","HOU",27.2,,,,,,10.4149377593361,,-1.5083941160327328,,,10.966136585582387,,,"Sergio Escalona",7122,465065
"Daniel Hudson","ARI",222,-8.179684250207986,,,,,-8.876280324495367,-0.9741769436186394,,,,-10.535238276083003,,,"Daniel Hudson",7146,543339
"Ryan Mattheus","WSN",32,-5.058106552214312,,3.7771429334368025,-3.7116666521344865,,-8.431144254753388,3.944343335700758,,,,,,,"Ryan Mattheus",7169,458919
"Jonny Venters","ATL",88,5.318472120496962,,,,,9.535581592710498,-1.9562452762062978,,,,10.149999618530273,,,"Jonny Venters",7175,458924
"Greg Holland","KCR",60,-1.7565086627828663,,,-4.680800170898437,,,2.8663660423042847,2.104999936860183,,,,,,"Greg Holland",7196,518813
"Josh Rupe","BAL",14.1,-4.842174032460088,,,,,-8.730059887989459,3.9466666197165465,7.004615196814904,,,-6.850666809082031,,,"Josh Rupe",7206,434666
"Nick Masset","CIN",70.1,-4.964082796898114,,-0.3565822794467588,-6.92124997652494,,-7.587612231809701,5.9781449840914815,,,,,,,"Nick Masset",7267,434665
"Craig Stammen","WSN",10.1,-3.1838461068960338,,2.0664515341481855,,,-7.488860697685918,,,4.14,,-7.130000114440918,,,"Craig Stammen",7274,489334
"Brad Ziegler","- - -",58.1,-6.921428680419922,,,,,-7.527934737376069,,6.418994413407821,,,-3.5456522236699644,,,"Brad Ziegler",7293,446899
"Josh Collmenter","ARI",154.1,,,0.5345084719161433,,,,,0.34030369299429436,,,-2.8234391054270955,,,"Josh Collmenter",7312,518567
"Adam Russell","TBR",32.2,,,,,,-5.185560565128505,3.3183332501035747,,,,-7.207221984863281,,,"Adam Russell",7334,452240
"Casey Janssen","TOR",55.2,-1.0590712603400736,,2.3269287566567183,,,-4.669639793602196,3.6223078018579726,10.677355049070249,,,-4.509999910990397,,,"Casey Janssen",7355,445163
"Dillon Gee","NYM",160.2,-4.196164298093845,,1.4453448591561153,,,-8.544587945879458,3.0225580792094386,,9.384212223563607,,-8.782476312274873,,,"Dillon Gee",7396,518716
"Zach Stewart","- - -",67.1,-4.900636503644525,,,,,-9.363608399617304,4.456007030275133,4.734324377936286,,,-5.8825000921885175,,,"Zach Stewart",7397,543819
"Javy Guerra","LAD",46.2,-2.900264252650055,,0.63739129771357,,,,1.4187307504507212,3.23432427483636,,,-6.855713980538504,,,"Javy Guerra",7407,457915
"J.A. Happ","HOU",156.1,5.608400268554687,,,,,10.503143136160714,1.9417941822725184,-0.510620695969154,,,7.402499871504935,,,"J.A. Happ",7410,457918
"Mark Lowe","TEX",45,-5.845986984815618,,,,,-9.32239990234375,2.491649932861328,4.449999809265137,,,-5.786231884057971,,,"Mark Lowe",7416,450275
"Wade Davis","TBR",184,-2.221189297394103,,-0.4382520536097085,,,-6.657206164327676,4.963758225408976,,5.998577660562633,,-2.575365764338796,,,"Wade Davis",7441,451584
"Gio González","OAK",202,7.086022492384682,,,,,10.630085180014259,,-5.104317542989418,,,9.335000346026083,,,"Gio Gonzalez",7448,461829
"Phil Hughes","NYY",74.2,-3.760532354379629,,1.7009804295558555,,,-6.836666754313877,2.6373528873219207,,6.923443078121423,,-6.783094996497745,,,"Phil Hughes",7450,461833
"Jeff Marquez","NYY",4,-3.7725000381469727,,,,,-8.057407520435474,1.5173912048339844,8.325999450683593,,,-8.696666717529297,,,"Jeff Marquez",7456,457812
"Jim Miller","COL",7,-2.423846200796274,,,,,-6.627499580383301,2.5737036245840565,5.195500183105469,,,,,,"Jim Miller",7458,461848
"Anthony Swarzak","MIN",102,-4.509838604670699,,,,,-8.061207941764795,3.636434191992711,3.423333485921224,,,-6.037242136183818,,,"Anthony Swarzak",7466,461872
"Ryan Webb","FLA",50.2,-1.6500000953674316,,,,,-10.847555331745825,3.586290581281795,,,,-11.284597813397989,,,"Ryan Webb",7474,444436
"Mike Ekstrom","TBR",1,-5.428333282470703,,,,,-8.265000343322754,4.605000019073486,,,,,,,"Mike Ekstrom",7488,455091
"Scott Elbert","LAD",33.1,5.896692417011187,,,,,8.494199829101563,0.17377778795030382,,,,7.059999942779541,,,"Scott Elbert",7489,455092
"Jonathan Sánchez","SFG",101.1,5.4170106630067565,,,,,9.089928593195921,-2.942774225050403,,,,7.147725813356164,,,"Jonathan Sanchez",7507,456043
"Kyle Waldrop","MIN",11,-4.92987942982869,,,,,-7.831136530095881,2.7205882352941178,,,,-7.863749980926514,,,"Kyle Waldrop",7513,448252
"Evan Scribner","SDP",14,-2.2620862782430304,,2.4166666666666665,,,,,6.788095383417039,,,-2.9800000190734863,,,"Evan Scribner",7525,519267
"Lucas Harrell","- - -",18,-2.9168750047683716,,,,,-7.8012196610613564,4.092065230659816,10.808888488345676,,,-7.26085706438337,,,"Lucas Harrell",7541,449173
"Tommy Hottovy","BOS",4,10.724285670689174,,,,,9.487419866746471,-7.018148351598669,-6.420000076293945,,,9.75,,,"Tommy Hottovy",7542,459415
"Jake McGee","TBR",28,5.996174271314314,,,,,9.350999755859375,1.0833333333333333,-0.38540541159140096,,,6.400000095367432,,,"Jake McGee",7550,459429
"Fernando Rodriguez Jr.","HOU",52.1,-3.5423100830472536,,,,,,,5.4913026071599615,,,-6.519999980926514,,,"Fernando Rodriguez Jr.",7558,451775
"Cory Wade","NYY",39.2,-3.555691805752841,,-0.11899999380111695,,,-7.333404541015625,6.578518337673611,7.419913982522899,,,-7.60377358490566,,,"Cory Wade",7570,460677
"Jordan Lyles","HOU",94,-3.5895151806956154,,,,,-7.2449997029405955,3.0273403208306493,5.250507722651292,,,-7.27566875110973,,,"Jordan Lyles",7593,543475
"Tommy Milone","WSN",26,5.676940639269406,,0.9802173946214758,,,8.989285605294365,,-4.37484833688447,,,10.08133273654514,,,"Tommy Milone",7608,543548
"Chad Reineke","CIN",6.2,-3.6893617143022253,,,,,-7.903333028157552,3.411521745764691,,,,-5.064615689791166,,,"Chad Reineke",7641,448656
"Chris Leroux","PIT",25,-5.130891002308239,,,,,-8.301987547311724,2.075938737311331,,,,-7.222726995294744,,,"Chris Leroux",7645,460092
"Andy Sonnanstine","TBR",35.2,-5.5584848577326,,3.546758960829422,,,,4.660320068359375,7.872520895565257,,,,,,"Andy Sonnanstine",7667,458567
"Jeff Gray","- - -",48.1,-5.21026179927806,,,,,-9.098652328443377,0.34534351516315953,4.563666534423828,,,-7.069864685470994,,,"Jeff Gray",7718,462522
"Juan Nicasio","COL",71.2,-3.400544217266614,,,,,-7.613275988348599,2.3399999791925605,,,,-4.689250183105469,,,"Juan Nicasio",7731,504379
"Mike Fiers","MIL",2,-3.656071254185268,,1.0099999904632568,,,-7.190000057220459,,5.96999994913737,,,-8.518333435058594,,,"Mike Fiers",7754,571666
"Hideki Okajima","BOS",8.1,2.1672150817098497,,,6.049782794454823,,,,0.7736111217074924,,,,,,"Hideki Okajima",7763,506606
"Shawn Kelley","SEA",12.2,-1.8770102274786566,,,,,,5.2072307880108175,,,,,,,"Shawn Kelley",7773,518875
"Daisuke Matsuzaka","BOS",37.1,-6.776694053460743,,-1.971579018392061,-11.46086949887483,,-8.778135622962047,7.808789660216896,9.819999694824219,,,-7.416842008891859,,,"Daisuke Matsuzaka",7775,493137
"Chris Jakubauskas","BAL",72.1,-3.7826525134180207,,0.594811313557175,,,,,4.876061542217548,,,-3.6186275108187806,,,"Chris Jakubauskas",7831,499856
"Jerry Blevins","OAK",28.1,5.067500114440918,,,,,8.435820579528809,0.7563265586385921,-8.261267433703786,,,9.735101816605548,,,"Jerry Blevins",7841,460283
"Chris Schwinden","NYM",21,-1.7737671316486516,,2.325301204819277,,,-6.438235563390395,,6.057546939489977,,,-6.905740808557581,,,"Chris Schwinden",7851,452737
"Tyson Ross","OAK",36,-3.721775803610543,,-0.006666663620207045,,,-7.027238646549965,2.512181784889915,,,,-6.4042424288663,,,"Tyson Ross",7872,475115
"Kyle Weiland","BOS",24.2,-5.156227948372824,,2.935618068395036,,,-8.817086377680697,,9.34806984349301,,,-5.9188232421875,,,"Kyle Weiland",7874,475095
"Josh Lindblom","LAD",29.2,-5.261564281879443,,,,,-8.775925812897858,2.1824444806134258,7.77869581139606,,,-7.7336669921875,,,"Josh Lindblom",7882,458676
"Cory Gearrin","ATL",18.1,,,,,,-10.457928898358587,9.26977047975036,,,,-7.302499771118164,,,"Cory Gearrin",7947,518715
"Matt Daley","COL",6,-6.140625,,,,,-8.723200073242188,,6.501428331647601,,,-7.9,,,"Matt Daley",7952,457935
"Frank Herrmann","CLE",56.1,-5.040645985121138,,,-4.884000015258789,,-7.894436106962316,1.0919459162531673,,,,-7.315454656427557,,,"Frank Herrmann",7960,497807
"Anthony Bass","SDP",48.1,-2.0791746835859994,,1.0943750540415447,,,-5.04854170481364,2.2656153752253605,,,,-5.615740670098199,,,"Anthony Bass",7982,542914
"Ramon E Ramirez","SFG",68.2,-4.060357993825927,,,,,-7.316666574189157,0.3614725301553915,,,,-8.578986242619528,,,"Ramon E Ramirez",7986,430673
"Eric Stults","COL",12,4.987297133644028,,,,,,-0.3614242438114051,-2.2023077744704027,,,7.904341534870427,,,"Eric Stults",8011,445590
"Glen Perkins","MIN",61.2,7.507333641721491,,,,,10.461473231778998,1.1108058608058609,,,,8.875,,,"Glen Perkins",8041,450282
"Jason Vargas","SEA",201,6.417532646561676,,1.325084444842761,,,9.05279527422049,,,-2.2154545911493146,,11.315474415553435,,,"Jason Vargas",8044,450306
"Mark Worrell","BAL",2,-4.349999904632568,,,,,-9.572692284217247,,9.586429050990514,,,-14.619999885559082,,,"Mark Worrell",8045,450312
"Dallas Braden","OAK",18,4.525333658854167,,0.8599999745686849,,,8.700869352921195,,-3.507368388928865,,,7.576823874080882,,,"Dallas Braden",8099,460284
"Michael Schwimer","PHI",14.1,-4.8680808327414775,,,,,-8.477777269151476,0.8504082037478077,,,,-6.574681058843085,,,"Michael Schwimer",8103,543754
"Bryan Shaw","ARI",28.1,-7.678787693832859,,0.30731958212311733,,,,8.027428327287947,5.802580802671371,,,,,,"Bryan Shaw",8110,543766
"Jaime García","STL",194.2,4.1640391613460634,,-1.684035094857913,,,7.800267900739398,-1.2363354542734213,-2.9703472985161676,,,6.900534692141089,,,"Jaime Garcia",8137,448802
"Neil Wagner","OAK",5,-2.460377531231574,,1.2045000076293946,,,,3.705000097101385,,,,-3.256999969482422,,,"Neil Wagner",8162,474599
"Yovani Gallardo","MIL",207.1,-0.8485806193869135,,,,,-4.771769925908002,3.960505667449422,4.981746668031295,,,-6.282000223795573,,,"Yovani Gallardo",8173,451596
"Brett Anderson","OAK",83.1,6.966254502713324,,,,,9.780795560024753,-2.7365009196753642,-5.053333282470703,-3.387292245718149,,9.438838835685484,,,"Brett Anderson",8223,474463
"David Robertson","NYY",66.2,-0.9157576127485796,,1.1568533528645832,,,,-0.38999998569488525,,6.0388662979187755,,-7.501481232819734,,,"David Robertson",8241,502085
"J.P. Howell","TBR",30.2,7.882000732421875,,,,,12.606893298695388,-6.540000152587891,,-1.6434209723221629,,10.604444715711805,,,"J.P. Howell",8245,434442
"Huston Street","COL",58.1,,,,,,-7.499980295736958,0.14619772153208918,,,,-6.582465602927012,,,"Huston Street",8258,434718
"Ross Ohlendorf","PIT",38.2,-6.224954501065341,,,,,-8.760973364905974,1.6821710686934621,3.9574999809265137,,,-9.533461350661058,,,"Ross Ohlendorf",8268,456027
"Casey Coleman","CHC",84.1,-5.964538771287981,,,,,-8.536441596778664,-5.230054040857263,6.72554983338466,,,-7.0330871250318445,,,"Casey Coleman",8270,488787
"Tony Sipp","CLE",62.1,4.426023579492767,,,,,9.505000114440918,1.5625287636943248,,,,7.339189684068835,,,"Tony Sipp",8280,448609
"Jared Burton","CIN",4.2,-2.25131566900956,,1.3500000635782878,,,-6.881999969482422,2.6870588414809284,,,,-6.2333334463614,,,"Jared Burton",8346,454537
"David Purcey","- - -",33.2,7.219824539987664,,,,,7.929264741785386,0.3573276051159563,,,,10.086483127468234,,,"David Purcey",8360,453515
"Homer Bailey","CIN",132,-3.7661427603594952,,,,,-6.95232305826093,2.245616430718196,,7.001363118489583,,-5.6652582804361975,,,"Homer Bailey",8362,456701
"Troy Patton","BAL",30,,,,,,10.912262929510746,0.7410389788739093,-5.315652266792629,,,10.6615629196167,,,"Troy Patton",8368,461856
"Mitch Atkins","BAL",10.2,-4.241009353497707,,0.28333332803514266,,,-9.016000366210937,5.490566037735849,8.25028599330357,,,-6.605454878373579,,,"Mitch Atkins",8369,444444
"Brad Bergesen","BAL",101,-6.185582440598567,,,,,-9.271853786282772,0.4393616940112824,,,,-7.594452113321383,,,"Brad Bergesen",8375,448269
"Adam Wilk","DET",13.1,6.133250045776367,,,,,8.66886346990412,0.14949153641522941,0.7976922988891602,,,7.268912937330163,,,"Adam Wilk",8421,573244
"Jordan Norberto","OAK",6.2,6.052209188771802,,,,,9.90250015258789,-2.634545528527462,,,,8.377272865988992,,,"Jordan Norberto",8432,467099
"Robbie Weinhardt","DET",1.2,-6.266666412353516,,,,,-10.119411692899817,6.258571624755859,,,,,,,"Robbie Weinhardt",8479,519405
"Danny Farquhar","TOR",2,,,,,,-11.661666870117188,1.9258332252502441,,,,-10.140000343322754,,,"Danny Farquhar",8501,543144
"Michael Kohn","LAA",12.1,-5.548109845417302,,,,,,4.713939319957387,,,,-6.26818154074929,,,"Michael Kohn",8505,543409
"Bill Bray","CIN",48.1,6.399266169621394,,,,,9.035373880405619,2.5930200276964883,,,,9.629134617494733,,,"Bill Bray",8538,435538
"Chris Carpenter","CHC",9.2,-7.467604319254558,,,,,-8.864872076572516,-0.20945453643798828,,,,,,,"Chris Carpenter",8556,452764
"Edgmer Escalona","COL",25.2,-4.863224207797897,,,,,-7.5352630615234375,-0.05282257064696281,,,,-5.017916679382324,,,"Edgmer Escalona",8574,467850
"Philip Humber","CHW",163,-5.653054023930203,,-0.02500001589457194,,,-8.88938973670782,1.2767640303136705,6.549466181114414,,,-6.443461591070825,,,"Philip Humber",8586,458950
"Jeff Niemann","TBR",135.1,-0.7803241986586269,,1.9223333740234374,-0.3631034390679721,,-5.446023775836614,4.166186874718975,5.404555943355523,,,-5.02544316159019,,,"Jeff Niemann",8591,435298
"Phil Dumatrait","MIN",41.1,3.458571515764509,,,,,7.605305989583333,-0.3028861565318534,,,,8.507316775438262,,,"Phil Dumatrait",8598,430597
"Dustin McGowan","TOR",21,-4.783507503680329,,,,,-8.916037865404812,2.6807596230808692,5.276666588253445,,,-8.646666502341246,,,"Dustin McGowan",8600,430661
"Bobby Jenks","BOS",15.2,-4.614388699001736,,0.05624999850988388,,,,1.1859015793096823,4.101666450500488,,,-7.839285714285714,,,"Bobby Jenks",8645,408057
"Luis Marte","DET",3.2,-2.3324999809265137,,-0.19800002574920655,,,-5.460000038146973,2.781818216497248,,,,-5.614166895548503,,,"Luis Marte",8651,501687
"Paul Maholm","PIT",162.1,7.029948338325777,,1.2241631372803783,,,10.362841530054645,-1.0996174629920168,-5.080844776050465,,-4.0466664632161455,8.589642144615155,,,"Paul Maholm",8678,430904
"Justin Verlander","DET",251,-7.734090187641083,,,,,-10.475454157049006,2.0843894426212755,7.77200576006356,,,-9.881604080680031,,,"Justin Verlander",8700,434378
"Manny Acosta","NYM",47,-4.136532363071237,,,,,-7.902749633789062,2.8945815857663098,,,,-4.776179624407479,,,"Manny Acosta",8725,407924
"Daniel Schlereth","DET",49,5.680384709284856,,,,,9.52968441861347,,-4.208834158941872,,,,,,"Daniel Schlereth",8739,519259
"Eric Hacker","MIN",5.1,-1.2877273559570312,,,,,-7.189999898274739,5.134666442871094,10.976315146998354,,,-3.7174999713897705,,,"Eric Hacker",8743,459345
"Wade Miley","ARI",40,5.016991167996837,,,,,8.26797147067088,2.390000025431315,-0.9201219488934773,,,8.299248114564366,,,"Wade Miley",8779,489119
"Andrew Cashner","CHC",10.2,-5.348750114440918,,,,,-9.05181815407493,1.617142881665911,,,,-8.229999878827263,,,"Andrew Cashner",8782,488768
"Elih Villanueva","FLA",3,-3.448076981764573,,-3.305000066757202,,,,1.941666603088379,4.014999866485596,,,-5.25235299503102,,,"Elih Villanueva",8796,534631
"Ryan Perry","DET",37,-1.5980456224870216,,2.7819046747116816,,,-7.317666965060764,2.9865980639900127,,,,-4.779411764705882,,,"Ryan Perry",8799,543634
"Antonio Bastardo","PHI",58,5.527325449850937,,,,,8.4399995803833,-2.225249259702621,,,,5.185151533647017,,,"Antonio Bastardo",8844,455374
"Brandon Beachy","ATL",141.2,-1.9806544755563864,,,,,-6.759090770374645,2.045054450274033,4.01594711505369,,,-7.32516015625,,,"Brandon Beachy",8851,545404
"Ryan Cook","ARI",7.2,-5.3981634646045915,,,,,-8.556999969482423,3.338275777882543,,,,-7.4547998046875,,,"Ryan Cook",8855,475857
"Matt Reynolds","COL",50.2,4.9012409590746655,,,,,7.565000057220459,,,-1.5249800359110433,,6.860653945823121,,,"Matt Reynolds",8887,519186
"Aneury Rodriguez","HOU",85.1,-1.7651570638020833,,,,,-9.016154069166918,8.053047624214617,,,,-3.326060555197976,,,"Aneury Rodriguez",8948,444553
"Blake Hawksworth","LAD",53,-4.253114794121414,,,,,-7.617365106806025,-5.554999828338623,2.6299999095775464,,,-9.6671875,,,"Blake Hawksworth",8963,458003
"Jeanmar Gómez","CLE",58.1,-5.89507243944251,,,,,-9.231104919875877,2.651725846498751,,,,-9.034108893815862,,,"Jeanmar Gomez",9033,491646
"John Axford","MIL",73.2,-3.5107971406066825,,,,,,4.7987719084087175,2.673494360260804,,,,,,"John Axford",9059,446099
"Zach Putnam","CLE",7.1,-3.1379244822376178,,,-6.476388719346788,,-8.182856968470983,2.661666658189562,,,,,,,"Zach Putnam",9080,474029
"Cody Eppley","TEX",9,-4.135714394705636,,,,,-7.424639200426869,4.129491515078787,,,,-6.858750343322754,,,"Cody Eppley",9095,543136
"Brad Hand","FLA",60,9.145209066107503,,,,,,,-1.8851578561883224,,,9.970909041587753,,,"Brad Hand",9111,543272
"Tommy Hanson","ATL",130,-3.3876778281932314,,,,,,3.680926574911162,5.546920675315604,,,-3.138945538064708,,,"Tommy Hanson",9129,462102
"Nathan Eovaldi","LAD",34.2,-5.712265610694885,,,-3.5659998575846354,,-8.043191355170933,1.568595066543453,5.337931057502484,,,-6.737333170572916,,,"Nathan Eovaldi",9132,543135
"Erik Hamren","SDP",12.1,,,,,,-9.681473133175873,3.319761730375744,,,,-3.9206667582194012,,,"Erik Hamren",9133,543271
"Sean O'Sullivan","KCR",58.1,-5.182493089649776,,,,,-7.644632845948645,3.999999933367733,3.3395774733852335,,,-6.873039320403454,,,"Sean O'Sullivan",9137,457711
"Lester Oliveros","- - -",21.1,-5.139322916666667,,,,,-8.106349400111608,1.759146387984113,,,,-8.191428671077807,,,"Lester Oliveros",9167,500902
"Koji Uehara","- - -",65,-5.204960942268372,,0.8989999771118165,-7.43061287172379,,-7.827066650390625,-0.09192312680757962,,,,,,,"Koji Uehara",9227,493157
"Chad Beck","TOR",2.1,-3.7842106066252055,,,-5.815000057220459,,,2.615000009536743,,,,,,,"Chad Beck",9258,444447
"David Herndon","PHI",57,,,,,,-10.407023248066471,1.396476627013844,,,,-8.954815146363812,,,"David Herndon",9264,458589
"Dylan Axelrod","CHW",18.2,-4.704455460652267,,,,,-8.01509095105258,0.9728346096249078,1.8727273074063389,,,-9.379166920979818,,,"Dylan Axelrod",9303,518420
"Jared Hughes","PIT",11,-6.672222137451172,,,,,-9.514577086542694,4.448620500235722,,,,-6.789999961853027,,,"Jared Hughes",9325,453172
"Michael Crotta","PIT",10.2,-4.297777811686198,,,,,-8.797192668357091,2.1757143565586636,,,,-6.539999961853027,,,"Michael Crotta",9337,453273
"Brandon Morrow","TOR",179.1,-4.537004807142313,,-0.4649999737739563,-7.7872951675511,,-8.295080684921116,2.1947208145289747,6.03000020980835,2.783478351853649,,,,,"Brandon Morrow",9346,453344
"Josh Tomlin","CLE",165.1,-3.137508836111927,,2.0438961673092533,,,-7.261777750651041,,4.781540626703307,,,-6.716666491655466,,,"Josh Tomlin",9388,458708
"Kris Medlen","ATL",2.1,-5.887500286102295,,,,,-8.495999908447265,,4.249999523162842,,,-7.547999572753906,,,"Kris Medlen",9417,450665
"Doug Fister","- - -",216.1,-5.15251568621105,,1.5325093046109775,,,-8.805190107964782,1.0063158336438631,3.9412906439234523,,,-8.75552031897396,,,"Doug Fister",9425,450729
"Cole Kimball","WSN",14,-2.2380146699793197,,,-3.6623807634626115,,-7.00131546823602,,5.192702834670608,,,,,,"Cole Kimball",9480,501993
"George Kontos","NYY",6,-3.0839474326685856,,,,,-6.761176614200368,4.318285696847099,,,,,,,"George Kontos",9486,502004
"Jeremy Jeffress","KCR",15.1,-1.5721818403764205,,,,,-7.530833562215169,,,5.245714460100446,,-8.930000305175781,,,"Jeremy Jeffress",9490,502026
"Bud Norris","HOU",186,-2.7872520146407482,,1.2090540705500423,,,-7.703701266994724,4.39001304365688,,,,-6.125456679290926,,,"Bud Norris",9492,502032
"Jay Buente","- - -",5,-6.852856881277901,,,,,-9.415999857584636,,4.255454670299184,,,-7.546944300333659,,,"Jay Buente",9494,502055
"Kam Mickolio","ARI",6.2,-5.19841450016673,,,,,-9.638571602957589,-0.36894738046746506,,,,,,,"Kam Mickolio",9513,501874
"Jordan Smith","CIN",20,-3.9838889793113426,,,,,-8.292521866508153,0.16134328984502536,,,,-5.431000137329102,,,"Jordan Smith",9515,502136
"Drew Carpenter","- - -",14.2,-7.226338131327025,,,,,-9.964507196990537,1.453968229747954,,,,-7.101639544377561,,,"Drew Carpenter",9533,502165
"P.J. Walters","- - -",5,-5.2381250858306885,,-0.13124996423721313,,,-9.54942844935826,5.096086916716202,,,,-9.387894479851974,,,"P.J. Walters",9557,502208
"Mike McClendon","MIL",13.2,-5.090769254244291,,,,,-8.775280898876405,-1.3205318856746593,,,,-8.023999786376953,,,"Mike McClendon",9587,501873
"Mike Zagurski","PHI",3.1,6.298085314162234,,,,,8.56666734483507,-1.718800048828125,,,,,,,"Mike Zagurski",9683,489448
"Louis Coleman","KCR",59.2,-4.894965151899652,,,,,-6.8291936074533774,5.598214285714286,,,,-5.29702717549092,,,"Louis Coleman",9720,488786
"Burke Badenhop","FLA",63.2,-5.84866689046224,,,-7.729028674139493,,-9.603495589143238,9.425999656883446,9.489999771118164,,,,,,"Burke Badenhop",9736,488674
"Garrett Richards","LAA",14,-1.7196721561619492,,1.1958823484532974,,,-6.179666519165039,2.584235157686121,,,,-7.28642863886697,,,"Garrett Richards",9784,572070
"Rex Brothers","COL",40.2,2.964603242420015,,,,,6.561666488647461,-0.4662564008663862,,,,,,,"Rex Brothers",9794,571521
"Sergio Romo","SFG",48,-7.499281905626467,,,,,-9.486285321124189,8.945610970510563,,,,-11.259384155273438,,,"Sergio Romo",9817,489265
"Carlos Fisher","CIN",24,-2.588219211526113,,1.8060824993959408,,,-6.822428676060268,2.8656520014223843,,,,,,,"Carlos Fisher",9832,457567
"Joey Devine","OAK",23,-5.862727309718276,,,,,-9.900769355969551,5.157524486579518,,,,,,,"Joey Devine",9862,457733
"Michael Kirkman","TEX",27.1,-9.153333028157553,,,,,9.85157912877322,-3.83037030255353,,,,11.042826113493547,,,"Michael Kirkman",9877,457779
"Travis Wood","CIN",106,5.782248008151014,,-0.15813491268763466,,,9.189719369478315,-0.4576388994852702,-2.1383653787466197,,,10.278685952625136,,,"Travis Wood",9884,475243
"Garrett Olson","PIT",4.1,5.196530711894133,,,,,8.40999984741211,-4.567500114440918,,,,6.890000025431315,,,"Garrett Olson",9889,457796
"Chris Volstad","FLA",165.2,-4.109456961495535,,,,,-8.001210504582268,3.1588139758275817,6.440691195852388,,,-7.035873170882937,,,"Chris Volstad",9901,458690
"Kevin Slowey","MIN",59.1,-4.183951981291323,,,,,-8.003181804310191,3.602229814271669,5.3039822873816025,,,-4.005500030517578,,,"Kevin Slowey",9918,458713
"Matt Maloney","CIN",18.2,6.206817973743785,,,,,9.074117503446692,-0.6107692718505859,-4.149629663538049,,,9.506513683074111,,,"Matt Maloney",9920,476011
"Bobby Parnell","NYM",59.1,-7.43683099127435,,,-6.618750095367432,,-9.511667039659288,0.7574271785402761,,1.5128378996977936,,,,,"Bobby Parnell",9926,458730
"Brandon Kintzler","MIL",14.2,-6.079375267028809,,,,,-8.961526419370228,2.3579309397730333,,,,-10.474038931039663,,,"Brandon Kintzler",9939,445213
"Mike Dunn","FLA",63,4.512502569901316,,,,,9.596429007393974,-1.4492526005559407,,,,8.198333740234375,,,"Mike Dunn",9948,445197
"Tom Wilhelmsen","SEA",32.2,-2.700719380550247,,,,,-6.860958987719392,0.36482758357607087,6.48423974609375,,,-6.559999942779541,,,"Tom Wilhelmsen",9975,452666
"Mike Minor","ATL",82.2,4.409068071571946,,,,,8.444285801478795,-0.08700786049910418,-0.1599999964237213,0.09227643361905725,,10.100966796875,,,"Mike Minor",10021,501985
"Alex White","- - -",51.1,-3.08026845023136,,,-6.073401418672938,,-7.093790811567164,0.8368141714450532,,,,,,,"Alex White",10054,502229
"Hisanori Takahashi","LAA",68,7.253719805627735,,,,,10.078426746839888,-2.8838755046351676,-5.319210654810855,,,10.622372369696624,,,"Hisanori Takahashi",10091,538227
"Dane De La Rosa","TBR",7.1,-1.4365305997887436,,1.4642424149946733,-4.289999961853027,,,5.08652164625085,,,,,,,"Dane De La Rosa",10095,451773
"Mike Leake","CIN",167.2,-2.2509701714586856,,0.7032924728043046,,,-7.222895286096394,3.6595165747722596,9.157646627987132,7.962038465366242,,-6.925884425855285,,,"Mike Leake",10130,502190
"Stephen Strasburg","WSN",24,-5.658763598370296,,,,,-7.922545276988636,,8.497500332919033,,,-8.593256041061046,,,"Stephen Strasburg",10131,544931
"Aaron Crow","KCR",62,-6.465260187784831,,,,,-9.210074788614401,2.3651451573837403,,6.3676922137920675,,-10.266666412353516,,,"Aaron Crow",10149,543070
"Jacob Turner","DET",12.2,-2.3854901182885264,,-1.5800000429153442,,,-6.5701887022774175,,3.187962849934896,,,-7.378709362399194,,,"Jacob Turner",10185,545363
"Ryota Igarashi","NYM",38.2,-5.723488386287245,,,0.34447057387408087,,-8.787385085533405,,5.924833170572916,,,-7.028130259940295,,,"Ryota Igarashi",10232,579799
"Aroldis Chapman","CIN",50,4.148836252008627,,,,,,-4.08586453315907,,,,3.034000015258789,,,"Aroldis Chapman",10233,547973
"Andy Oliver","DET",9.2,6.689310008081897,,,,,9.617037172670718,-2.4703844510591946,,,,6.7421742314877715,,,"Andy Oliver",10257,501989
"Alexi Ogando","TEX",169,-2.740569183946322,,1.2480523613061798,,,-7.938518156828704,3.709947080131551,,,,-3.9483332778468276,,,"Alexi Ogando",10261,468396
"Addison Reed","CHW",7.1,-5.049259138695987,,,,,-7.165714263916016,4.331515225497159,,,,-6.918888939751519,,,"Addison Reed",10586,592665
"Chris Sale","CHW",71,7.283518473307292,,,,,10.076074600219727,-4.185075073242188,,,,10.901338351993111,,,"Chris Sale",10603,519242
"Josh Spence","SDP",29.2,6.448888990614149,,,,,9.652265548706055,,-4.8043807038163715,,,8.178494361139112,,,"Josh Spence",11260,543805
"Yunesky Maya","WSN",32.2,-4.725537700037802,,,,,-8.267636385830967,4.922941230325138,7.1407016285678795,,,-5.362539927164714,,,"Yunesky Maya",11420,493337
"Drew Pomeranz","COL",18.1,3.646222149884259,,,,,6.111304241677989,-1.3550000190734863,,-3.2602500915527344,,5.738000106811524,,,"Drew Pomeranz",11426,519141
"Yoshinori Tateyama","TEX",44,,,,,,-10.08118842861757,-2.739534777264262,12.756863680752842,,,-7.147499847412109,-3.7549055567327536,,"Yoshinori Tateyama",11651,599899
"Chance Ruffin","- - -",17.2,-4.669459265631598,,,,,-7.525000254313151,4.963673494300064,8.681481255425346,,,-13.053332964579264,,,"Chance Ruffin",11745,592704
"Steve Delabar","SEA",7,-4.355178560529437,,,,,-7.26499997652494,,,,,-5.09739121146824,,,"Steve Delabar",11827,447755