Name,Team,IP,wFA,wFT,wFC,wFS,wFO,wSI,wSL,wCU,wKC,wEP,wCH,wSC,wKN,NameASCII,PlayerId,MLBAMID
"Mike McCoy","TOR",1,,,-0.022227823734283447,,,,,,,,0.22121977806091309,,0.517433226108551,"Mike McCoy",4583,453454
"Ryan Franklin","STL",27.2,-0.8340859413146973,,-1.9707603454589844,-0.010380323976278305,,-4.496429443359375,-1.9076039791107178,-6.086514472961426,,,0.2983568608760834,,0.10154980421066284,"Ryan Franklin",1076,211041
"Mitch Maier","KCR",1,,,,,,,0.20823341608047485,-0.8584540486335754,,,0.6590673923492432,,0.0035020112991333008,"Mitch Maier",5588,430574
"R.A. Dickey","NYM",208.2,12.512361347675323,,,,,,,,,0.8344799876213074,,,-1.987011969089508,"R.A. Dickey",1245,285079
"Tim Wakefield","BOS",154.2,4.051543146371841,,,,,,,1.3147432655096054,,,,,-24.71581321954727,"Tim Wakefield",219,123801
"Neftalí Feliz","TEX",62.1,6.952268123626709,,2.2616846561431885,,,-0.7241211533546448,-1.1242890357971191,,,,1.306328296661377,,,"Neftali Feliz",18,491703
"Ramon Ortiz","CHC",33.1,0.20151005685329437,,,,,-6.145431756973267,5.083461165428162,,,,0.856642097234726,,,"Ramon Ortiz",27,150009
"Xavier Cedeño","HOU",1.2,-0.2788909673690796,,,,,-0.6618735194206238,,-2.084968090057373,,,-1.0431692600250244,,,"Xavier Cedeno",36,458584
"Miguel Batista","- - -",60,2.1092783510684967,,0.05388779193162918,,,5.327570527791977,-2.257118448615074,-0.05747698247432709,,,-1.3052166439592838,,,"Miguel Batista",46,110683
"Zach Phillips","BAL",8,0.0603126585483551,,,,,0.3504432141780853,1.8970149755477905,,,,-1.5912495851516724,,,"Zach Phillips",99,452061
"Jason Marquis","- - -",132,0.27872102335095406,,,,,-4.418379902839661,-3.7757725715637207,,,,-3.0495792105793953,,,"Jason Marquis",105,150302
"Kevin Millwood","COL",54.1,-3.5006632804870605,,-0.04341529309749603,0.8328250646591187,,0.8184518218040466,1.496286392211914,-0.5272089838981628,,,0.37261316180229187,,,"Kevin Millwood",106,119154
"Horacio Ramirez","LAA",9,-0.30667760968208313,,,,,0.8738791942596436,0.011668596416711807,-0.5737875699996948,,,-2.1880342960357666,,,"Horacio Ramirez",110,400141
"Dan Wheeler","BOS",49.1,0.6294808983802795,,2.004490375518799,-1.997315526008606,,-1.9449336528778076,3.2117106914520264,-0.05358840525150299,,,,,,"Dan Wheeler",120,235095
"Erik Bedard","- - -",129.1,-2.5566864013671875,,0.7274444997310638,0.3046908676624298,,8.462740898132324,,3.6258818209171295,,,-3.17929345369339,,,"Erik Bedard",126,407853
"Rodrigo Lopez","CHC",97.2,-8.107040226459503,,,,,-0.45680785179138184,1.6038959622383118,0.6339001655578613,,,-13.671741724014282,,,"Rodrigo Lopez",150,150438
"Rafael Betancourt","COL",62.1,5.825552940368652,,6.9120306968688965,,,,2.9836974143981934,,,,-1.2978882789611816,,,"Rafael Betancourt",177,429783
"Derek Lowe","ATL",187,,,-3.6598081588745117,,,-9.119126319885254,5.698846817016602,,,,-1.969028115272522,,,"Derek Lowe",199,117955
"Darren Oliver","TEX",51,3.8712337017059326,,,,,1.1543166637420654,0.3900145888328552,,,,0.12128806114196777,,,"Darren Oliver",206,119984
"Mark Buehrle","CHW",205.1,-6.605632781982422,,3.2975149154663086,,,-2.3544399738311768,,-0.09556084871292114,,,7.523044109344482,,,"Mark Buehrle",225,279824
"Jon Garland","LAD",54,1.4524493217468262,,,,,-2.962445020675659,-0.2706984877586365,-1.2535573244094849,,,0.6694742441177368,,,"Jon Garland",232,279782
"Daniel McCutchen","PIT",84.2,2.019991874694824,,,,,-1.7219170331954956,0.45777976512908936,-1.100085735321045,,,2.931698799133301,,,"Daniel McCutchen",263,445216
"Juan Cruz","TBR",48.2,-4.551932334899902,,4.312230110168457,,,,3.682095527648926,,,,2.305354356765747,,,"Juan Cruz",273,407297
"Kyle Farnsworth","TBR",57.2,-0.24979138374328613,,1.2473676204681396,,,0.7411882877349854,6.899971008300781,,,,-0.31636255979537964,,,"Kyle Farnsworth",278,150035
"Will Ohman","CHW",53.1,-2.2230489253997803,,,,,2.6322484016418457,-1.2311630249023438,0.18562909960746765,,,-0.19579730927944183,,,"Will Ohman",296,349193
"Kerry Wood","CHC",51,2.7773449420928955,,,0.03511013090610504,,,-1.416075587272644,-1.885459542274475,,,,,,"Kerry Wood",304,134268
"Carlos Zambrano","CHC",145.2,1.3156728744506836,,-0.8525742888450623,-3.415928602218628,,-3.111435651779175,5.87457275390625,-4.92958927154541,,,,,,"Carlos Zambrano",305,407296
"Kanekoa Texeira","KCR",6.1,-0.5153428316116333,,,,,-0.1951957494020462,-0.35274654626846313,,,,-0.7614039778709412,,,"Kanekoa Texeira",334,444427
"Blake Beavan","SEA",97,6.823454856872559,,0.002210918813943863,,,-5.849226474761963,-3.750386953353882,-0.6441228985786438,,,-2.7955164909362793,,,"Blake Beavan",338,518444
"Danys Baez","PHI",36,-3.612671136856079,,,,,-1.7650246620178223,,0.022641316056251526,,,,,,"Danys Baez",367,276056
"Bartolo Colon","NYY",164.1,3.2332175821065903,,,,,6.230088144540787,-8.696826696395874,,,,-3.983769655227661,,,"Bartolo Colon",375,112526
"CC Sabathia","NYY",237.1,4.676688194274902,,,,,1.4210370779037476,12.625422477722168,,,,2.7005841732025146,,,"CC Sabathia",404,282332
"Jake Westbrook","STL",183.1,-0.5275537371635437,,-3.4714181423187256,0.013395693153142929,,-9.59635066986084,3.0667600631713867,-6.971590042114258,,,4.035463809967041,,,"Jake Westbrook",412,150414
"Brian Fuentes","OAK",58.1,,,,,,11.04297924041748,-0.8271404504776001,,,,-4.90090274810791,,,"Brian Fuentes",429,150118
"Dennys Reyes","BOS",1.2,,,,,,-0.7171104550361633,-0.038731563836336136,,,,-0.492535263299942,,,"Dennys Reyes",444,121096
"Fernando Rodney","LAA",32,-0.05039745569229126,,,,,-2.769829273223877,0.5435287952423096,,,,2.6846489906311035,,,"Fernando Rodney",494,407845
"Josh Beckett","BOS",193,12.705902099609375,,7.460661888122559,,,1.27506685256958,,2.5147619247436523,,,6.634620189666748,,,"Josh Beckett",510,277417
"A.J. Burnett","NYY",190.1,-22.73741900920868,,,,,-9.6911039352417,,,10.570792093873024,,-0.9676781892776489,,,"A.J. Burnett",512,150359
"Ryan Dempster","CHC",202.1,-9.49848461151123,,-0.30369240045547485,4.666879177093506,,-12.647156715393066,0.2756543755531311,,,,,,,"Ryan Dempster",517,133225
"Jason Grilli","PIT",32.2,2.73698091506958,,,,,-1.2377480268478394,3.413944959640503,,,,0.4245707392692566,,,"Jason Grilli",521,276351
"Brad Penny","DET",181.2,-16.36369514465332,,-0.359814316034317,-5.044313430786133,,5.07882833480835,,-7.465782165527344,,,0,,,"Brad Penny",535,207267
"Octavio Dotel","- - -",54,5.667818903923035,,1.613474279642105,,,,3.584992602467537,-0.16409438848495483,,,,,,"Octavio Dotel",555,136734
"Brad Lidge","PHI",19.1,-0.3267398178577423,,,,,-0.28130602836608887,3.232436180114746,,,,,,,"Brad Lidge",563,400058
"Scott Linebrink","ATL",54.1,1.643245816230774,,0.38562560081481934,,-3.1786937713623047,2.220906972885132,-4.322413921356201,,,,,,,"Scott Linebrink",564,276530
"Roy Oswalt","PHI",139,2.787839651107788,,-0.11750786006450653,,,8.923333168029785,-0.485927015542984,-2.7945196628570557,,0.12055714428424835,-4.858651638031006,,,"Roy Oswalt",571,400061
"Jeremy Affeldt","SFG",61.2,2.249574899673462,,,,,3.637613534927368,,-2.6071901321411133,,,1.346093773841858,,,"Jeremy Affeldt",583,346793
"Jeremy Horst","CIN",15.1,0.7570968270301819,,,,,0.6594761610031128,-0.8798623085021973,,,,-2.0162265300750732,,,"Jeremy Horst",596,456662
"Mike MacDougal","LAD",57,-0.5952461361885071,,,,,4.53486967086792,-0.8347594738006592,-0.034282512962818146,,,,,,"Mike MacDougal",612,213680
"Nelson Figueroa","HOU",29,-7.158544421195984,,,-0.2746175155043602,,,-0.32484686374664307,-2.4011356830596924,,,,,,"Nelson Figueroa",683,150153
"Jamey Wright","SEA",68.1,-1.1584348678588867,,5.413187503814697,,,-4.791943073272705,-0.43391433358192444,4.036866664886475,,,,,,"Jamey Wright",715,124604
"Grant Balfour","OAK",62,9.374853134155273,,2.514702796936035,,,-2.1349802017211914,1.2404775619506836,1.4084759950637817,,,,,,"Grant Balfour",718,346797
"LaTroy Hawkins","MIL",48.1,7.116723537445068,,,,,-0.38024213910102844,2.1436073780059814,-3.084784746170044,,,-1.78859281539917,,,"LaTroy Hawkins",729,115629
"Kyle Lohse","STL",188.1,-4.44753360748291,,,,,4.979403018951416,3.8201019763946533,0.6326712965965271,,,10.528168678283691,,,"Kyle Lohse",739,346798
"J.C. Romero","- - -",24.2,1.4578129053115845,,,,,-1.3280115127563477,-1.242897093296051,,,,-2.038172662258148,,,"J.C. Romero",754,240694
"Brad Thomas","DET",11,-0.6493579745292664,,,,,0.8416381478309631,-1.4469456672668457,-1.4279214143753052,,,-1.2652589082717896,,,"Brad Thomas",757,346801
"Bruce Chen","KCR",155,-6.244798183441162,,,,,-3.8285744190216064,8.61396598815918,-0.8928993344306946,,0.041490137577056885,-0.130686953663826,,,"Bruce Chen",769,136600
"Scott Downs","LAA",53.2,,,,,,10.115826606750488,,1.6667516231536865,,,-0.02009269967675209,,,"Scott Downs",773,275933
"Carl Pavano","MIN",222,-2.9868924617767334,,,-2.150606155395508,,-22.779632568359375,-0.42401131987571716,,,,9.205798149108887,,,"Carl Pavano",790,134321
"Javier Vazquez","FLA",192.2,9.457622528076172,,,,,-4.380847930908203,1.0529735088348389,8.546123504638672,,,-1.7029324769973755,,,"Javier Vazquez",801,134320
"Randy Choate","FLA",24.2,0.13672229647636414,,,,,4.31146764755249,1.4996280670166016,,,,,,,"Randy Choate",813,329092
"Ted Lilly","LAD",192.2,7.371566295623779,,,,,-0.6470037698745728,0.32959306240081787,-3.5515668392181396,,,2.3336331844329834,,,"Ted Lilly",833,150404
"Mariano Rivera","NYY",61.1,2.8197720050811768,,12.847931861877441,,,,,,,,,,,"Mariano Rivera",844,121250
"Sam Demel","ARI",25.2,-1.4698481559753418,,1.7667440176010132,,,-4.704061985015869,1.3996984958648682,,,,-0.14857907593250275,,,"Sam Demel",868,451585
"Scott Maine","CHC",7,-0.3028390109539032,,-0.13941814005374908,,,-6.022100925445557,0.2822769582271576,0.29596465826034546,,,-0.5620502233505249,,,"Scott Maine",885,453186
"Alan Johnson","COL",4,0.09021688997745514,,,,,,-1.733940839767456,0.9720642566680908,,,-0.055946964770555496,,,"Alan Johnson",917,489567
"Tim Hudson","ATL",215,0.6068606972694397,,9.866802215576172,-0.5336471199989319,,14.092524528503418,,3.3872249126434326,,,,,,"Tim Hudson",921,218596
"Bryan Augenstein","STL",5.2,,,,,,-1.96126127243042,,-1.0133755207061768,,,-0.2110666036605835,,,"Bryan Augenstein",936,446248
"Barry Zito","SFG",53.2,-2.7475146055221558,,-1.7133220434188843,,,-5.6742777824401855,,0.29857179522514343,,,5.27091646194458,,,"Barry Zito",944,217096
"Brett Myers","HOU",216,-6.309125751256943,,-1.7493114173412323,,,-6.8254075050354,5.7852941155433655,9.297561943531036,,,-7.137867800891399,,,"Brett Myers",962,408206
"Vicente Padilla","LAD",8.2,-0.1369299441576004,,,0.04094248265028,,1.3679487705230713,-0.2822096347808838,-0.2176227867603302,,-0.038731563836336136,0.05336589366197586,,,"Vicente Padilla",964,218894
"Randy Wolf","MIL",212.1,3.2472476959228516,,-5.186278343200684,,,6.174716949462891,-0.005582213401794434,1.7397725582122803,,0.14079415798187256,-4.316779613494873,,,"Randy Wolf",976,150116
"Bronson Arroyo","CIN",199,-7.908207893371582,,-1.1098359823226929,,,-15.451956748962402,9.017791748046875,-2.6355788707733154,,,-10.94388484954834,,,"Bronson Arroyo",978,276520
"Joe Beimel","PIT",25.1,-2.4564614295959473,,,,,-2.94061541557312,0.2148200422525406,,,,-0.5765069723129272,,,"Joe Beimel",979,346847
"Aaron Thompson","PIT",7.2,-5.845631957054138,,,,,-0.29510970786213875,0.6717697083950043,,,,1.0510648041963577,,,"Aaron Thompson",999,457744
"Ryan Vogelsong","SFG",179.2,8.71356213092804,,,,,9.771282434463501,-7.846822887659073,4.195929735898972,,,0.03681468963623047,,,"Ryan Vogelsong",1011,285064
"Jake Peavy","CHW",111.2,10.382996201515198,,-2.5848095640540123,,,-3.0243891179561615,0.9106357395648956,-1.2160503752529621,,,1.501344084739685,,,"Jake Peavy",1051,408241
"Brett Tomko","TEX",17.2,-1.7714422941207886,,,,,0.29761403799057007,0.10904019325971603,1.5046751499176025,,,-0.9315604567527771,,,"Brett Tomko",1056,123387
"Ryan Tucker","TEX",5,-3.273627281188965,,,0.6015995144844055,,0.7217215299606323,0.11618217825889587,,,,0.042250435799360275,,,"Ryan Tucker",1062,457761
"Freddy Garcia","NYY",146.2,-1.1614123582839966,,,0.823633223772049,,-7.9728357791900635,1.9640032649040222,0.5915129818022251,,,-0.26640693843364716,,,"Freddy Garcia",1077,150119
"Joel Pineiro","LAA",145.2,-5.984386146068573,,,,,-9.710200667381287,1.8465845584869385,-0.31972476840019226,,,-0.8569652996957302,,,"Joel Pineiro",1094,334492
"Arthur Rhodes","- - -",33,-1.1905620098114014,,-0.038731563836336136,,,,-0.985625147819519,,,,-0.9075882136821747,,,"Arthur Rhodes",1097,121125
"Rafael Soriano","NYY",39.1,3.1704564094543457,,-1.0461972951889038,,,-0.16511885821819305,3.0385818481445312,,,,,,,"Rafael Soriano",1100,400089
"Livan Hernandez","WSN",175.1,-2.4931957721710205,,,,,-10.364507675170898,-1.457623839378357,8.70931339263916,,,-1.1155537366867065,,,"Livan Hernandez",1116,115817
"Marco Estrada","MIL",92.2,10.382111072540283,,-0.2360546886920929,,,-0.10197766125202179,,-2.6170460395514965,,,-2.744565635919571,,,"Marco Estrada",1118,462136
"Joe Nathan","MIN",44.2,-3.28558087348938,,-0.1742641180753708,,,-2.3594014644622803,4.242094993591309,1.522212266921997,,,-0.2802078425884247,,,"Joe Nathan",1122,150274
"Jerome Williams","LAA",44,-1.8939349502325058,,1.3434672355651855,,,-1.360109120607376,-1.1014746725559235,-1.4219729900360107,,,4.336824953556061,,,"Jerome Williams",1137,425532
"Tommy Hunter","- - -",84.2,-13.042382419109344,,6.889781229197979,,,-0.02024884521961212,,1.3091236129403114,,,-3.187342830002308,,,"Tommy Hunter",1157,488984
"Jason Isringhausen","NYM",46.2,2.0000457763671875,,3.6400997638702393,,,-3.1098403930664062,,-0.11998020857572556,,,-0.09738920629024506,,,"Jason Isringhausen",1158,116414
"Francisco Cordero","CIN",69.2,-2.5554864406585693,,,,,,8.429333686828613,1.6194944381713867,,,4.427547931671143,,,"Francisco Cordero",1243,150188
"Doug Davis","CHC",45.2,-2.677180051803589,,-1.1490663290023804,,,0.3831739127635956,-0.05972014367580414,-1.8372063636779785,,,-1.7835414409637451,,,"Doug Davis",1244,150277
"Colby Lewis","TEX",200.1,3.01474666595459,,-0.06282879412174225,,,-0.07893161475658417,0.05950576812028885,-2.998610496520996,,,-1.624588966369629,,,"Colby Lewis",1259,407890
"Chris Carpenter","STL",237.1,4.329318523406982,,14.398223876953125,,,0.7121655344963074,,-0.4302462637424469,,,0.37488308548927307,,,"Chris Carpenter",1292,112020
"Roy Halladay","PHI",233.2,,,17.200862884521484,-0.06324610114097595,,1.567082405090332,,14.000391006469727,,,10.878966331481934,,,"Roy Halladay",1303,136880
"Brandon Lyon","HOU",13.1,-9.586970329284668,,-3.3280129432678223,,,1.091412901878357,,2.536620855331421,,,-0.0351044237613678,,,"Brandon Lyon",1312,407193
"Pedro Beato","NYM",67,-0.7594348192214966,,,,,-2.38161039352417,1.300447940826416,-0.038731563836336136,1.4127451181411743,,1.16804039478302,,,"Pedro Beato",1330,474039
"Blake Wood","KCR",69.2,-4.647775650024414,,,,,0.7865419387817383,3.5421836376190186,,,,0.28192996978759766,,,"Blake Wood",1345,502028
"Nick Hagadone","CLE",11,3.62811017036438,,-0.49433475732803345,,,0.6056094765663147,0.453457772731781,,,,0.08019398152828217,,,"Nick Hagadone",1351,444935
"Andrew Bailey","OAK",41.2,5.63190221786499,,-0.5963438749313354,,,,,0.8104831576347351,,,-0.5559242963790894,,,"Andrew Bailey",1368,457732
"Charlie Furbush","- - -",85.1,-8.13342535495758,,,,,1.6849457658827305,-5.561212182044983,-0.1010621003806591,,,1.4078045040369034,,,"Charlie Furbush",1370,518703
"Joaquín Benoit","DET",61,7.74394416809082,,,,,3.752182722091675,4.148005485534668,-0.026308152824640274,,,-1.0473839044570923,,,"Joaquin Benoit",1437,276542
"Chad Durbin","CLE",68.1,-0.6938744187355042,,-5.030576229095459,,,-4.335690975189209,,-2.45862078666687,,,-4.0855793952941895,,,"Chad Durbin",1442,239795
"Aaron Harang","SDP",170.2,4.210485935211182,,,,,-7.8648295402526855,2.3158116340637207,2.3945186138153076,,,-5.4395270347595215,,,"Aaron Harang",1451,421685
"Guillermo Mota","SFG",80.1,-2.1503231525421143,,,,,6.226301670074463,-0.10467471182346344,,,,-0.8277820348739624,,,"Guillermo Mota",1467,150407
"Jon Rauch","TOR",52,-5.31312370300293,,-0.3221306800842285,,,-0.06324610114097595,1.7495771646499634,-0.1299002766609192,,,0.5046269297599792,,,"Jon Rauch",1475,400010
"Felix Doubront","BOS",10.1,-3.472278118133545,,-1.2359273433685303,,,1.101479411125183,,-0.7617017030715942,,,0.7821305990219116,,,"Felix Doubront",1478,467094
"John Lackey","BOS",160,-18.700551986694336,,5.808114528656006,,,-3.48421311378479,0.03704632818698883,-7.939131259918213,,,-5.748702526092529,,,"John Lackey",1507,407793
"Sandy Rosario","FLA",3.2,-0.05972250550985336,,,,,,-1.2699252367019653,,,,0.8183770775794983,,,"Sandy Rosario",1525,466459
"Michael Cuddyer","MIN",1,-0.6069517135620117,,-0.06103518232703209,,,,-0.07746312767267227,,,,-0.05266030877828598,,,"Michael Cuddyer",1534,150212
"Aaron Cook","COL",97,-3.7725452855229378,,,,,-12.164248585700989,-3.3303799629211426,0.6474018096923828,,,,,,"Aaron Cook",1571,346871
"Mark Hendrickson","BAL",11,-2.663787603378296,,0.20694328844547272,,,-0.6840978264808655,,0.7336971759796143,,,0.14405861496925354,,,"Mark Hendrickson",1574,424805
"Cliff Lee","PHI",232.2,12.627248764038086,,0.5530173778533936,,,16.35173797607422,0.14311586320400238,6.380633354187012,,,4.222136497497559,,,"Cliff Lee",1636,424324
"Francisco Rodríguez","- - -",71.2,-1.8239637613296509,,,,,1.0178475379943848,,0.26057836413383484,,,6.354626417160034,,,"Francisco Rodriguez",1642,408061
"Brian Tallet","- - -",13.1,-2.4262517020106316,,,,,-1.8170220851898193,-2.8576217964291573,0.15470263361930847,,,-2.7078607603907585,,,"Brian Tallet",1646,425226
"Luis Ayala","NYY",56,-1.631605863571167,,,,,-1.882806658744812,4.1458563804626465,0.18330255150794983,,,3.1187963485717773,,,"Luis Ayala",1650,425646
"Jose Contreras","PHI",14,0.10951834917068481,,,-0.3624318242073059,,1.7973644733428955,-0.4695571959018707,,,,,,,"Jose Contreras",1660,425747
"Javier López","SFG",53,-0.038731563836336136,,,,,0.8605124354362488,8.161972999572754,2.36448073387146,,,-1.5142934322357178,,,"Javier Lopez",1663,425657
"D.J. Carrasco","NYM",49.1,-0.5084320046007633,,-5.0650506019592285,,,0.5529553890228271,-1.640380471944809,-1.7218656986951828,,,-0.7081166729331017,,,"D.J. Carrasco",1666,425647
"Wilfredo Ledezma","TOR",6,-4.487246036529541,,,,,0.8467392325401306,-1.347403883934021,0.11437124013900757,,,-0.30397921800613403,,,"Wilfredo Ledezma",1669,425656
"Trever Miller","- - -",21.1,-0.7326359152793884,,,,,0.05483478307723999,-3.932893842458725,,,,0.20534807443618774,,,"Trever Miller",1672,119125
"Chris Capuano","NYM",186,0.5428170561790466,,2.3863162994384766,,,-6.080261945724487,-5.893377304077148,,,,-1.8938051760196686,,,"Chris Capuano",1701,425626
"Dontrelle Willis","CIN",75.2,1.0633317232131958,,,,,-0.6071265339851379,-2.6536099910736084,1.8441169261932373,,,-1.1683903932571411,,,"Dontrelle Willis",1703,425883
"Jose Valverde","DET",72.1,13.834905624389648,,,-3.670779228210449,,1.8321527242660522,,,,,,,,"Jose Valverde",1726,407878
"Edgar Gonzalez","COL",2,,,0.10150390863418579,,,0.789757251739502,-0.4921238422393799,,,,-1.2667497396469116,,,"Edgar Gonzalez",1727,429440
"Aaron Heilman","ARI",35.1,,,,,,-3.852546453475952,-4.715108394622803,-1.2715659141540527,,,-0.5205698013305664,,,"Aaron Heilman",1751,408310
"Dan Haren","LAA",238.1,-10.12449836730957,,28.00521671772003,2.8745200783014297,,4.980639934539795,,,3.2475407123565674,,,,,"Dan Haren",1757,429717
"Kevin Correia","PIT",154,-4.105977535247803,,-6.386415958404541,,,6.121730327606201,0.08956223726272583,-5.826656818389893,,,-2.399731323122978,,,"Kevin Correia",1767,429781
"Rich Harden","OAK",82.2,-4.81046724319458,,,,,-0.8233101963996887,-3.046908140182495,,,,-3.299443006515503,,,"Rich Harden",1772,425848
"Sergio Mitre","- - -",38.1,1.8905311226844788,,,,,0.540362536907196,-0.838810496032238,-2.4636176228523254,,,-0.7294677495956421,,,"Sergio Mitre",1773,429901
"Chad Gaudin","WSN",8.1,-3.423025131225586,,,,,-1.237317442893982,0.8341066241264343,,,,-0.38709792494773865,,,"Chad Gaudin",1783,429985
"Kevin Gregg","BAL",59.2,-2.2645134925842285,,-3.7712247371673584,-0.024190273135900497,,-0.06655152142047882,-0.20314806699752808,1.4859497547149658,,,,,,"Kevin Gregg",1793,276514
"Michael Gonzalez","- - -",53.1,-3.6739094853401184,,,,,-1.512460246682167,3.0966328382492065,,,,0.44942566752433777,,,"Michael Gonzalez",1794,283166
"J.J. Putz","ARI",58,8.109911918640137,,0.682554304599762,1.5128015279769897,,0.029128514230251312,0.22157655656337738,,,,,,,"J.J. Putz",1795,407816
"Matt Belisle","COL",72,-0.8766953945159912,,-1.5487008094787598,,,0.13788683712482452,7.533647537231445,-1.3444008827209473,,,0.4154137969017029,,,"Matt Belisle",1837,279571
"Edwin Jackson","- - -",199.2,1.74695885181427,,,,,-2.3343191146850586,2.080810844898224,-0.06588271260261536,,,-5.306163936853409,,,"Edwin Jackson",1841,429719
"John Grabow","CHC",62.1,-11.24726676940918,,,,,,2.080461263656616,,,,-1.9697335958480835,,,"John Grabow",1848,346848
"Ryan Madson","PHI",60.2,-1.486005187034607,,-0.27270302176475525,,,1.5476539134979248,-0.06380046904087067,,,,15.16563606262207,,,"Ryan Madson",1852,425492
"Shawn Camp","TOR",66.1,-0.08033955842256546,,,,,-4.210352897644043,1.1587384939193726,,,,-1.3303687572479248,,,"Shawn Camp",1855,425861
"Michael Wuertz","OAK",33.2,-2.8502066135406494,,,,,,-3.8097660541534424,,,,-0.12116919457912445,,,"Michael Wuertz",1856,430900
"Wilson Valdez","PHI",1,0.014634329825639725,,,,,,,-0.334025502204895,,,0.7440049052238464,,,"Wilson Valdez",1863,407832
"Darnell McDonald","BOS",1,-0.022857990115880966,,-0.6832456588745117,,,,,,,,0.012288693338632584,,,"Darnell McDonald",1867,150021
"Sean Burnett","WSN",56.2,-0.1398315131664276,,,,,-0.49210643768310547,-0.11996126174926758,,,,3.424381971359253,,,"Sean Burnett",1886,430634
"Matt Moore","TBR",9.1,-0.06346273422241211,,,,,0.2925181984901428,,,0.16811314225196838,,0.6513726562261581,,,"Matt Moore",1890,519043
"Jason Frasor","- - -",60,2.116076022386551,,,,,0.03375473618507385,-1.7521631717681885,,,,-3.095434784889221,,,"Jason Frasor",1906,430630
"Scott Proctor","- - -",40.1,-7.898309826850891,,,,,-0.8241041004657745,-5.87298059463501,-0.7030393779277802,,,,,,"Scott Proctor",1911,429984
"Matt Thornton","CHW",59.2,6.405240535736084,,-1.7859371900558472,,,1.0645157098770142,-1.2100872993469238,,,,,,,"Matt Thornton",1918,407819
"Brian Bruney","CHW",19.2,-4.560875415802002,,,,,-0.73325514793396,-0.6286608576774597,,,,-0.4881203770637512,,,"Brian Bruney",1929,430663
"Frank Francisco","TOR",50.2,1.5080238580703735,,,0.407047837972641,,-0.7798434495925903,0.002210918813943863,-0.6889658570289612,,,,,,"Frank Francisco",1933,407911
"Mike Adams","- - -",73.2,4.1225199699401855,,,,,0.49154190719127655,14.78439974784851,3.0037838220596313,,,-1.1234828233718872,,,"Mike Adams",1937,430606
"Justin Germano","CLE",12.2,-0.22294989228248596,,,,,-1.940544605255127,0.5057594776153564,-1.5342761278152466,,,0.9550742506980896,,,"Justin Germano",1938,430683
"Zack Greinke","MIL",171.2,-4.132543563842773,,0.07561571896076202,,,-3.4630649089813232,10.98646354675293,-3.4949755668640137,,0.38429147005081177,1.488532543182373,,,"Zack Greinke",1943,425844
"Raul Valdes","- - -",12,1.2829313576221466,,,,,-0.18695859611034393,,-1.4579195380210876,,,-0.6034059971570969,,,"Raul Valdes",1953,447744
"Justin Berg","CHC",12,,,,,,-0.7951596975326538,0.26019367575645447,0.03898137807846069,,,,,,"Justin Berg",1973,448753
"Josh Judy","CLE",14,-7.606682777404785,,,,,,2.1072146892547607,,,,,,,"Josh Judy",1975,518865
"Cory Luebke","SDP",139.2,20.65849781036377,,,,,-0.2347063422203064,7.055584192276001,-1.2172508239746094,,,-3.15551894903183,,,"Cory Luebke",1984,458537
"Iván Nova","NYY",165.1,-2.1240341551601887,,,,,5.688876032829285,1.2052937746047974,-2.1517850309610367,,,-0.7925290465354919,,,"Ivan Nova",1994,467100
"Tim Byrdak","NYM",37.2,4.0767292976379395,,,,,-0.9771891236305237,0.5723692178726196,,,,-1.4363054037094116,,,"Tim Byrdak",1995,136263
"Buddy Carlyle","NYY",7.2,-1.189924955368042,,,,,0.9266457557678223,-0.02079656720161438,,,,0.3719545602798462,,,"Buddy Carlyle",2010,234194
"Clayton Kershaw","LAD",233.1,21.64204978942871,,,,,,23.89918327331543,1.2961125373840332,,,2.8445725440979004,,,"Clayton Kershaw",2036,477132
"Justin Masterson","CLE",216,0.6421375423669815,,,,,8.645031929016113,5.970353126525879,,,,0.4294911324977875,,,"Justin Masterson",2038,475416
"Jorge De La Rosa","COL",59,-5.000579833984375,,,11.049211502075195,,,1.6596323251724243,-1.1162317991256714,,,,,,"Jorge De La Rosa",2047,407822
"Matt Guerrier","LAD",66.1,-2.7101831436157227,,7.7265424728393555,,,0.5626044273376465,,4.395925521850586,,,-1.229250431060791,,,"Matt Guerrier",2061,407825
"Jose Veras","PIT",71,,,,-1.0941083431243896,,-3.4466047286987305,0.04094248265028,9.930583000183105,,,,,,"Jose Veras",2063,407842
"Jeremy Guthrie","BAL",208,-2.7606102526187897,,0.029356248676776886,,,-1.272999882698059,0.13218960538506508,-2.6602191776037216,,,-3.3004289865493774,,,"Jeremy Guthrie",2072,425386
"Chien-Ming Wang","WSN",62.1,1.1102817058563232,,,-0.4811705946922302,,1.181812047958374,-2.2546913623809814,-1.5886772871017456,,,,,,"Chien-Ming Wang",2074,425426
"Willie Eyre","BAL",18.1,-1.92744779586792,,0.7272716164588928,,,-0.04808987304568291,3.54086971282959,0.11435578763484955,,,0.1960313767194748,,,"Willie Eyre",2078,425466
"Heath Bell","SDP",62.2,12.618465423583984,,,,,1.4707157611846924,,-1.5929145812988281,,,-0.14121176302433014,,,"Heath Bell",2080,425514
"Chris Narveson","MIL",161.2,-1.3511687591671944,,-4.997796103358269,,,6.327818870544434,,-2.60859951376915,,,-0.7410985231399536,,,"Chris Narveson",2141,429780
"Yhency Brazoban","ARI",6,0.30395862460136414,,,,,0.4410150647163391,-2.468769073486328,,,,,,,"Yhency Brazoban",2150,430674
"Alfredo Simon","BAL",115.2,-2.880276083946228,,-5.569847013801336,-1.9559959173202515,,-3.572722315788269,,-1.498928189277649,,,,0.1802772879600525,,"Alfredo Simon",2155,430580
"Taylor Buchholz","NYM",26,0.39288944005966187,,,,,-5.259511947631836,,4.521686553955078,,,1.378638744354248,,,"Taylor Buchholz",2168,430587
"Chad Qualls","SDP",74.1,,,,,,1.6979005336761475,3.6613240242004395,,,,-0.0045802295207977295,,,"Chad Qualls",2170,430589
"Steve Edlefsen","SFG",11.1,,,,,,-4.071013927459717,-0.23334679007530212,,,,-1.8882856369018555,,,"Steve Edlefsen",2185,453580
"Joel Hanrahan","PIT",68.2,12.059493064880371,,,,,0.16495411098003387,5.204995632171631,,,,,,,"Joel Hanrahan",2186,430629
"Blaine Boyer","NYM",6.2,0.3537766635417938,,,,,-3.903642416000366,-0.12212687730789185,-0.022227823734283447,,,-0.6898342967033386,,,"Blaine Boyer",2237,430641
"Brandon Gomes","TBR",37,0.6346102952957153,,,-0.2029949426651001,,1.47403883934021,1.2471157312393188,0.30644622445106506,,,,,,"Brandon Gomes",2267,460156
"Joel Peralta","TBR",67.2,13.285097122192383,,-2.8781626224517822,3.958817958831787,,,,-0.5545486211776733,,,,,,"Joel Peralta",2332,407908
"Randy Williams","BOS",8.1,-0.30735284090042114,,,,,0.1397920399904251,0.14481425285339355,0.27928632497787476,,,-1.195229172706604,,,"Randy Williams",2362,430942
"Andrew Brackman","NYY",2.1,-1.1364079713821411,,0.881302535533905,,,,-0.06500324606895447,-0.11397941410541534,,,,,,"Andrew Brackman",2365,457581
"Brian Gordon","NYY",10.1,0.5839868187904358,,-0.8861101269721985,,,,-1.7083179950714111,-1.5866687297821045,,,1.2565109729766846,,,"Brian Gordon",2374,430950
"Jose Ceda","FLA",20.1,2.080595016479492,,,,,,0.03583032265305519,,,,0.12954479455947876,,,"Jose Ceda",2377,469167
"Anthony Varvaro","ATL",24,8.141486167907715,,,,,,,-1.2915337085723877,,,-2.2760424613952637,,,"Anthony Varvaro",2385,460008
"Barry Enright","ARI",37.2,-5.0442118644714355,,,,,-3.8576812744140625,-2.602604866027832,-0.4555983543395996,,,-0.3975161910057068,,,"Barry Enright",2412,446264
"Corey Kluber","CLE",4.1,0.4341698884963989,,,,,-1.7821528911590576,-0.5041239857673645,0.18495723605155945,,,0.39446187019348145,,,"Corey Kluber",2429,446372
"Andrew Carignan","OAK",6.1,-0.7452614903450012,,-0.03736717998981476,,,,-1.0902711153030396,,,,0.14869116246700287,,,"Andrew Carignan",2431,446398
"Todd Coffey","WSN",59.2,-2.4043047428131104,,,,,-0.852859616279602,8.589439392089844,,,,-0.47036606073379517,,,"Todd Coffey",2467,434298
"Mark DiFelice","MIL",3,-1.0962066650390625,,,,,,0.8958130478858948,-0.7688946723937988,,,,,,"Mark DiFelice",2468,442707
"Lance Lynn","STL",34.2,0.4250771701335907,,,,,2.124367170035839,-0.2449948638677597,4.4512341022491455,,,0.372580423951149,,,"Lance Lynn",2520,458681
"Mason Tobin","TEX",5.1,-1.0609461069107056,,,,,0.5654406547546387,-0.4132603108882904,,,,-0.248785600066185,,,"Mason Tobin",2534,474226
"Eric Surkamp","SFG",26.2,-5.096890926361084,,,,,0.2068851888179779,-0.5060015916824341,-3.0335090160369873,,,1.9874144792556763,,,"Eric Surkamp",2540,474668
"Juan Pablo Perez","PHI",5,-0.09450872242450714,,,,,0.29366084933280945,1.5564311742782593,,,,,,,"Juan Pablo Perez",2557,448722
"Joe Paterson","ARI",34,-2.2298619747161865,,,,,-0.34734776616096497,3.8934013843536377,,,,0.5421215295791626,,,"Joe Paterson",2565,519110
"Bryan Petersen","FLA",1,0.3907577395439148,,0.19721084833145142,,,,-0.03749231994152069,,,,-0.04853597655892372,,,"Bryan Petersen",2567,519128
"Enrique Gonzalez","DET",9,-2.3937227725982666,,,,,0.12011400610208511,-1.8021838665008545,0.42161625623703003,,,-0.2663102149963379,,,"Enrique Gonzalez",2568,434619
"Robinson Tejeda","KCR",7.1,-0.11533854156732559,,,,,-0.26581600308418274,-1.2784608602523804,,,,-0.9450978636741638,,,"Robinson Tejeda",2575,434565
"Wandy Rodriguez","HOU",191,3.657972574234009,,0.0948285311460495,,,-15.384716987609863,,15.677872657775879,,,-2.362576723098755,,,"Wandy Rodriguez",2586,434643
"Jhoulys Chacín","COL",194,-12.369133949279785,,0.512851357460022,,,-2.836902618408203,9.993267059326172,2.500640869140625,,,1.882245659828186,,,"Jhoulys Chacin",2608,468504
"Scott Atchison","BOS",30.1,3.4877431392669678,,,,,-0.06324610114097595,-0.03275696560740471,-1.999174952507019,,,0.027579639106988907,,,"Scott Atchison",2642,425786
"Brian Matusz","BAL",49.2,-10.115049362182617,,-3.2347538471221924,,,-0.3305327594280243,-9.572097778320312,-1.6548486948013306,,,-5.662388324737549,,,"Brian Matusz",2646,451085
"Brett Cecil","TOR",123.2,-11.492380142211914,,0.19686397910118103,,,-3.814246654510498,5.535472869873047,3.9538655281066895,,,-4.33716344833374,,,"Brett Cecil",2660,446399
"Joba Chamberlain","NYY",28.2,2.230602741241455,,,,,,1.3689088821411133,1.5289145708084106,,,-0.4298000633716583,,,"Joba Chamberlain",2692,501955
"Rick Porcello","DET",182,-6.9320573806762695,,,,,-1.480970025062561,2.1471614837646484,-0.25143367052078247,,,-3.541395664215088,,,"Rick Porcello",2717,519144
"Brian Sanches","FLA",61.2,-1.273787498474121,,,,-1.0240565538406372,1.832253485918045,-0.8411407247185707,-0.0054585933685302734,,,-0.038731563836336136,,,"Brian Sanches",2739,430083
"Bobby Cramer","OAK",8.1,2.1981678009033203,,-1.072319746017456,,,,0,0.7976119518280029,,,0.04315340146422386,,,"Bobby Cramer",2744,450864
"Joel Carreno","TOR",15.2,0.6176941394805908,,,,,0.5906266570091248,1.9302937984466553,,,,0.7315815091133118,,,"Joel Carreno",2746,468528
"Carlos Marmol","CHC",74,-2.976813316345215,,-0.7934808135032654,,,-0.179330974817276,10.065046310424805,,,,0.05388779193162918,,,"Carlos Marmol",2790,461791
"Joe Savery","PHI",2.2,0.05842987820506096,,,,,,1.2987289428710938,,,,,,,"Joe Savery",2835,456045
"John Gaub","CHC",2.2,-0.9024049043655396,,,,,0.17772778868675232,0.8339969515800476,,,,-0.026308152824640274,,,"John Gaub",2857,453304
"Daniel Moskos","PIT",24.1,3.0336129665374756,,,,,-0.07897910475730896,-0.9677469730377197,,,,0.08328600972890854,,,"Daniel Moskos",2858,446290
"Ross Detwiler","WSN",66,-0.9034669995307922,,,,,5.574165910482407,-2.6114460229873657,,,,1.7022147178649902,,,"Ross Detwiler",2859,446321
"Santiago Casilla","SFG",51.2,-2.155993938446045,,,,,8.898676872253418,4.145623207092285,,2.139259099960327,,,,,"Santiago Casilla",2873,433586
"Juan Carlos Oviedo","FLA",64.1,2.9727320671081543,,,,,-2.3635759353637695,0.16308993101119995,,,,2.672240972518921,,,"Juan Carlos Oviedo",2886,434663
"Zach McAllister","CLE",17.2,1.4455132484436035,,,,,-1.1773133277893066,-0.6061131954193115,-1.7080434560775757,,,-1.8483120203018188,,,"Zach McAllister",2895,502083
"Jeff Locke","PIT",16.2,1.2749578952789307,,,,,-2.9365944862365723,,,-1.8336312770843506,,-1.4557949304580688,,,"Jeff Locke",2929,502046
"Eduardo Sanchez","STL",30,5.080132961273193,,,,,0.11498720943927765,3.170262098312378,,,,-0.18387891352176666,,,"Eduardo Sanchez",2966,500674
"Sean Green","MIL",11.2,-0.17442958056926727,,,,,-1.2456462383270264,,-0.28364983201026917,,,0.09430837631225586,,,"Sean Green",3001,434958
"Bruce Billings","- - -",7,-4.538941502571106,,-0.42525118589401245,,,-0.11462289839982986,0.32800673693418503,0,,,1.0527918934822083,,,"Bruce Billings",3044,501852
"Anthony Slama","MIN",2.1,0.033940043300390244,,,,,1.2266793251037598,,-0.08822283148765564,,,,,,"Anthony Slama",3064,460104
"Kenley Jansen","LAD",53.2,2.243043899536133,,11.278775215148926,,,,0.7486078143119812,,,,-0.03343617543578148,,,"Kenley Jansen",3096,445276
"Doug Slaten","WSN",16.1,-5.196727275848389,,,,,-0.5498290657997131,-1.1669938564300537,,,,-1.143568992614746,,,"Doug Slaten",3107,460657
"Duane Below","DET",29,1.0960694253444672,,0.5913189351558685,,,-0.5550127625465393,0.9320436120033264,,,,0.23225614428520203,,,"Duane Below",3124,502102
"Luis Mendoza","KCR",14.2,0.9323344230651855,,-0.20206253230571747,,,1.8690295219421387,-1.520371913909912,,,,0.8605104684829712,,,"Luis Mendoza",3126,434669
"Graham Godfrey","OAK",25,-2.2636719346046448,,-1.232572004199028,,,-0.9651048183441162,0.3066873550415039,0.28295333310961723,,,0.21721432358026505,,,"Graham Godfrey",3128,453232
"Tony Watson","PIT",41,,,,,,5.592750549316406,-0.7661068439483643,,,,-2.157419204711914,,,"Tony Watson",3132,453265
"Max Scherzer","DET",195,-11.314534187316895,,-0.4440520405769348,,,-1.2641019821166992,0.6581559181213379,,,,-0.5777664184570312,,,"Max Scherzer",3137,453286
"Tim Collins","KCR",67,-0.759102463722229,,-0.29059261083602905,,,,,-0.5331601500511169,,,4.846950054168701,,,"Tim Collins",3164,525768
"Clayton Mortensen","COL",58.1,-3.3498339653015137,,,,,-0.6950987577438354,6.633361339569092,,,,-4.805692195892334,,,"Clayton Mortensen",3166,489150
"David Price","TBR",224.1,-3.1877145767211914,,-0.14392665028572083,,,19.723474502563477,1.6741390228271484,,-5.195356845855713,,10.472848892211914,,,"David Price",3184,456034
"Chris Young","NYM",24,1.6969482898712158,,,,,,2.4903244972229004,0.35382071137428284,,,0.36891043186187744,,,"Chris Young",3196,432934
"Ervin Santana","LAA",228.2,-10.021920204162598,,,,,0.6671308875083923,23.937255859375,,,,-4.4480791091918945,,,"Ervin Santana",3200,429722
"Francisco Liriano","MIN",134.1,-1.6862718164920807,,,,,-4.124162435531616,6.192863821983337,0.13320258259773254,,,-2.2295501232147217,,,"Francisco Liriano",3201,434538
"Jose G. Valdez","HOU",14,-2.175912857055664,,,,,-0.0217999629676342,-0.4924876391887665,,,,-0.03404215723276138,,,"Jose G. Valdez",3217,451990
"Josh Stinson","NYM",13,0.892047643661499,,,,,0.6637091040611267,-1.2058660984039307,-0.21412190794944763,,,-0.7675894498825073,,,"Josh Stinson",3219,502139
"Zack Britton","BAL",154.1,-14.894301414489746,,,,,11.188116073608398,2.7590997219085693,,,,3.565631866455078,,,"Zack Britton",3240,502154
"Josh Roenicke","COL",16.2,1.2566875219345093,,,,,1.3134099245071411,-0.5928558111190796,-0.13428223133087158,,,-0.08735620975494385,,,"Josh Roenicke",3241,502158
"Jeff Samardzija","CHC",88,1.4972859621047974,,-0.2763041853904724,2.021488904953003,,-0.38836589455604553,6.656079292297363,,,,-0.06380046904087067,,,"Jeff Samardzija",3254,502188
"Juan Gutierrez","ARI",18.1,-0.540760338306427,,,,,-3.0586812496185303,,1.8419163227081299,,,-1.649395227432251,,,"Juan Gutierrez",3265,434641
"Jordan Walden","LAA",60.1,7.046642303466797,,,,,,0.8210541605949402,,,,-0.6917237639427185,,,"Jordan Walden",3271,477229
"Roberto Hernandez","CLE",188.2,-0.8213921785354614,,,,,-14.466917991638184,-6.702768802642822,,,,4.281233310699463,,,"Roberto Hernandez",3273,433584
"Joe Smith","CLE",67,1.9080853462219238,,,,,9.829825401306152,3.527493715286255,,,,,,,"Joe Smith",3281,501925
"Nate Adcock","KCR",60.1,1.7681817412376404,,,,,-6.6904391050338745,1.4085919857025146,,-3.8420568704605103,,3.757610559463501,,,"Nate Adcock",3282,502264
"Hiroki Kuroda","LAD",202,0.6116354465484619,,,-7.201107501983643,,7.206863880157471,1.2946624755859375,1.5799485445022583,,,,,,"Hiroki Kuroda",3283,493133
"Aníbal Sánchez","FLA",196.1,8.238858222961426,,0.42936602234840393,3.230451822280884,,-0.18611782789230347,-0.3711501657962799,-5.185006618499756,,,0.04315340146422386,,,"Anibal Sanchez",3284,434671
"Hector Noesí","NYY",56.1,-2.3287734538316727,,,,,-0.21531300246715546,0.5752426385879517,-3.3988459706306458,,,0.8266384601593018,,,"Hector Noesi",3292,456051
"Chris Hatcher","FLA",10.1,-0.036907315254211426,,,-0.5047715902328491,,1.3121720552444458,-3.824657678604126,,,,,,,"Chris Hatcher",3299,501822
"Alberto Castillo","ARI",11.2,,,,,,-1.824216365814209,2.215212345123291,,,,-0.3638667166233063,,,"Alberto Castillo",3316,441368
"Darren O'Day","TEX",16.2,1.0835086107254028,,,,,-4.256381511688232,-2.1789937019348145,,,,0.14341506361961365,,,"Darren O'Day",3321,503285
"Jairo Asencio","ATL",10.1,-0.6110228300094604,,,,,-1.4401075839996338,-1.3839809894561768,,,,0.8595743179321289,,,"Jairo Asencio",3332,446003
"Matt Garza","CHC",198,11.250030517578125,,,,,-1.8110336065292358,15.328838348388672,-0.9389746785163879,,,-7.323143482208252,,,"Matt Garza",3340,490063
"Mitchell Boggs","STL",60.2,6.422689914703369,,0.29971638321876526,,,-1.1335660219192505,-0.21042972803115845,,,,-0.4032633304595947,,,"Mitchell Boggs",3344,459939
"Cesár Ramos","TBR",43.2,-3.3284921646118164,,,,,1.5856328010559082,1.2544647455215454,2.2700583934783936,,,2.0244646072387695,,,"Cesar Ramos",3357,459987
"Jeff Stevens","CHC",7,-1.623412847518921,,,,,,0.4250643253326416,-0.38079965114593506,,,,,,"Jeff Stevens",3367,459999
"Ubaldo Jiménez","- - -",188.1,-1.4482967853546143,,-1.8370917439460754,1.0403995513916016,,-0.9777798652648926,-3.8498363494873047,-2.4233486652374268,,,0.10673178732395172,,,"Ubaldo Jimenez",3374,434622
"Ricky Romero","TOR",225,3.836369514465332,,-2.879662275314331,,,7.651539325714111,-2.7496237754821777,0.23683881759643555,,,14.916925430297852,,,"Ricky Romero",3403,460069
"Brian Burres","PIT",14,1.0212132930755615,,,,,-1.364853173494339,1.9043107628822327,0.4454437643289566,,,-1.6233292520046234,,,"Brian Burres",3425,434638
"Kevin Whelan","NYY",1.2,0.12385240197181702,,,,,,-0.06324610114097595,,,,-0.41759955883026123,,,"Kevin Whelan",3462,460128
"Jeff Fulchino","- - -",34.2,-4.951881587505341,,,,,0.12446033954620361,2.377375453710556,,,,-1.452745497226715,,,"Jeff Fulchino",3532,445246
"Danny Duffy","KCR",105.1,-4.320993423461914,,,,,-2.8147337436676025,-1.1896671056747437,-3.376169204711914,,,-9.497554779052734,,,"Danny Duffy",3542,518633
"Clay Buchholz","BOS",82.2,-1.4586173295974731,,-0.5729125142097473,,,-1.9739911556243896,,0.6148395538330078,,,1.696572184562683,,,"Clay Buchholz",3543,453329
"Liam Hendriks","MIN",23.1,-3.3988451957702637,,,,,2.881082057952881,0.03672410547733307,-1.1224079132080078,,,-1.3049116134643555,,,"Liam Hendriks",3548,521230
"Clayton Richard","SDP",99.2,3.4798038005828857,,,,,0.14724618196487427,-5.036098957061768,1.4043818712234497,,,-2.2462117671966553,,,"Clayton Richard",3551,453385
"C.J. Wilson","TEX",223.1,7.716331481933594,,11.126763343811035,,,10.87468433380127,4.371464252471924,-2.8665876388549805,,,-5.280111312866211,,,"C.J. Wilson",3580,450351
"Rommie Lewis","TOR",5,0.1726585328578949,,-1.02239191532135,,,-3.6461164951324463,-0.6043623089790344,,,,-0.03749231994152069,,,"Rommie Lewis",3588,451650
"David Pauley","- - -",74,-2.461801141500473,,,,,0.9630084037780762,-0.8842397928237915,2.5898454189300537,,,9.323149681091309,,,"David Pauley",3625,456102
"Josh Kinney","CHW",17.2,-0.04986388981342316,,,,,-2.822553873062134,1.1298537254333496,-0.7215344905853271,,,,,,"Josh Kinney",3638,448337
"Kyle Davies","KCR",61.1,-8.58778190612793,,1.7597061395645142,,,-8.079607963562012,,-2.1163580417633057,,,-1.2133384943008423,,,"Kyle Davies",3642,434678
"Trystan Magnuson","OAK",14.2,-1.2009137868881226,,,,,-0.5784189105033875,0.5336347222328186,,,,-0.05972014367580414,,,"Trystan Magnuson",3646,518972
"Jim Johnson","BAL",91,1.95505690574646,,,,,6.600864887237549,,0.22404640913009644,,,5.832658290863037,,,"Jim Johnson",3656,462382
"Logan Ondrusek","CIN",61.1,7.585720062255859,,-5.32388973236084,,,2.7141928672790527,0.19603648781776428,-1.3964776992797852,,,1.4956810474395752,,,"Logan Ondrusek",3677,446185
"Jesse Litsch","TOR",75,0.2208673059940338,,3.7023794651031494,,,-3.536419026553631,0.9652993679046631,0.1668640673160553,,,-0.6181461811065674,,,"Jesse Litsch",3688,446209
"Skip Schumaker","STL",1,0.09219257533550262,,,,,,,,,,-1.0194602012634277,,,"Skip Schumaker",3704,435401
"Brandon League","SEA",61.1,0.4766339659690857,,,3.2171554565429688,,5.562069416046143,0.5782617330551147,,,,,,,"Brandon League",3731,434181
"Everett Teaford","KCR",44,-0.8745245337486267,,,,,-0.16802632063627243,-0.5661558508872986,4.020814478397369,,,-0.46354763209819794,,,"Everett Teaford",3732,501870
"Cesar Jimenez","SEA",6.2,-1.3145673274993896,,,,,-0.6746258735656738,0.26794329285621643,-0.4885023832321167,,,2.1930627822875977,,,"Cesar Jimenez",3762,462945
"Brian Broderick","WSN",12.1,,,,,,-0.9528825879096985,,0.3261522948741913,,,-0.411184698343277,,,"Brian Broderick",3773,518495
"Tim Wood","PIT",8,-0.5741403698921204,,,,,-1.0496221780776978,0.7629836797714233,,,,,,,"Tim Wood",3775,445971
"Felipe Paulino","- - -",139.1,-1.0155760049819946,,,,,-7.310817450284958,3.551219627261162,0.1619180291891098,,,1.4705214649438858,,,"Felipe Paulino",3777,462956
"Chris Resop","PIT",69.2,-0.13111189007759094,,,,,1.7338685989379883,-0.422174334526062,-4.239618301391602,,,0.9850041270256042,,,"Chris Resop",3799,434592
"Mat Latos","SDP",194.1,1.1841617822647095,,6.6110005378723145,0.2749725580215454,,-2.3550004959106445,16.57080841064453,-2.4718120098114014,,,-2.3245153427124023,,,"Mat Latos",3815,502009
"Ricky Nolasco","FLA",206,-7.374880790710449,,-0.8638316988945007,2.605825185775757,,-1.494808316230774,1.662452220916748,-4.246252059936523,,,0.149906188249588,,,"Ricky Nolasco",3830,445060
"Zach Duke","ARI",76.2,-5.469470217823982,,,,,0.8682756423950195,-0.0984044075012207,-3.5306758880615234,,,-1.728350043296814,,,"Zach Duke",3840,435043
"Rubby De La Rosa","LAD",60.2,3.7693616151809692,,,,,-2.3680786043405533,0.20090359449386597,-0.10412294045090675,,,-0.9530759751796722,,,"Rubby De La Rosa",3862,523989
"Shane Lindsay","CHW",6,-2.056542158126831,,-0.10684298723936081,,,0.7181136608123779,,-1.531138300895691,,,-1.1828300952911377,,,"Shane Lindsay",3881,469834
"Gavin Floyd","CHW",193.2,3.0950008630752563,,14.651163935661316,,,0.24044367671012878,,0.7829063534736633,,,-6.793196275830269,,,"Gavin Floyd",3886,425856
"Jason Bulger","LAA",9.1,-0.19661930203437805,,,,,0.2716940641403198,0.64369797706604,,,,-1.2526922225952148,,,"Jason Bulger",3915,408072
"Frankie De La Cruz","MIL",13,0.7135274410247803,,,,,,0.2760865092277527,0.3842245042324066,,,1.702692985534668,,,"Frankie De La Cruz",3920,448842
"Jose Ascanio","PIT",6.1,-0.46802660822868347,,,,,-2.8260955810546875,,0.4776739180088043,,,0.515407919883728,,,"Jose Ascanio",3951,448857
"David Carpenter","HOU",27.2,1.3624502420425415,,,,,0.21066570281982422,-2.394728660583496,,,,-0.4181627035140991,,,"David Carpenter",3959,502304
"Edward Mujica","FLA",76,3.60494327545166,,,7.625585556030273,,2.5415594577789307,-1.2411506175994873,,,,,,,"Edward Mujica",3970,465629
"Edinson Volquez","CIN",108.2,-8.423327445983887,,,,,-13.980610847473145,,,4.633315563201904,,1.485338807106018,,,"Edinson Volquez",3990,450172
"Josh Outman","OAK",58.1,-3.794544041156769,,,,,-0.39636027812957764,7.860246870666742,-0.4339245557785034,,,-2.441637635231018,,,"Josh Outman",4004,489189
"Héctor Santiago","CHW",5.1,1.3270424604415894,,,,,1.8348308801651,,-0.04853597655892372,,,,0.3703494071960449,,"Hector Santiago",4026,502327
"Dan Cortes","SEA",10.2,-1.3963414430618286,,,,,0.7293325066566467,-1.4807186126708984,,,,,,,"Dan Cortes",4027,451135
"Brian Duensing","MIN",161.2,2.92217680439353,,,,,-16.05267845839262,4.76909464597702,-6.640083312988281,,,-5.508848398923874,,,"Brian Duensing",4064,488846
"Alex Burnett","MIN",50.2,-0.489956259727478,,,,,-0.7250702381134033,-0.9733879566192627,0.2844519317150116,,,0.3095763027667999,,,"Alex Burnett",4065,488751
"Pedro Strop","- - -",22,-0.10603481531143188,,,,,0.40111710131168365,6.166658878326416,,,,-0.5730059593915939,,,"Pedro Strop",4070,467008
"Rafael Perez","CLE",63,3.8497250080108643,,,,,,4.0245361328125,,,,0.6237243413925171,,,"Rafael Perez",4078,460370
"Junichi Tazawa","BOS",3,-1.4023410081863403,,,,-0.00974612683057785,,,0.5278136134147644,,,,,,"Junichi Tazawa",4079,547749
"Dan Runzler","SFG",27.1,-0.1361207664012909,,,,,-0.05830302834510803,-0.06745421886444092,,,,,,,"Dan Runzler",4080,502130
"James Russell","CHC",67.2,0.2861071825027466,,-1.0192603170871735,,,-2.051887810230255,0.7800471782684326,-0.3129603862762451,,,-5.143259704113007,,,"James Russell",4089,460701
"Luke Gregerson","SDP",55.2,-0.6090240478515625,,-0.400551438331604,,,3.9288671016693115,4.6506571769714355,,,,-1.105200171470642,,,"Luke Gregerson",4090,502381
"Carlos Villanueva","TOR",107,0.04294252395629883,,,,,-0.18845981359481812,2.237794518470764,0.37820328772068024,,-0.4556587338447571,3.1156325340270996,,,"Carlos Villanueva",4138,453646
"Jose Mijares","MIN",49,-4.785538673400879,,,,,0.3236526846885681,-3.4694278240203857,,,,0.677278459072113,,,"Jose Mijares",4140,467726
"Derek Holland","TEX",198,0.24237729609012604,,,,,10.87948226928711,-3.033505916595459,0.1449873149394989,-3.096689462661743,,-4.521209239959717,,,"Derek Holland",4141,502706
"Jake Arrieta","BAL",119.1,0.5889827609062195,,,,,-8.360218048095703,1.9443087577819824,-3.3133461475372314,,,-2.1641743183135986,,,"Jake Arrieta",4153,453562
"Rafael Dolis","CHC",1.1,1.1807907819747925,,,,,-0.14070922136306763,-0.088595449924469,,,,,,,"Rafael Dolis",4185,503569
"Enerio Del Rosario","HOU",53,-5.6356377601623535,,,,,-0.4834456443786621,-1.45111083984375,,,,1.9509395360946655,,,"Enerio Del Rosario",4204,491688
"Lance Pendleton","- - -",18.2,-4.40613254904747,,0.737578883767128,,,0.14594429731369019,1.3952559530735016,-2.9685043692588806,,,-1.8232899643480778,,,"Lance Pendleton",4214,459983
"Armando Galarraga","ARI",42.2,,,,,,-12.136521339416504,-1.0130081176757812,,,,0.21656891703605652,,,"Armando Galarraga",4222,451482
"Wilton Lopez","HOU",71,1.2094959020614624,,,5.596426963806152,,0.2245173156261444,-1.0168826580047607,,,,,,,"Wilton Lopez",4227,446641
"Jered Weaver","LAA",235.2,16.418766021728516,,-0.29989176988601685,,,3.048781394958496,5.73631477355957,1.7633501291275024,,,13.135785102844238,,,"Jered Weaver",4235,450308
"Brad Lincoln","PIT",47.2,-4.705677509307861,,,,,-2.6995017528533936,,3.350447356700897,,,1.001090943813324,,,"Brad Lincoln",4241,453184
"Micah Owings","ARI",63,2.6021374464035034,,0.7970733642578125,,,-2.50768905878067,0.7241041660308838,,,,-1.1338674426078796,,,"Micah Owings",4253,452249
"David Huff","CLE",50.2,1.6797420307993889,,-0.20254825055599213,,,2.0358208678662777,0.7501630187034607,-2.346569538116455,,,-5.534074276685715,,,"David Huff",4257,453307
"David Hernandez","ARI",69.1,9.481120109558105,,,,,-2.1675732135772705,,5.514043807983398,,,-0.20926357805728912,,,"David Hernandez",4259,456696
"Mark Melancon","HOU",74.1,-0.9950457215309143,,4.946497440338135,-1.215523600578308,,0.7658218145370483,,,5.96685266494751,,,,,"Mark Melancon",4264,453343
"Nick Blackburn","MIN",148.1,-1.8165431022644043,,-3.9257004261016846,,,-10.776638984680176,,-5.624851226806641,,,-4.037044048309326,,,"Nick Blackburn",4270,448147
"Matt Albers","BOS",64.2,-0.22134459018707275,,,,,1.036118507385254,-3.8373770713806152,0.11923639476299286,,,-0.046400852501392365,,,"Matt Albers",4300,458006
"Tyler Chatwood","LAA",142,-7.781222105026245,,,,,-0.4993129223585129,0.01810353994369507,-6.137209892272949,,,-1.3752474337816238,,,"Tyler Chatwood",4338,543022
"Lance Cormier","LAD",13.2,,,-7.260379314422607,,,-1.2364088296890259,,-0.2724234163761139,,,,,,"Lance Cormier",4346,433578
"Kyle Drabek","TOR",78.2,-6.332616150379181,,-1.3945134282112122,,,-2.7840065360069275,-0.5535686984658241,-2.501652240753174,,,-1.715199500322342,,,"Kyle Drabek",4359,475138
"Craig Breslow","OAK",59.1,-0.857467532157898,,,,,0.9077891111373901,-3.1548852920532227,0.1708400696516037,,,-1.81832754611969,,,"Craig Breslow",4363,444520
"Joe Saunders","ARI",212,-1.0986547470092773,,,,,-5.741782188415527,-1.4405536651611328,0.8642256259918213,,,4.735373497009277,,,"Joe Saunders",4366,434578
"Jeremy Hellickson","TBR",189,3.0973846912384033,,-0.0513543002307415,,,2.7119064331054688,,-3.471621513366699,,,17.55282211303711,,,"Jeremy Hellickson",4371,476451
"Zach Kroenke","ARI",4,0.2691558003425598,,,,,-0.30514204502105713,-1.8593188524246216,,,,0.4704759120941162,,,"Zach Kroenke",4383,476127
"Brad Mills","TOR",18.1,-7.231357932090759,,1.3106794655323029,,,,,-0.037303004413843155,,,-0.8472016751766205,,,"Brad Mills",4420,502166
"Kameron Loe","MIL",72,-0.20720863342285156,,,0.21066570281982422,,6.8091607093811035,3.7643375396728516,,,,-0.038731563836336136,,,"Kameron Loe",4422,434180
"Jonathon Niese","NYM",157.1,3.445777505636215,,-6.499209135770798,,,-3.315758466720581,0.003450162708759308,3.147749423980713,,,-1.8679968118667603,,,"Jonathon Niese",4424,477003
"Michael Bowden","BOS",20,-1.3803660869598389,,0.15778926014900208,-0.8214455246925354,,0.3305569589138031,0.7827149629592896,,,,,,,"Michael Bowden",4440,476601
"Matt Palmer","LAA",15.2,0.2228163182735443,,1.604002594947815,,,-0.9028745889663696,,-3.2749507427215576,,,0.327716201543808,,,"Matt Palmer",4457,461212
"Jordan Zimmermann","WSN",161.1,6.088718891143799,,,,,1.6144294738769531,9.72922134399414,-1.0580569505691528,,,-4.730795383453369,,,"Jordan Zimmermann",4505,519455
"Randy Wells","CHC",135.1,-6.6151933670043945,,4.281305313110352,,,-8.968306541442871,2.8053367137908936,-0.2530588209629059,,,2.4100842475891113,,,"Randy Wells",4535,448694
"Jason Hammel","COL",170.1,-5.933386564254761,,,,,-4.9468231201171875,-2.465252250432968,-2.3290984332561493,,,-0.0893486738204956,,,"Jason Hammel",4538,434628
"Daniel Herrera","- - -",9.2,0.07576663792133331,,,,,-2.3078420162200928,0.051272161304950714,,,,,0.8680218458175659,,"Daniel Herrera",4552,502609
"Zach Braddock","MIL",17.1,-0.68565833568573,,,,,,-0.6504676938056946,,,,-0.0990300327539444,,,"Zach Braddock",4553,488722
"Josh Johnson","FLA",60.1,9.127156257629395,,,,,-2.3406035900115967,7.280579566955566,1.1854301691055298,,,0.5257266759872437,,,"Josh Johnson",4567,435178
"Ramon Pena","CHW",20.1,0.3631325364112854,,,,,-1.0200835466384888,-1.0908782482147217,,,,-1.300017237663269,,,"Ramon Pena",4573,430963
"Clay Hensley","FLA",67.2,,,,,,0.9433190822601318,-1.4651588797569275,-3.234659254550934,,,0.6716146916151047,,,"Clay Hensley",4593,454535
"Matt Lindstrom","COL",54,-2.675636053085327,,,,,4.27559757232666,5.171359062194824,,,,0.00007019564509391785,,,"Matt Lindstrom",4604,434637
"Joe Thatcher","SDP",10,2.2099504470825195,,-0.9494582414627075,,,,-0.6230320334434509,,,,,,,"Joe Thatcher",4620,491159
"Dave Bush","TEX",37.1,-2.5125743597745895,,0.40411055088043213,,,1.3651112914085388,,-1.0490790009498596,,,-1.2551060914993286,,,"Dave Bush",4635,433657
"Brandon McCarthy","OAK",170.2,,,12.152545928955078,-2.4455506801605225,,6.099789142608643,,2.530942440032959,,,,,,"Brandon McCarthy",4662,435221
"Sam LeCure","CIN",77.2,-2.1012542247772217,,,,,4.4996596574783325,5.516403913497925,,2.150778889656067,,-0.8251291513442993,,,"Sam LeCure",4664,459967
"Charlie Morton","PIT",171.2,-6.613399982452393,,1.0921741724014282,-2.9937453269958496,,-0.2252175509929657,,6.877086639404297,,,,,,"Charlie Morton",4676,450203
"Pat Neshek","SDP",24.2,,,,,,-2.652019739151001,0.008139561861753464,,,,2.7080676555633545,,,"Pat Neshek",4682,450212
"Jeff Francis","KCR",183,-0.1326192319393158,,,,,-19.9362850189209,0.17444492876529694,2.212758779525757,,,-1.314452052116394,,,"Jeff Francis",4684,433585
"Ramon Troncoso","LAD",22.2,-0.3573962450027466,,,,,-4.316013813018799,-2.947622299194336,0.808220386505127,,,,,,"Ramon Troncoso",4685,470462
"Jose Arredondo","CIN",53,2.1418256759643555,,,-0.3105255961418152,,,2.078904867172241,,,,,,,"Jose Arredondo",4722,461766
"Matt Cain","SFG",221.2,7.510819435119629,,,,,2.2256109714508057,10.390539169311523,1.1946322917938232,,,12.52084732055664,,,"Matt Cain",4732,430912
"Sergio Santos","CHW",63.1,6.155815601348877,,-0.1335689276456833,,,-0.5531396269798279,9.206258773803711,,,,-2.3912293910980225,,,"Sergio Santos",4734,435045
"Jonathan Broxton","LAD",12.2,-1.2395883798599243,,-0.33273783326148987,,,0.1594650149345398,-0.5063137412071228,,,,-0.4283507466316223,,,"Jonathan Broxton",4759,455009
"Scott Mathieson","PHI",5,-2.153610944747925,,,,,,0.24525059759616852,-0.031349219381809235,,,-0.3773065209388733,,,"Scott Mathieson",4771,455949
"Félix Hernández","SEA",233.2,-4.081009387969971,,1.336891770362854,,,-0.958381175994873,0.7678939700126648,3.3603618144989014,,,20.932531356811523,,,"Felix Hernandez",4772,433587
"Vinnie Pestano","CLE",62,7.8830742835998535,,,,,1.6981467008590698,4.0110626220703125,,,,,,,"Vinnie Pestano",4782,502260
"Matt Capps","MIN",65.2,0.41383835673332214,,,,,4.807531356811523,-2.6272103786468506,,,,-0.4205247461795807,,,"Matt Capps",4788,448165
"Rich Hill","BOS",8,,,,,,-0.6886635422706604,,4.648476600646973,,,,,,"Rich Hill",4806,448179
"Jesse Crain","CHW",65.1,6.854005813598633,,,,,0.12555229663848877,2.377741575241089,0.16184675693511963,,,-1.5729557275772095,,,"Jesse Crain",4817,430884
"Clay Rapada","BAL",16.1,3.206442356109619,,,,,-3.4953055381774902,-0.573365330696106,,,,-0.6628050208091736,,,"Clay Rapada",4831,449060
"Kyle McClellan","STL",141.2,6.754936784505844,,,,,-12.168020248413086,-4.468682885169983,-2.9857970476150513,,,6.488674461841583,,,"Kyle McClellan",4845,449072
"Joe Blanton","PHI",41.1,1.9693243652582169,,-0.13972586393356323,,,-6.459177672863007,0.66694375872612,0.1638389527797699,,,0.01247107982635498,,,"Joe Blanton",4849,430599
"Chuck James","MIN",10.1,1.1497795581817627,,,,,-0.20670975744724274,0.2722637355327606,,,,-1.940588116645813,,,"Chuck James",4886,460580
"Peter Moylan","ATL",8.1,,,,,,-2.4295613765716553,2.3621816635131836,,,,0.7390860319137573,,,"Peter Moylan",4891,493247
"Scott Kazmir","LAA",1.2,,,,,,-3.2697370052337646,-1.170417308807373,,,,0.5835795402526855,,,"Scott Kazmir",4897,431148
"Jarrod Parker","ARI",5.2,0.8802224397659302,,,,,-0.13357344269752502,0.49567949771881104,0.22121977806091309,,,0.038976218551397324,,,"Jarrod Parker",4913,519105
"Jon Lester","BOS",191.2,-0.24481017887592316,,14.72387981414795,,,-1.4214746952056885,,-4.0571064949035645,,,0.19224217534065247,,,"Jon Lester",4930,452657
"Justin De Fratus","PHI",4,0.8679868578910828,,,,,-0.005832351744174957,0.6593120694160461,,,,,,,"Justin De Fratus",4955,518603
"Mitch Talbot","CLE",63.2,-6.994674205780029,,-1.9535833597183228,,,-1.5399861335754395,-5.499077796936035,,,,-3.6043426990509033,,,"Mitch Talbot",4961,452676
"Fernando Salas","STL",75,10.385828971862793,,,,,0.4923105835914612,,,1.9140454530715942,,3.8233749866485596,,,"Fernando Salas",4971,477569
"Cole Hamels","PHI",216,4.7957834005355835,,5.067239508032799,,,-0.8515132665634155,,-1.3655114769935608,,,29.12109810113907,,,"Cole Hamels",4972,430935
"Fernando Abad","HOU",19.2,-3.2252893447875977,,,,,-2.068596839904785,,,-3.14499831199646,,0.22153258323669434,,,"Fernando Abad",4994,472551
"Dale Thayer","NYM",10.1,1.1267458200454712,,,,,0.17146633565425873,-0.31160542368888855,,,,-0.700372576713562,,,"Dale Thayer",5032,445612
"Franklin Morales","- - -",46.1,-2.8636088967323303,,,,,0.8097541183233261,-1.1271038427948952,0.6552955210208893,,,2.1337652802467346,,,"Franklin Morales",5088,462985
"Scott Diamond","MIN",39,-6.30849552154541,,,,,1.0226935148239136,,1.7135192155838013,,,-1.0020109415054321,,,"Scott Diamond",5089,539438
"Rick Van Den Hurk","BAL",9,-4.850380718708038,,,,,-1.365946650505066,-0.4297064542770386,-0.4282984733581543,,,-0.006667807698249817,,,"Rick Van Den Hurk",5099,462995
"Rob Delaney","TBR",5,1.2528575658798218,,,,,-1.3717252016067505,0.09660820662975311,,,,-0.9079563021659851,,,"Rob Delaney",5100,503438
"Guillermo Moscoso","OAK",128,12.015064388513565,,,-1.652492180466652,,8.549730777740479,4.1721110343933105,-4.0537468791008,,,0.3285484313964844,,,"Guillermo Moscoso",5106,446861
"Evan Meek","PIT",20.2,-2.315293073654175,,-0.8394222259521484,,,-0.15837362408638,,0.9574331641197205,,,0.04094248265028,,,"Evan Meek",5109,457425
"Alfredo Aceves","BOS",114,11.515289783477783,,-1.3688289523124695,1.5577776730060577,,2.0271799564361572,-1.0711141042411327,-3.283097505569458,,,5.240873783826828,,,"Alfredo Aceves",5164,469686
"Ernesto Frieri","SDP",63,8.98781681060791,,,,,-2.414921283721924,-4.948243618011475,,,,0.5377894639968872,,,"Ernesto Frieri",5178,457117
"Brayan Villarreal","DET",16,-1.7321436405181885,,,,,-0.397536039352417,-2.7195677757263184,,,,-0.10197766125202179,,,"Brayan Villarreal",5180,500903
"Mike Pelfrey","NYM",193.2,-0.4295089840888977,,,-7.2312397956848145,,3.2747569605708122,-6.73576021194458,-5.45697546005249,,,,,,"Mike Pelfrey",5203,460059
"Chris Perez","CLE",59.2,4.4809889793396,,,,,1.8997703790664673,1.8332371711730957,,,,-0.03749231994152069,,,"Chris Perez",5213,453198
"Wade LeBlanc","SDP",79.2,2.927194356918335,,0.8103375434875488,,,-3.2817957401275635,,-0.8392335176467896,,,-0.1644834280014038,,,"Wade LeBlanc",5221,453281
"Vin Mazzaro","KCR",28.1,-3.5229735374450684,,,,,-1.2282536923885345,0.8392112851142883,,-1.4327389672398567,,-3.392592430114746,,,"Vin Mazzaro",5231,476570
"Chris Tillman","BAL",62,-8.426652908325195,,-0.6134513020515442,,,0.4662431478500366,-0.3917461335659027,0.415035605430603,-3.0009472370147705,,1.58669114112854,,,"Chris Tillman",5279,501957
"Esmerling Vasquez","ARI",30.1,1.2625882625579834,,,,,0.33519434928894043,,0.8494387865066528,,,-1.4930524826049805,,,"Esmerling Vasquez",5280,458220
"Samuel Deduno","SDP",3,0.4929582476615906,,-0.1881220042705536,,,,,-0.25431957840919495,,,-0.8072919845581055,,,"Samuel Deduno",5285,465679
"Mark Hamburger","TEX",8,1.5163013935089111,,,,,0.07907406985759735,-0.03115183860063553,,,,0.07801099121570587,,,"Mark Hamburger",5329,523648
"Atahualpa Severino","WSN",4.2,1.8246937990188599,,,,,-0.08547905087471008,-1.7929022312164307,0.17772778868675232,,,,,,"Atahualpa Severino",5332,463037
"Cristhian Martinez","ATL",77.2,0.9530844688415527,,,,,-0.4475451707839966,1.2349321842193604,0.04094248265028,,,13.273066520690918,,,"Cristhian Martinez",5337,450852
"Alex Sanabia","FLA",11,-1.9029545783996582,,,,,0.5582226514816284,-1.1433618068695068,,,,-0.2166813611984253,,,"Alex Sanabia",5350,502253
"Michael Pineda","SEA",171,10.303550720214844,,0.4165826737880707,,,-1.0161463022232056,9.450170516967773,,,,0.2887345850467682,,,"Michael Pineda",5372,501381
"Brad Peacock","WSN",12,2.1084675788879395,,,,,0.05796812102198601,,,0.15688472241163254,,1.967385619878769,,,"Brad Peacock",5401,502748
"Amauri Sanit","NYY",7,-0.00989474356174469,,,,,-0.16048948466777802,0.4101340174674988,-0.09847566485404968,,,-2.9137260913848877,,,"Amauri Sanit",5436,490313
"Jesse Chavez","KCR",7.2,-1.9613230228424072,,-0.8977002501487732,,,0.17351390421390533,,-0.07007333636283875,,,-1.430585265159607,,,"Jesse Chavez",5448,445926
"Arodys Vizcaíno","ATL",17.1,-1.739849328994751,,,,,4.508304119110107,-0.8634611368179321,,,,0.012825880199670792,,,"Arodys Vizcaino",5498,527055
"Dana Eveland","LAD",29.2,-0.3871309161186218,,,,,5.868254661560059,-1.3217648267745972,-0.12008906900882721,,,0.5280704498291016,,,"Dana Eveland",5508,445968
"Tim Dillard","MIL",28.2,-0.6320497393608093,,,,,-0.6573763489723206,1.8533629179000854,,,,0.595956563949585,,,"Tim Dillard",5518,457422
"James McDonald","PIT",171,-7.580433368682861,,,,,-8.362037658691406,1.8873730897903442,0.7587254047393799,,,-0.5353481769561768,,,"James McDonald",5523,457428
"Madison Bumgarner","SFG",204.2,3.8673038482666016,,19.320777893066406,,,-2.2772042751312256,-0.022227823734283447,-5.3139166831970215,,,-1.6146355867385864,,,"Madison Bumgarner",5524,518516
"Boone Logan","NYY",41.2,-0.18443456292152405,,,,,-5.122592926025391,1.8640766143798828,,,,0.40597039461135864,,,"Boone Logan",5525,457429
"Maikel Cleto","STL",4.1,-4.8488922119140625,,,,,-0.3739812970161438,1.1202709674835205,,,,,,,"Maikel Cleto",5529,521055
"Phil Coke","DET",108.2,-1.9251630306243896,,,,,-9.484360754489899,8.938741207122803,-0.4885023832321167,,,2.0859835147857666,,,"Phil Coke",5535,457435
"Matt Harrison","TEX",185.2,0.23073504120111465,,-2.590262547135353,,,12.825822353363037,,1.785403311252594,,,-0.604193240404129,,,"Matt Harrison",5551,457448
"Jair Jurrjens","ATL",152,13.840263366699219,,-2.4650611877441406,,,-2.285723924636841,-3.5819272994995117,,,,1.5034773349761963,,,"Jair Jurrjens",5556,457453
"Jo-Jo Reyes","- - -",140.2,-3.847791075706482,,,,,-16.178244590759277,2.246145576238632,-1.9747724831104279,,,-7.070943906903267,,,"Jo-Jo Reyes",5559,457456
"Mitch Stetter","MIL",7,0.5014132261276245,,,,,0.07660698890686035,-2.578015089035034,,,,0.6580379009246826,,,"Mitch Stetter",5579,449777
"Tyler Clippard","WSN",88.1,11.321212768554688,,-0.7069317698478699,,,,,0.9752315282821655,,,11.016167640686035,,,"Tyler Clippard",5640,461325
"Henderson Alvarez III","TOR",63.2,-0.657490611076355,,-0.022857990115880966,,,0.32574301958084106,-3.5645439624786377,,,,5.155694961547852,,,"Henderson Alvarez III",5669,506693
"Jason Berken","BAL",47,-10.749678611755371,,0.5090338587760925,,,0.16012552380561831,-4.12371301651001,,,,-0.8375352621078491,,,"Jason Berken",5673,460072
"Tim Lincecum","SFG",217,7.689585208892822,,,,,-4.642483234405518,9.449125289916992,0.8451128602027893,,,6.862533092498779,,,"Tim Lincecum",5705,453311
"Greg Reynolds","COL",32,-6.90436863899231,,,0.014634329825639725,,1.2261969186365604,-2.0896451473236084,2.2312334775924683,,,-0.6715983375906944,,,"Greg Reynolds",5712,453353
"Josh Lueke","SEA",32.2,-2.3104920387268066,,,4.814447402954102,,-0.1259550154209137,-0.9418138861656189,,,,,,,"Josh Lueke",5722,518961
"Eric O'Flaherty","ATL",73.2,7.083400249481201,,,,,4.959987163543701,4.155914783477783,,,,-1.0822778940200806,,,"Eric O'Flaherty",5746,447714
"Fautino De Los Santos","OAK",33.1,-0.7542603611946106,,,,,4.05154275894165,-0.0395384207367897,,,,0.1762782335281372,,,"Fautino De Los Santos",5841,501745
"Chad Billingsley","LAD",188,0.11744518578052521,,6.349580764770508,,,-9.28145980834961,2.4509975910186768,-3.046379804611206,,,-2.5703964233398438,,,"Chad Billingsley",5842,451532
"Jason Motte","STL",68,13.52141284942627,,1.936685562133789,,,0.5280203223228455,-1.2228057384490967,,,,0.3695093095302582,,,"Jason Motte",5861,435400
"Jeff Karstens","PIT",162.1,-1.3444566130638123,,0.10116329789161682,,,2.054064631462097,4.426357746124268,4.952953338623047,,,-3.9017079770565033,,,"Jeff Karstens",5879,444371
"Sean Marshall","CHC",75.2,0.4303983747959137,,,,,-1.9889041185379028,12.077668190002441,6.534102916717529,,,,,,"Sean Marshall",5905,445156
"Pat Misch","NYM",7,-1.656933307647705,,,,,0.06058080866932869,,-3.1020069122314453,,,0.422389417886734,,,"Pat Misch",5909,435619
"Wesley Wright","HOU",12,1.8277126550674438,,,,,1.8055944442749023,0.38486582040786743,,-0.6329947113990784,,,,,"Wesley Wright",5960,449079
"Pedro Viola","BAL",3.2,-3.490281820297241,,,,,0.9286690950393677,-1.060360074043274,,,,0.05388779193162918,,,"Pedro Viola",5971,501638
"Jonathan Papelbon","BOS",64.1,10.683274269104004,,0.5133675932884216,3.0462570190429688,,0.05388779193162918,-0.2783142626285553,,,,,,,"Jonathan Papelbon",5975,449097
"Randall Delgado","ATL",35,3.2633910179138184,,,,,-0.1554213911294937,,1.0853452682495117,,,-1.3133785724639893,,,"Randall Delgado",5985,517414
"Jim Hoey","MIN",24.2,-2.7764828205108643,,-3.892690658569336,,,,-0.2907906174659729,,,,-1.672183632850647,,,"Jim Hoey",6007,460597
"Takashi Saito","MIL",26.2,3.1175453662872314,,,,,1.9746053218841553,2.190488815307617,-1.747103214263916,,,,,,"Takashi Saito",6021,493416
"Kelvin Herrera","KCR",2,-0.05793539807200432,,,,,,,0.07302353531122208,,,-1.1408770084381104,,,"Kelvin Herrera",6033,516969
"John Ely","LAD",12.2,-0.7311272919178009,,-0.3651144206523895,,,-0.27944162487983704,,0.09970347955822945,,,0.028841853141784668,,,"John Ely",6132,518655
"Dusty Hughes","MIN",12.2,-2.8808484077453613,,,,,-1.6065661907196045,-2.367300271987915,-0.11693617701530457,,-0.044455647468566895,0.7268154621124268,,,"Dusty Hughes",6164,458250
"Scott Baker","MIN",134.2,1.386958122253418,,,,,16.11537855863571,-6.908429145812988,,,,-1.2279798984527588,,,"Scott Baker",6176,435044
"Shaun Marcum","MIL",200.2,10.09352970123291,,9.175201416015625,,,-11.794951438903809,2.998619794845581,2.676048517227173,,,4.770396709442139,,,"Shaun Marcum",6204,451788
"Dellin Betances","NYY",2.2,0.08246070146560669,,,,,,,,-0.7862117290496826,,-0.113615021109581,,,"Dellin Betances",6216,476454
"Kyle Kendrick","PHI",114.2,0.6330351233482361,,4.589838981628418,,,-3.487420756369829,-2.022795081138611,,,,1.5101574063301086,,,"Kyle Kendrick",6230,452718
"Tom Gorzelanny","WSN",105,6.763216614723206,,,,,-7.944320559501648,4.8829731941223145,,,,-2.8898873329162598,,,"Tom Gorzelanny",6244,452733
"Aaron Laffey","- - -",53.1,-0.6351969391107559,,0.19497068226337433,,,-10.005449175834656,-0.38781261444091797,,,,2.521939516067505,,,"Aaron Laffey",6248,444836
"Trevor Cahill","OAK",207.2,-3.2963807582855225,,,,,1.3693915605545044,-0.40964192152023315,,-3.631192207336426,,-2.1079928874969482,,,"Trevor Cahill",6249,502239
"Scott Feldman","TEX",32,0.7557502537965775,,-0.8848954439163208,,,-0.17947955802083015,,-0.6182600557804108,,,3.7774155139923096,,,"Scott Feldman",6283,444857
"George Sherrill","ATL",36,5.802296161651611,,-0.24841326475143433,,,,-1.8092483282089233,,,,,,,"George Sherrill",6291,430941
"Juan Abreu","HOU",6.2,-1.6075390577316284,,,,,,-0.0406760573387146,,,,0.13234280049800873,,,"Juan Abreu",6306,444874
"Chris Ray","SEA",32.2,1.4333761930465698,,,,,-1.6279735565185547,2.247377634048462,-0.026308152824640274,,,0.5241180658340454,,,"Chris Ray",6315,444884
"Esmil Rogers","COL",83,-15.876540660858154,,,,,-1.579025074839592,-2.4697189778089523,0.15729981660842896,,,-3.0849727392196655,,,"Esmil Rogers",6317,469134
"Al Alburquerque","DET",43.1,-1.4705588817596436,,,,,1.7519639730453491,13.277214050292969,,,,,,,"Al Alburquerque",6324,456379
"John Danks","CHW",170.1,-5.807764053344727,,-0.7829394936561584,,,-2.3371641635894775,,-1.3351643085479736,,,5.100057601928711,,,"John Danks",6329,433579
"Henry Alberto Rodriguez","WSN",65.2,5.626463890075684,,,,,-0.7253458499908447,1.462406873703003,,,,1.341585397720337,,,"Henry Alberto Rodriguez",6371,469159
"Luis Perez","TOR",65,-6.291424989700317,,,,,-4.375309109687805,0.053136348724365234,,,,0.07668197154998779,,,"Luis Perez",6389,469802
"Rich Thompson","LAA",54,1.1519110202789307,,2.570136070251465,,,,,1.3164184093475342,,,-0.7165145874023438,,,"Rich Thompson",6422,460366
"Jeremy Accardo","BAL",37.2,-2.1122686862945557,,-0.7228926420211792,,,1.1762657165527344,-0.3237435519695282,,,,-2.27559494972229,,,"Jeremy Accardo",6428,435618
"Tim Stauffer","SDP",185.2,1.125596284866333,,,,,15.97436237335205,-4.505290508270264,-7.198367118835449,,,-0.662539005279541,,,"Tim Stauffer",6432,431162
"Vance Worley","PHI",131.2,9.130583345890045,,4.70262748003006,,,-0.9988642334938049,0.870924323797226,,-0.22245234996080399,,-3.7344586849212646,,,"Vance Worley",6435,474699
"Michael O'Connor","NYM",6.2,1.3871079683303833,,,,,0.07571335136890411,0.11205053329467773,-0.49433475732803345,,,0.20474159717559814,,,"Michael O'Connor",6457,456585
"Kevin Jepsen","LAA",13,-3.4772088527679443,,-1.217484951019287,,,-0.6464803814888,-0.49433475732803345,1.4898930788040161,,,,,,"Kevin Jepsen",6475,448178
"Steve Cishek","FLA",54.2,0.14784476161003113,,,,,5.680261611938477,5.06559944152832,,,,0.5105261206626892,,,"Steve Cishek",6483,518553
"Brian Wilson","SFG",55,2.3859095573425293,,,,,2.8397414684295654,0.0678819864988327,-0.25998181104660034,,,-0.5956275463104248,,,"Brian Wilson",6485,451216
"Michael Stutes","PHI",62,11.323546409606934,,,,,-0.34778520464897156,-6.851116180419922,,,,-0.04554666951298714,,,"Michael Stutes",6550,452741
"Alex Cobb","TBR",52.2,0.6807401180267334,,,,,-1.8536113500595093,,,0.5882318019866943,,3.827850341796875,,,"Alex Cobb",6562,502171
"Anthony Vasquez","SEA",29.1,-0.6755567193031311,,,,,-9.437237739562988,,-2.3330960273742676,,,-5.765776634216309,,,"Anthony Vasquez",6577,457786
"Waldis Joaquin","SFG",6.1,-0.7921936511993408,,,,,0.7676165699958801,-0.4839985966682434,,,,,,,"Waldis Joaquin",6580,471183
"Daryl Thompson","CIN",3,-1.344904899597168,,,,,-0.7313898801803589,-0.2214038223028183,0.29673638939857483,,,-0.7043860554695129,,,"Daryl Thompson",6603,444354
"Marc Rzepczynski","- - -",62,,,,,,-0.11581945419311523,8.516028642654419,,,,0.9964398741722107,,,"Marc Rzepczynski",6612,519240
"Brad Brach","SDP",7,1.6757303476333618,,,-0.49088460206985474,,-0.19510316848754883,-0.4497489035129547,,,,,,,"Brad Brach",6627,542960
"Carlos Carrasco","CLE",124.2,1.8582446575164795,,,,,-11.964868545532227,3.8281052112579346,-0.10350668430328369,,,0.5537703037261963,,,"Carlos Carrasco",6632,471911
"Craig Kimbrel","ATL",77,9.9171142578125,,,,,-0.09644483029842377,,,10.927887916564941,,,,,"Craig Kimbrel",6655,518886
"Francisco Rodriguez","LAA",13.2,-3.423384189605713,,0.8087589740753174,,,2.61031436920166,-0.2521098256111145,,,,,,,"Francisco Rodriguez",6688,477557
"Andrew Miller","BOS",65,-8.199375957250595,,,,,-3.697742223739624,-2.2605973184108734,,,,1.142274372279644,,,"Andrew Miller",6785,453192
"Julio Teheran","ATL",19.2,-3.397862434387207,,,,,-0.04524015262722969,,1.6467228531837463,,,-0.4309278130531311,,,"Julio Teheran",6797,527054
"Jeff Manship","MIN",3.1,-0.854590117931366,,,,,0.0029319413006305695,,-0.4460267126560211,,,-1.0431493520736694,,,"Jeff Manship",6865,453249
"Marcos Mateo","CHC",23,0.6391860246658325,,,,,-0.8643513917922974,0.3445741534233093,,,,-0.2673170566558838,,,"Marcos Mateo",6869,456496
"Collin Balester","WSN",35.2,-4.306936740875244,,,,,-1.222794532775879,,0.4921443462371826,,,-0.3036831021308899,,,"Collin Balester",6883,444446
"Johnny Cueto","CIN",156,2.5913307666778564,,1.212902545928955,,,10.573676109313965,7.530149936676025,-0.6489658355712891,,,2.8177013397216797,,,"Johnny Cueto",6893,456501
"Henry Sosa","HOU",53.1,-0.5613277554512024,,-0.045944806188344955,,,-7.74056339263916,3.651439666748047,,,,-0.5987716913223267,,,"Henry Sosa",6936,464400
"Joakim Soria","KCR",60.1,2.9107823371887207,,1.535653829574585,,,0.002210918813943863,0.7445739507675171,1.1399880647659302,,,-3.970989465713501,,,"Joakim Soria",6941,465657
"Luke Hochevar","KCR",198,2.0675859451293945,,1.0901473760604858,,,0.3020918071269989,12.820229530334473,,-10.575993537902832,,-6.668545722961426,,,"Luke Hochevar",6943,460024
"Bobby Cassevah","LAA",39.2,3.88834810256958,,,2.144819736480713,,4.559187889099121,-1.4729738235473633,,,,,,,"Bobby Cassevah",6950,445001
"Brandon Dickson","STL",8.1,-1.4061212241649628,,,,,0.527418851852417,0.9252894520759583,,,,-0.1263653039932251,,,"Brandon Dickson",6979,505447
"Drew Storen","WSN",75.1,3.2567851543426514,,,,,1.0835306644439697,7.8440399169921875,,,,-0.1070365384221077,,,"Drew Storen",6983,519322
"Ian Kennedy","ARI",222,30.402099609375,,,,,-1.3396010398864746,0.4861147701740265,,1.8787257671356201,,-4.172058582305908,,,"Ian Kennedy",6986,453178
"Hung-Chih Kuo","LAD",27,-0.4722107946872711,,,,,-0.7676231265068054,-1.3717211484909058,-0.8880804181098938,,,0.7716657519340515,,,"Hung-Chih Kuo",7016,425539
"Merkin Valdez","TEX",4.1,-1.0739350318908691,,,,,0.1121705025434494,0.13170963525772095,,,,-1.1958471536636353,,,"Merkin Valdez",7019,429723
"Alex Torres","TBR",8,-0.6714203357696533,,,,,-0.3826044797897339,,0.04832790046930313,,,0.024118412286043167,,,"Alex Torres",7038,456776
"James Shields","TBR",249.1,0.7158400416374207,,4.82718563079834,,,0.28538480401039124,-0.36253035068511963,,11.1609525680542,,19.020700454711914,,,"James Shields",7059,448306
"Dustin Moseley","SDP",120,-3.109520435333252,,4.536214828491211,,,-0.37950924038887024,,1.698996663093567,,,-0.47234487533569336,,,"Dustin Moseley",7060,400291
"Trevor Bell","LAA",34.1,0.037551987916231155,,-2.0380489826202393,,,1.2339935302734375,-1.5386048555374146,,,,1.2264151573181152,,,"Trevor Bell",7074,457707
"John Lannan","WSN",184.2,-10.268831253051758,,,,,3.9776313304901123,1.5248804092407227,1.995208978652954,,,1.2042335271835327,,,"John Lannan",7080,458709
"Daniel Bard","BOS",73,9.96901798248291,,,,,1.0378286838531494,4.6037187576293945,,,,-0.27875274419784546,,,"Daniel Bard",7115,453268
"Sergio Escalona","HOU",27.2,,,,,,-0.9736078977584839,,0.2614006996154785,,,1.4672316312789917,,,"Sergio Escalona",7122,465065
"Daniel Hudson","ARI",222,5.0240044593811035,,,,,-1.621597170829773,-0.09124498069286346,,,,2.185436487197876,,,"Daniel Hudson",7146,543339
"Ryan Mattheus","WSN",32,0.29257702827453613,,-0.38930967450141907,0.691321074962616,,2.2285470962524414,0.808835506439209,,,,,,,"Ryan Mattheus",7169,458919
"Jonny Venters","ATL",88,-0.692780077457428,,,,,11.865248680114746,12.762347221374512,,,,-0.7542603015899658,,,"Jonny Venters",7175,458924
"Greg Holland","KCR",60,4.834209442138672,,,0.5382219552993774,,,13.007744789123535,-0.49243348836898804,,,,,,"Greg Holland",7196,518813
"Josh Rupe","BAL",14.1,-0.5233317613601685,,,,,-4.652763366699219,0.4847806394100189,0.19286005198955536,,,-0.211690753698349,,,"Josh Rupe",7206,434666
"Nick Masset","CIN",70.1,-5.4289937019348145,,-0.09142135083675385,1.342029094696045,,0.15728917717933655,5.182425498962402,,,,,,,"Nick Masset",7267,434665
"Craig Stammen","WSN",10.1,-0.7146284580230713,,1.1162917613983154,,,4.6585259437561035,,,-0.1226520985364914,,0.05388779193162918,,,"Craig Stammen",7274,489334
"Brad Ziegler","- - -",58.1,-0.2351507991552353,,,,,8.79169249534607,,1.8518872633576393,,,0.09471267461776733,,,"Brad Ziegler",7293,446899
"Josh Collmenter","ARI",154.1,,,8.284151077270508,,,,,-2.2765321135520935,,,9.728022575378418,,,"Josh Collmenter",7312,518567
"Adam Russell","TBR",32.2,,,,,,-0.7239052653312683,-0.6343852281570435,,,,-1.0254536867141724,,,"Adam Russell",7334,452240
"Casey Janssen","TOR",55.2,6.576777935028076,,-1.9203706979751587,,,0.19545778632164001,-0.47615963220596313,4.548212051391602,,,0.36304938793182373,,,"Casey Janssen",7355,445163
"Dillon Gee","NYM",160.2,2.9494624733924866,,3.620805263519287,,,-0.10193783044815063,-3.136442795395851,,-6.546430170536041,,-1.875626027584076,,,"Dillon Gee",7396,518716
"Zach Stewart","- - -",67.1,0.5474523603916168,,,,,-5.591439589858055,-3.0256690680980682,-2.7271820306777954,,,-2.8754224851727486,,,"Zach Stewart",7397,543819
"Javy Guerra","LAD",46.2,3.3372693061828613,,1.5201799869537354,,,,0.445327490568161,-0.1146717444062233,,,0.5353603363037109,,,"Javy Guerra",7407,457915
"J.A. Happ","HOU",156.1,0.2705986201763153,,,,,-0.8653525114059448,-10.226797103881836,-9.03009033203125,,,2.1400766372680664,,,"J.A. Happ",7410,457918
"Mark Lowe","TEX",45,-1.9680745601654053,,,,,1.5226866006851196,0.3913976848125458,-0.04986388981342316,,,-0.49321693181991577,,,"Mark Lowe",7416,450275
"Wade Davis","TBR",184,-8.328498840332031,,5.445383548736572,,,-1.970719575881958,0.11674505472183228,,-4.919225215911865,,0.13794253766536713,,,"Wade Davis",7441,451584
"Gio González","OAK",202,7.57785701751709,,,,,10.354829788208008,,1.973537802696228,,,-1.2917319536209106,,,"Gio Gonzalez",7448,461829
"Phil Hughes","NYY",74.2,4.373814642429352,,-2.4795626401901245,,,0.08934301137924194,-3.0267372131347656,,-3.023323714733124,,-2.559228390455246,,,"Phil Hughes",7450,461833
"Jeff Marquez","NYY",4,0.005661081522703171,,,,,0.6077479720115662,-0.2204919159412384,-0.057509224861860275,,,-0.7350237369537354,,,"Jeff Marquez",7456,457812
"Jim Miller","COL",7,0.13674551248550415,,,,,-1.1149382591247559,1.0531290769577026,0.662818193435669,,,,,,"Jim Miller",7458,461848
"Anthony Swarzak","MIN",102,4.506855010986328,,,,,-0.036015987396240234,-1.4773859977722168,0.48199400305747986,,,-5.74078905582428,,,"Anthony Swarzak",7466,461872
"Ryan Webb","FLA",50.2,-0.10197766125202179,,,,,-1.6687095165252686,4.478029727935791,,,,0.8765237927436829,,,"Ryan Webb",7474,444436
"Mike Ekstrom","TBR",1,-0.1858782172203064,,,,,0.28683775663375854,0.17520654201507568,,,,,,,"Mike Ekstrom",7488,455091
"Scott Elbert","LAD",33.1,0.2945430278778076,,,,,0.8834619522094727,3.4564831256866455,,,,0.04094248265028,,,"Scott Elbert",7489,455092
"Jonathan Sánchez","SFG",101.1,-2.5988736152648926,,,,,5.1425299644470215,-3.623426675796509,,,,4.257411479949951,,,"Jonathan Sanchez",7507,456043
"Kyle Waldrop","MIN",11,-1.9072184562683105,,,,,0.7020643353462219,0.5534396171569824,,,,0.7509246468544006,,,"Kyle Waldrop",7513,448252
"Evan Scribner","SDP",14,0.30410319566726685,,0.34830787777900696,,,,,-2.091595411300659,,,-0.038731563836336136,,,"Evan Scribner",7525,519267
"Lucas Harrell","- - -",18,-0.2892190255224705,,,,,1.871585488319397,-1.0930443108081818,-0.7641266211867332,,,0.21972233057022095,,,"Lucas Harrell",7541,449173
"Tommy Hottovy","BOS",4,-0.520107626914978,,,,,0.6238448023796082,-0.645133912563324,0,,,0.1689763069152832,,,"Tommy Hottovy",7542,459415
"Jake McGee","TBR",28,-5.285127639770508,,,,,2.0771732330322266,0.10319014638662338,0.8551998138427734,,,-0.038731563836336136,,,"Jake McGee",7550,459429
"Fernando Rodriguez Jr.","HOU",52.1,-1.2708218097686768,,,,,,,2.2974557876586914,,,-2.749267101287842,,,"Fernando Rodriguez Jr.",7558,451775
"Cory Wade","NYY",39.2,6.17878532409668,,-0.41210827231407166,,,0.6085917949676514,1.048962116241455,-0.41506144404411316,,,-2.6597940921783447,,,"Cory Wade",7570,460677
"Jordan Lyles","HOU",94,0.5685834884643555,,,,,-1.4316411018371582,-4.613917723298073,-7.266383022069931,,,0.6842583417892456,,,"Jordan Lyles",7593,543475
"Tommy Milone","WSN",26,-1.955745816230774,,1.5498970746994019,,,0.9377949833869934,,-0.7569674253463745,,,0.09511809796094894,,,"Tommy Milone",7608,543548
"Chad Reineke","CIN",6.2,-2.4952609539031982,,,,,0.3022190034389496,0.6458662748336792,,,,0.28240713477134705,,,"Chad Reineke",7641,448656
"Chris Leroux","PIT",25,1.0982599258422852,,,,,0.5485318899154663,1.866612434387207,,,,-0.06542085856199265,,,"Chris Leroux",7645,460092
"Andy Sonnanstine","TBR",35.2,0.4368675947189331,,-4.378409266471863,,,,-3.9112630039453506,0.42531317472457886,,,,,,"Andy Sonnanstine",7667,458567
"Jeff Gray","- - -",48.1,-2.7854690551757812,,,,,-0.5399969816207886,-0.016705214977264404,0.30591437220573425,,,0.43367235362529755,,,"Jeff Gray",7718,462522
"Juan Nicasio","COL",71.2,6.51027774810791,,,,,-1.1406556367874146,-0.13417211174964905,,,,-3.215939998626709,,,"Juan Nicasio",7731,504379
"Mike Fiers","MIL",2,0.016236022114753723,,-0.18362241983413696,,,0.1960313767194748,,-0.12828582525253296,,,-0.5856461524963379,,,"Mike Fiers",7754,571666
"Hideki Okajima","BOS",8.1,0.6346048712730408,,,0.40115228295326233,,,,0.1408255696296692,,,,,,"Hideki Okajima",7763,506606
"Shawn Kelley","SEA",12.2,0.9474350810050964,,,,,,3.714643955230713,,,,,,,"Shawn Kelley",7773,518875
"Daisuke Matsuzaka","BOS",37.1,3.761540174484253,,1.551087811589241,1.1721618175506592,,-4.109082579612732,-0.21046748757362366,0.08188496530056,,,-0.44626984000205994,,,"Daisuke Matsuzaka",7775,493137
"Chris Jakubauskas","BAL",72.1,-7.8584630489349365,,-2.6026787757873535,,,,,-3.4244949966669083,,,-0.42136669158935547,,,"Chris Jakubauskas",7831,499856
"Jerry Blevins","OAK",28.1,-0.09751686453819275,,,,,-2.025285482406616,1.2190731763839722,1.4793181419372559,,,0.9286869764328003,,,"Jerry Blevins",7841,460283
"Chris Schwinden","NYM",21,-1.6673833131790161,,-1.320227861404419,,,0.43485352396965027,,-0.2867409288883209,,,1.5719826221466064,,,"Chris Schwinden",7851,452737
"Tyson Ross","OAK",36,2.860123798251152,,0.24677440524101257,,,-1.4374826699495316,5.003570914268494,,,,-0.17852899432182312,,,"Tyson Ross",7872,475115
"Kyle Weiland","BOS",24.2,2.794930934906006,,-0.5704352259635925,,,-8.16387939453125,,-0.949351042509079,,,0.2081751674413681,,,"Kyle Weiland",7874,475095
"Josh Lindblom","LAD",29.2,3.986922025680542,,,,,-1.7396601438522339,2.0859360694885254,0.10681584477424622,,,1.0547252893447876,,,"Josh Lindblom",7882,458676
"Cory Gearrin","ATL",18.1,,,,,,-1.9367436170578003,2.558281183242798,,,,-0.33455154299736023,,,"Cory Gearrin",7947,518715
"Matt Daley","COL",6,0.11722235381603241,,,,,-1.7252881526947021,,0.934073805809021,,,-0.6121268272399902,,,"Matt Daley",7952,457935
"Frank Herrmann","CLE",56.1,-0.18122775852680206,,,0.09696736931800842,,-1.7416834831237793,-4.644792556762695,,,,-0.4223004877567291,,,"Frank Herrmann",7960,497807
"Anthony Bass","SDP",48.1,1.101121835410595,,-1.6023357510566711,,,1.209807425737381,4.201659142971039,,,,1.4622100591659546,,,"Anthony Bass",7982,542914
"Ramon E Ramirez","SFG",68.2,2.1785905361175537,,,,,-0.8351065516471863,6.334737777709961,,,,2.855215549468994,,,"Ramon E Ramirez",7986,430673
"Eric Stults","COL",12,-0.5176441073417664,,,,,,-0.7351647019386292,0.012078549712896347,,,-0.16484679281711578,,,"Eric Stults",8011,445590
"Glen Perkins","MIN",61.2,1.1892472505569458,,,,,0.37274694442749023,9.760215759277344,,,,-0.02475087344646454,,,"Glen Perkins",8041,450282
"Jason Vargas","SEA",201,6.744463920593262,,2.4442381858825684,,,-12.378230094909668,,,-1.2607511281967163,,6.834754943847656,,,"Jason Vargas",8044,450306
"Mark Worrell","BAL",2,0.30324864387512207,,,,,-3.101846694946289,,-0.806527853012085,,,-0.038731563836336136,,,"Mark Worrell",8045,450312
"Dallas Braden","OAK",18,-2.360668897628784,,-1.3227181434631348,,,2.0647971630096436,,-0.26896241307258606,,,1.1359742879867554,,,"Dallas Braden",8099,460284
"Michael Schwimer","PHI",14.1,-3.6235156059265137,,,,,-0.4139055907726288,1.9119834899902344,,,,0.8010029792785645,,,"Michael Schwimer",8103,543754
"Bryan Shaw","ARI",28.1,-0.3653133809566498,,1.5049676895141602,,,,-1.193166732788086,0.5648226737976074,,,,,,"Bryan Shaw",8110,543766
"Jaime García","STL",194.2,-6.620303630828857,,1.552390217781067,,,-3.268986463546753,6.609316825866699,3.0831069946289062,,,4.155568599700928,,,"Jaime Garcia",8137,448802
"Neil Wagner","OAK",5,0.3989162743091583,,-2.169102668762207,,,,0.07077857851982117,,,,-0.555351734161377,,,"Neil Wagner",8162,474599
"Yovani Gallardo","MIL",207.1,11.783378601074219,,,,,-2.277435302734375,-0.8868858814239502,2.47843337059021,,,-0.8938581943511963,,,"Yovani Gallardo",8173,451596
"Brett Anderson","OAK",83.1,-2.9132943153381348,,,,,0.9539214968681335,4.390910625457764,0.04315340146422386,-1.5177444219589233,,-2.6600401401519775,,,"Brett Anderson",8223,474463
"David Robertson","NYY",66.2,0.7044644951820374,,13.109766006469727,,,,-0.038731563836336136,,3.4440903663635254,,0.6804181337356567,,,"David Robertson",8241,502085
"J.P. Howell","TBR",30.2,-0.304426908493042,,,,,-4.071073055267334,0.14180229604244232,,3.741835832595825,,-1.3902983665466309,,,"J.P. Howell",8245,434442
"Huston Street","COL",58.1,,,,,,2.614564895629883,-0.27661946415901184,,,,-3.744877338409424,,,"Huston Street",8258,434718
"Ross Ohlendorf","PIT",38.2,-6.843552112579346,,,,,-10.778074264526367,1.2147847414016724,0.17414505779743195,,,-1.2495299577713013,,,"Ross Ohlendorf",8268,456027
"Casey Coleman","CHC",84.1,-2.3602383732795715,,,,,-1.8729355335235596,-6.477041125297546,2.412988170981407,,,-9.032286241650581,,,"Casey Coleman",8270,488787
"Tony Sipp","CLE",62.1,4.165387153625488,,,,,0.3169705271720886,3.9427545070648193,,,,-2.4347901344299316,,,"Tony Sipp",8280,448609
"Jared Burton","CIN",4.2,-1.784544825553894,,-0.5917239785194397,,,0.0717150941491127,0.9994134902954102,,,,-0.456252783536911,,,"Jared Burton",8346,454537
"David Purcey","- - -",33.2,-0.3544471263885498,,,,,-2.95985010266304,-0.9185129851102829,,,,1.9224820770323277,,,"David Purcey",8360,453515
"Homer Bailey","CIN",132,-2.4248485565185547,,,,,-7.904675483703613,11.139504432678223,,0.444452702999115,,-0.323268860578537,,,"Homer Bailey",8362,456701
"Troy Patton","BAL",30,,,,,,1.5815958976745605,5.350733280181885,0.8365532755851746,,,-1.3317359685897827,,,"Troy Patton",8368,461856
"Mitch Atkins","BAL",10.2,-6.686809539794922,,-0.5331629514694214,,,-0.00538257509469986,-2.3449342250823975,1.78496253490448,,,-0.3727007508277893,,,"Mitch Atkins",8369,444444
"Brad Bergesen","BAL",101,0.7576095461845398,,,,,-13.411445617675781,-5.9189430475234985,,,,-1.5980371832847595,,,"Brad Bergesen",8375,448269
"Adam Wilk","DET",13.1,-0.0830639898777008,,,,,-0.04932529106736183,1.1400150060653687,0.19473782181739807,,,-3.0022730827331543,,,"Adam Wilk",8421,573244
"Jordan Norberto","OAK",6.2,-0.4553413391113281,,,,,-0.5966492891311646,-0.31867408752441406,,,,-0.5560998320579529,,,"Jordan Norberto",8432,467099
"Robbie Weinhardt","DET",1.2,-0.40810132026672363,,,,,-0.27407798171043396,-0.6645277142524719,,,,,,,"Robbie Weinhardt",8479,519405
"Danny Farquhar","TOR",2,,,,,,-0.848190188407898,-0.15617991983890533,,,,-0.1742641180753708,,,"Danny Farquhar",8501,543144
"Michael Kohn","LAA",12.1,-6.467901706695557,,,,,,0.21226060390472412,,,,0.22757211327552795,,,"Michael Kohn",8505,543409
"Bill Bray","CIN",48.1,5.967559337615967,,,,,-0.6713435053825378,3.5050883293151855,,,,-1.37318754196167,,,"Bill Bray",8538,435538
"Chris Carpenter","CHC",9.2,-0.5794165730476379,,,,,-2.1896917819976807,0.5568830370903015,,,,,,,"Chris Carpenter",8556,452764
"Edgmer Escalona","COL",25.2,3.5945520401000977,,,,,0.232265904545784,1.0615671873092651,,,,0.2783338725566864,,,"Edgmer Escalona",8574,467850
"Philip Humber","CHW",163,1.1265771389007568,,0.20226093381643295,,,-2.3315207958221436,6.287889003753662,3.3282057344913483,,,6.231385216116905,,,"Philip Humber",8586,458950
"Jeff Niemann","TBR",135.1,2.538546085357666,,1.8605070114135742,-1.289705514907837,,-1.874430537223816,-3.0151915550231934,1.4135559797286987,,,-3.0732297897338867,,,"Jeff Niemann",8591,435298
"Phil Dumatrait","MIN",41.1,-0.45942771434783936,,,,,-1.7709957361221313,-3.65773606300354,,,,-1.451375126838684,,,"Phil Dumatrait",8598,430597
"Dustin McGowan","TOR",21,-0.06183576583862305,,,,,-2.18989360332489,-2.179702401161194,0.8197393268346786,,,-0.1669960618019104,,,"Dustin McGowan",8600,430661
"Bobby Jenks","BOS",15.2,-4.115696907043457,,-0.2939906418323517,,,,1.5121710300445557,0.03797464817762375,,,-1.01425302028656,,,"Bobby Jenks",8645,408057
"Luis Marte","DET",3.2,-0.48053404688835144,,0.23461484909057617,,,-0.1101733148097992,0.20020627975463867,,,,-0.13333064317703247,,,"Luis Marte",8651,501687
"Paul Maholm","PIT",162.1,2.727325677871704,,-0.3123686909675598,,,-0.46486911177635193,-0.32195529341697693,1.1832058429718018,,-1.3434252738952637,3.930081844329834,,,"Paul Maholm",8678,430904
"Justin Verlander","DET",251,28.376794815063477,,,,,-0.3020552098751068,6.574216842651367,9.432260513305664,,,8.009757041931152,,,"Justin Verlander",8700,434378
"Manny Acosta","NYM",47,-6.92655086517334,,,,,3.2692298889160156,4.696681499481201,,,,-3.662074565887451,,,"Manny Acosta",8725,407924
"Daniel Schlereth","DET",49,0.896372377872467,,,,,-4.178815841674805,,3.7377922534942627,,,,,,"Daniel Schlereth",8739,519259
"Eric Hacker","MIN",5.1,1.355357050895691,,,,,0.17497988045215607,-0.868080735206604,-0.0604468435049057,,,0.18121665716171265,,,"Eric Hacker",8743,459345
"Wade Miley","ARI",40,-6.246916055679321,,,,,-1.7891030013561249,0.07260245084762573,-2.3217956386506557,,,3.1831159628927708,,,"Wade Miley",8779,489119
"Andrew Cashner","CHC",10.2,2.21861732006073,,,,,0.1362309455871582,1.592739462852478,,,,0.2098134309053421,,,"Andrew Cashner",8782,488768
"Elih Villanueva","FLA",3,-1.1610931158065796,,-1.1731483936309814,,,,-1.1058814525604248,0.002210918813943863,,,-0.3386540710926056,,,"Elih Villanueva",8796,534631
"Ryan Perry","DET",37,-4.680617332458496,,0.7647510766983032,,,2.915841579437256,-2.9992520809173584,,,,-0.05447704344987869,,,"Ryan Perry",8799,543634
"Antonio Bastardo","PHI",58,9.101819038391113,,,,,-0.25651395320892334,8.952362060546875,,,,-1.205514669418335,,,"Antonio Bastardo",8844,455374
"Brandon Beachy","ATL",141.2,12.76272964477539,,,,,0.8533693552017212,2.6112327575683594,-2.6491827964782715,,,-2.4095664024353027,,,"Brandon Beachy",8851,545404
"Ryan Cook","ARI",7.2,0.2840687036514282,,,,,-0.6048161387443542,-1.3225517272949219,,,,-0.48150455951690674,,,"Ryan Cook",8855,475857
"Matt Reynolds","COL",50.2,-5.734464645385742,,,,,-0.05644672363996506,,,-0.3543376624584198,,1.956408143043518,,,"Matt Reynolds",8887,519186
"Aneury Rodriguez","HOU",85.1,0.364377498626709,,,,,0.2018405832350254,-3.9346034228801727,,,,-1.271543726325035,,,"Aneury Rodriguez",8948,444553
"Blake Hawksworth","LAD",53,1.0637540817260742,,,,,8.24112319946289,0.1863388568162918,-1.9392526149749756,,,-1.5658570528030396,,,"Blake Hawksworth",8963,458003
"Jeanmar Gómez","CLE",58.1,0.10138112306594849,,,,,-7.264014810323715,-0.49924345314502716,,,,-1.4807197898626328,,,"Jeanmar Gomez",9033,491646
"John Axford","MIL",73.2,6.936795711517334,,,,,,2.6831541061401367,2.49985933303833,,,,,,"John Axford",9059,446099
"Zach Putnam","CLE",7.1,-2.7825844287872314,,,1.2896748781204224,,0.05673954635858536,-0.5410280227661133,,,,,,,"Zach Putnam",9080,474029
"Cody Eppley","TEX",9,-0.049661386758089066,,,,,-3.2692863941192627,-0.9685907363891602,,,,0.5824571251869202,,,"Cody Eppley",9095,543136
"Brad Hand","FLA",60,2.6218059062957764,,,,,,,-2.985273838043213,,,-6.849123954772949,,,"Brad Hand",9111,543272
"Tommy Hanson","ATL",130,-8.348230361938477,,,,,,12.711079597473145,2.9026987552642822,,,0.7416844964027405,,,"Tommy Hanson",9129,462102
"Nathan Eovaldi","LAD",34.2,6.969487905502319,,,0.478848397731781,,-4.09355241805315,0.16969427466392517,-0.06659865751862526,,,-0.3948887586593628,,,"Nathan Eovaldi",9132,543135
"Erik Hamren","SDP",12.1,,,,,,-1.5859155654907227,0.26012709736824036,,,,-0.06971091032028198,,,"Erik Hamren",9133,543271
"Sean O'Sullivan","KCR",58.1,-12.695941686630249,,,,,-2.6912203431129456,2.415155678987503,-3.1496193408966064,,,-0.8493043184280396,,,"Sean O'Sullivan",9137,457711
"Lester Oliveros","- - -",21.1,4.159426212310791,,,,,-2.519051194190979,0.5130727291107178,,,,-0.5726746916770935,,,"Lester Oliveros",9167,500902
"Koji Uehara","- - -",65,9.437718510627747,,0.026723496615886688,5.173854291439056,,-0.2976056933403015,0.9773838818073273,,,,,,,"Koji Uehara",9227,493157
"Chad Beck","TOR",2.1,0.8435050249099731,,,0.1585390567779541,,,0.2540105879306793,,,,,,,"Chad Beck",9258,444447
"David Herndon","PHI",57,,,,,,-0.7158157229423523,-1.0085158348083496,,,,2.3809003829956055,,,"David Herndon",9264,458589
"Dylan Axelrod","CHW",18.2,-0.1969795823097229,,,,,1.5896997563540936,-0.6929404251277447,0.3018264099955559,,,0.20298445224761963,,,"Dylan Axelrod",9303,518420
"Jared Hughes","PIT",11,0.16936162114143372,,,,,2.683927059173584,-2.354886293411255,,,,0.2679535746574402,,,"Jared Hughes",9325,453172
"Michael Crotta","PIT",10.2,0.06515877693891525,,,,,-5.548824787139893,0.5075727701187134,,,,-0.08547905087471008,,,"Michael Crotta",9337,453273
"Brandon Morrow","TOR",179.1,-2.027179718017578,,0.2955705225467682,-3.1505491733551025,,-2.381868362426758,9.024935722351074,0.04094248265028,-4.669165134429932,,,,,"Brandon Morrow",9346,453344
"Josh Tomlin","CLE",165.1,5.846603870391846,,-0.14601342380046844,,,-6.996836185455322,,7.83607816696167,,,-2.6767849922180176,,,"Josh Tomlin",9388,458708
"Kris Medlen","ATL",2.1,0.11354493349790573,,,,,0.4433033764362335,,0.050293706357479095,,,0.6357794404029846,,,"Kris Medlen",9417,450665
"Doug Fister","- - -",216.1,0.2976543605327606,,-2.969556540250778,,,24.390088260173798,0.7294820547103882,4.338212072849274,,,4.878845572471619,,,"Doug Fister",9425,450729
"Cole Kimball","WSN",14,1.3127121925354004,,,-0.3127034902572632,,1.3139069080352783,,-0.32941898703575134,,,,,,"Cole Kimball",9480,501993
"George Kontos","NYY",6,0.7362246513366699,,,,,0.7101735472679138,-0.9092844128608704,,,,,,,"George Kontos",9486,502004
"Jeremy Jeffress","KCR",15.1,-0.9134843945503235,,,,,1.010955810546875,,,-1.1986663341522217,,-0.026308152824640274,,,"Jeremy Jeffress",9490,502026
"Bud Norris","HOU",186,-15.39658260345459,,-1.187130331993103,,,0.7409202456474304,15.708083152770996,,,,-1.1368553638458252,,,"Bud Norris",9492,502032
"Jay Buente","- - -",5,-2.459385633468628,,,,,-1.2281355559825897,,-0.14632558822631836,,,0.21215149760246277,,,"Jay Buente",9494,502055
"Kam Mickolio","ARI",6.2,0.0840635746717453,,,,,-0.08957664668560028,-1.0635344982147217,,,,,,,"Kam Mickolio",9513,501874
"Jordan Smith","CIN",20,-4.740045070648193,,,,,-2.967820644378662,0.3682890832424164,,,,-0.39757272601127625,,,"Jordan Smith",9515,502136
"Drew Carpenter","- - -",14.2,-1.1684172451496124,,,,,-3.14430570602417,0.7415900602936745,,,,-1.542683720588684,,,"Drew Carpenter",9533,502165
"P.J. Walters","- - -",5,0.5817586481571198,,0.0976475328207016,,,0.5897860750555992,-0.3398788571357727,,,,-1.0950628519058228,,,"P.J. Walters",9557,502208
"Mike McClendon","MIL",13.2,-0.36269915103912354,,,,,-0.6097185611724854,2.0842299461364746,,,,0.5455435514450073,,,"Mike McClendon",9587,501873
"Mike Zagurski","PHI",3.1,0.005924459546804428,,,,,-0.5808149576187134,-0.9417226910591125,,,,,,,"Mike Zagurski",9683,489448
"Louis Coleman","KCR",59.2,-2.237875461578369,,,,,0.5898075103759766,5.594485282897949,,,,-0.010938920080661774,,,"Louis Coleman",9720,488786
"Burke Badenhop","FLA",63.2,-0.8661056160926819,,,-2.3855409622192383,,4.18623685836792,0.9667601585388184,-0.038731563836336136,,,,,,"Burke Badenhop",9736,488674
"Garrett Richards","LAA",14,0.5938658118247986,,-0.6402073502540588,,,-2.7850213050842285,-2.146281123161316,,,,-0.3492781072854996,,,"Garrett Richards",9784,572070
"Rex Brothers","COL",40.2,4.738479137420654,,,,,-0.980535089969635,0.7044075131416321,,,,,,,"Rex Brothers",9794,571521
"Sergio Romo","SFG",48,5.177451133728027,,,,,2.903294801712036,9.116904258728027,,,,-0.7420334219932556,,,"Sergio Romo",9817,489265
"Carlos Fisher","CIN",24,-1.2155086994171143,,0.8450353741645813,,,1.7658923864364624,-2.5846285820007324,,,,,,,"Carlos Fisher",9832,457567
"Joey Devine","OAK",23,0.6573825478553772,,,,,-0.005114607512950897,1.4189218282699585,,,,,,,"Joey Devine",9862,457733
"Michael Kirkman","TEX",27.1,-0.031637970358133316,,,,,-5.9178972244262695,1.7874038219451904,,,,-0.2720640003681183,,,"Michael Kirkman",9877,457779
"Travis Wood","CIN",106,0.015014469623565674,,-4.388480335474014,,,-2.1052249670028687,-0.4140402376651764,-1.981522262096405,,,0.7051606178283691,,,"Travis Wood",9884,475243
"Garrett Olson","PIT",4.1,0.39308470487594604,,,,,-0.038731563836336136,0.21625874936580658,,,,0.3977561295032501,,,"Garrett Olson",9889,457796
"Chris Volstad","FLA",165.2,-6.132460594177246,,,,,-15.113730430603027,0.8979097604751587,3.699216604232788,,,-0.16250768303871155,,,"Chris Volstad",9901,458690
"Kevin Slowey","MIN",59.1,-4.889624461531639,,,,,1.773805022239685,-1.5785022974014282,-3.7725937366485596,,,-1.3513998985290527,,,"Kevin Slowey",9918,458713
"Matt Maloney","CIN",18.2,-4.793524503707886,,,,,-3.4574172496795654,-3.07792866230011,-2.497360944747925,,,-0.17039084434509277,,,"Matt Maloney",9920,476011
"Bobby Parnell","NYM",59.1,-0.8722690343856812,,,-0.4126661419868469,,0.2725948691368103,1.8922594785690308,,1.9907450675964355,,,,,"Bobby Parnell",9926,458730
"Brandon Kintzler","MIL",14.2,-0.4951135218143463,,,,,1.2102423906326294,-2.934614419937134,,,,2.52451491355896,,,"Brandon Kintzler",9939,445213
"Mike Dunn","FLA",63,5.412057399749756,,,,,-1.0464112758636475,-1.728089451789856,,,,-0.58470618724823,,,"Mike Dunn",9948,445197
"Tom Wilhelmsen","SEA",32.2,7.319921016693115,,,,,1.6913647651672363,-2.0610785484313965,-2.814032793045044,,,0.004023902118206024,,,"Tom Wilhelmsen",9975,452666
"Mike Minor","ATL",82.2,-3.2681283950805664,,,,,0.347364604473114,-2.3260557651519775,0.05796812102198601,-2.1178557872772217,,4.80189323425293,,,"Mike Minor",10021,501985
"Alex White","- - -",51.1,-5.63847279548645,,,-3.939603626728058,,-4.420362085103989,-4.489939212799072,,,,,,,"Alex White",10054,502229
"Hisanori Takahashi","LAA",68,0.9507373571395874,,,,,-1.5822809934616089,-0.6183578372001648,-1.2981579303741455,,,10.204024314880371,,,"Hisanori Takahashi",10091,538227
"Dane De La Rosa","TBR",7.1,-2.0179953575134277,,0.2014898955821991,-0.038731563836336136,,,0.0469762459397316,,,,,,,"Dane De La Rosa",10095,451773
"Mike Leake","CIN",167.2,-5.342853397130966,,4.256421089172363,,,3.5217994153499603,2.1792792677879333,0.85675048828125,-1.9229966402053833,,-1.0235990136861801,,,"Mike Leake",10130,502190
"Stephen Strasburg","WSN",24,4.02064847946167,,,,,1.818611979484558,,1.7675440311431885,,,2.2701241970062256,,,"Stephen Strasburg",10131,544931
"Aaron Crow","KCR",62,-3.862457036972046,,,,,-1.0025227069854736,9.547757148742676,,-0.6925066113471985,,-0.6866300106048584,,,"Aaron Crow",10149,543070
"Jacob Turner","DET",12.2,-2.2645809650421143,,-0.038731563836336136,,,0.7128772735595703,,-1.8916471004486084,,,-0.5871673226356506,,,"Jacob Turner",10185,545363
"Ryota Igarashi","NYM",38.2,-0.2763056755065918,,,-4.032344818115234,,-0.0661735013127327,,-2.7966063022613525,,,-0.0013253465294837952,,,"Ryota Igarashi",10232,579799
"Aroldis Chapman","CIN",50,4.821849346160889,,,,,,4.868651390075684,,,,0.44692757725715637,,,"Aroldis Chapman",10233,547973
"Andy Oliver","DET",9.2,-0.6082010865211487,,,,,-0.8509613275527954,-3.3146655559539795,,,,-0.6514463424682617,,,"Andy Oliver",10257,501989
"Alexi Ogando","TEX",169,11.330423355102539,,0.639963686466217,,,0.923106849193573,7.247304797172546,,,,-2.9443178698420525,,,"Alexi Ogando",10261,468396
"Addison Reed","CHW",7.1,0.7633534073829651,,,,,-1.2331832647323608,-0.1582566201686859,,,,-0.01585082709789276,,,"Addison Reed",10586,592665
"Chris Sale","CHW",71,0.1580793559551239,,,,,-4.685070514678955,12.69934368133545,,,,2.4894676208496094,,,"Chris Sale",10603,519242
"Josh Spence","SDP",29.2,-0.46219369769096375,,,,,3.3226406574249268,,4.195445537567139,,,0.6427150964736938,,,"Josh Spence",11260,543805
"Yunesky Maya","WSN",32.2,1.455084204673767,,,,,1.196050763130188,-3.4593248032033443,-0.7800001800060272,,,-2.697902023792267,,,"Yunesky Maya",11420,493337
"Drew Pomeranz","COL",18.1,2.41373610496521,,,,,1.1342698335647583,0.6433587074279785,,-1.5878690481185913,,-1.223136067390442,,,"Drew Pomeranz",11426,519141
"Yoshinori Tateyama","TEX",44,,,,,,-3.0722010135650635,1.3670607805252075,5.136613368988037,,,-0.9689140915870667,-0.25023743510246277,,"Yoshinori Tateyama",11651,599899
"Chance Ruffin","- - -",17.2,-0.07359525561332703,,,,,0.1761537790298462,1.0767697840929031,-1.4557862281799316,,,-0.1158624067902565,,,"Chance Ruffin",11745,592704
"Steve Delabar","SEA",7,-1.5588784217834473,,,,,0.43105190992355347,,,,,1.341802716255188,,,"Steve Delabar",11827,447755