Name,Team,IP,vFA,vFT,vFC,vFS,vFO,vSI,vSL,vCU,vKC,vEP,vCH,vSC,vKN,NameASCII,PlayerId,MLBAMID
"R.A. Dickey","NYM",233.2,83.4086457144659,,,,,,,,,64.1460009765625,,,77.24314127089102,"R.A. Dickey",1245,285079
"Mitch Maier","KCR",1,,,,,,,,,,,76.4749984741211,,72.92500305175781,"Mitch Maier",5588,430574
"Neftalí Feliz","TEX",42.2,94.57676721107987,,,,,94.4272793856534,82.21986358844681,,,,86.65631073886908,,,"Neftali Feliz",18,491703
"Xavier Cedeño","HOU",31,88.98611111111111,,,,,88.69271465412622,86.88235294117646,77.04705554096638,,,84.17142740885417,,,"Xavier Cedeno",36,458584
"Miguel Batista","- - -",52.2,91.36058044433594,,90.80000305175781,,,91.89595463590801,85.0577400453629,75.92727453058416,,,82.40468668937683,,,"Miguel Batista",46,110683
"Zach Phillips","BAL",6,89.39285714285714,,,,,88.82333170572916,77.60909386837122,,,,79.68571254185268,,,"Zach Phillips",99,452061
"Jason Marquis","- - -",127.2,86.5999984741211,,,,,88.56690669483986,82.5025471486863,,,,80.3086642599278,,,"Jason Marquis",105,150302
"Kevin Millwood","SEA",161,90.10807855339105,,89.58447488584476,,,90.15809379727685,83.683,72.58911298894557,,,82.32262916286497,,,"Kevin Millwood",106,119154
"Dan Wheeler","CLE",12.1,87.47391410495923,,,82.91500244140624,,88.31896551724138,83.8625,75.72142682756696,,,,,,"Dan Wheeler",120,235095
"Erik Bedard","PIT",125.2,89.12629975402504,,88.10952225942461,83.47179236778847,,89.59921008320127,,75.72006745362563,,,76.17128405448717,,,"Erik Bedard",126,407853
"Rodrigo Lopez","CHC",6.1,87.22894608347039,,,,,87.69130540930706,79.3960009765625,,,,81.52353084788604,,,"Rodrigo Lopez",150,150438
"Rafael Betancourt","COL",57.2,91.36138993275317,,91.23011265538673,,,,80.01999747983871,,,,84.51666814630681,,,"Rafael Betancourt",177,429783
"Derek Lowe","- - -",142.2,,,86.03333488343254,,,87.82924903830902,80.82613719593395,,,,83.21954735777432,,,"Derek Lowe",199,117955
"Darren Oliver","TOR",56.2,87.94389763779527,,,,,88.57622650786713,75.44333147321429,,,,82.98333231608073,,,"Darren Oliver",206,119984
"Mark Buehrle","MIA",202.1,84.9134295227525,,79.47678571428571,,,84.36357127320186,,71.11104054831289,,,78.22542356927711,,,"Mark Buehrle",225,279824
"Juan Cruz","PIT",35.2,93.48727272727272,,88.21176087622548,,,,78.91219670985772,,,,84.57941032858456,,,"Juan Cruz",273,407297
"Kyle Farnsworth","TBR",27,94.62232630461165,,90.23749542236328,,,92.59174311926606,86.53922436118785,,,,89.186669921875,,,"Kyle Farnsworth",278,150035
"Will Ohman","CHW",26.2,88.9437484741211,,,,,88.66857328869048,81.2668978987069,75.82307786207933,,,83.625,,,"Will Ohman",296,349193
"Kerry Wood","CHC",8.2,93.85374755859375,,,,,,89.78593444824219,77.7263119346217,,,,,,"Kerry Wood",304,134268
"Carlos Zambrano","MIA",132.1,89.09373215159921,,88.54318289323287,82.9584327980324,,89.9489637854064,79.64517035171332,71.18392944335938,,,,,,"Carlos Zambrano",305,407296
"Blake Beavan","SEA",152.1,90.66881416481687,,,,,91.16964285714286,79.31322957198444,72.19017094017094,,,81.67093250363372,,,"Blake Beavan",338,518444
"Leyson Septimo","CHW",14.1,92.49833170572917,,,,,,80.29333333333334,,,,85.80000305175781,,,"Leyson Septimo",341,465015
"Bartolo Colon","OAK",152.1,91.46804795506912,,,,,89.3694300381033,82.92357003348214,,,,82.85000128495066,,,"Bartolo Colon",375,112526
"CC Sabathia","NYY",200,92.42214115731463,,,,,91.93103448275862,81.09406795058139,77.34295039848993,,,85.98106770833333,,,"CC Sabathia",404,282332
"Jake Westbrook","STL",174.2,,,86.21335018382354,85.12273121843434,,90.57189011487303,,79.28401469748859,,,80.29937744140625,,,"Jake Westbrook",412,150414
"Brian Fuentes","- - -",30,,,,,,90.28358874198717,75.02333374023438,,,,73.95434835682745,,,"Brian Fuentes",429,150118
"Fernando Rodney","TBR",74.2,96.91346153846153,,,,,95.87135145399306,89.1500015258789,,,,82.52814429012345,,,"Fernando Rodney",494,407845
"Josh Beckett","- - -",170.1,90.8652534920473,,88.83277652138158,,,91.47303985478177,,75.6280574235232,,,86.55181995738636,,,"Josh Beckett",510,277417
"A.J. Burnett","PIT",202.1,92.35094494981179,,,,,92.22598882850241,,,81.5749984859496,,87.52678571428571,,,"A.J. Burnett",512,150359
"Ryan Dempster","- - -",173,89.48131921789148,,87.56179061025944,81.41639450990438,,89.58820255784937,84.57826576576576,,,,,,,"Ryan Dempster",517,133225
"Jason Grilli","PIT",58.2,93.59985528219971,,,,,93.1812515258789,82.48545454545454,,,,,,,"Jason Grilli",521,276351
"Brad Penny","SFG",28,92.51481119791667,,,86.5,,91.90588235294118,,77.6822772448576,,,,,,"Brad Penny",535,207267
"Octavio Dotel","DET",58,92.39332247557003,,91.76168224299066,,,,82.02477243405963,77.89275503849638,,,84.69999694824219,,,"Octavio Dotel",555,136734
"Hector Ambriz","HOU",19.1,93.62137661637931,,,,,94.08333333333333,87.02269071691177,79.63846529447116,,,,,,"Hector Ambriz",559,459932
"Brad Lidge","WSN",9.1,90.12932942708333,,,,,,81.67256637168141,,,,,,,"Brad Lidge",563,400058
"Roy Oswalt","TEX",59,91.51372183866279,,83.6727304169626,,,91.18243160763302,76.97826418669328,69.47054761076626,,59.94000244140625,81.96538434709821,,,"Roy Oswalt",571,400061
"Jeremy Affeldt","SFG",63.1,91.29146222370427,,,,,91.42694298902195,,75.56572300132508,,,87.19850454757463,,,"Jeremy Affeldt",583,346793
"Jeremy Horst","PHI",31.1,90.44357976653697,,,,,91.04814995659723,81.27520499741736,,,,83.02470703125,,,"Jeremy Horst",596,456662
"Mike MacDougal","LAD",5.2,,,,,,93.06221788194445,82.69285365513393,78,,,,,,"Mike MacDougal",612,213680
"Jeff Suppan","SDP",30.2,85.82711533368644,,82.29404232201986,,,86.02417797046704,,70.32830004422169,,,79.70481927710843,,,"Jeff Suppan",633,122987
"Ben Sheets","ATL",49.1,90.26965247844828,,,,,89.45076622596154,,76.73750361689815,,,82.97674418604652,,,"Ben Sheets",710,282656
"Rhiner Cruz","HOU",55,95.08471074380165,,,,,94.32856889204545,82.12050359712231,,,,85.44444444444444,,,"Rhiner Cruz",711,462480
"Jamey Wright","LAD",67.2,90.80407963966837,,89.04266493055556,,,91.2402421563745,83.722001953125,78.57052384561567,,,,,,"Jamey Wright",715,124604
"Grant Balfour","OAK",74.2,92.70496894409938,,92.02941176470588,,,91.56071254185268,86.16468691914498,81.99320198725728,,,85.7750015258789,,,"Grant Balfour",718,346797
"LaTroy Hawkins","LAA",42,92.23312299679488,,,,,92.175,86.26271186440678,77.06666976686508,,,85.43448612607759,,,"LaTroy Hawkins",729,115629
"Kyle Lohse","STL",211,89.58520009566327,,,,,89.43711340206185,83.66333575581395,73.90218692974453,,,80.20500965150251,,,"Kyle Lohse",739,346798
"J.C. Romero","- - -",12,88.7090897993608,,,,,89.5365873507368,79.83658357945885,,,,79.52187538146973,,,"J.C. Romero",754,240694
"Johan Santana","NYM",117,88.42331354064642,,,,,88.03009329490291,80.13147406408629,,,,77.26258992805755,,,"Johan Santana",755,276371
"Bruce Chen","KCR",191.2,87.35576006355932,,,,,85.46883656509695,81.99055195630082,73.27027027027027,,68.5814826871142,76.95233050847457,,,"Bruce Chen",769,136600
"Scott Downs","LAA",45.2,,,,,,88.60539402173913,,74.84375,,,84.5999984741211,,,"Scott Downs",773,275933
"Carl Pavano","MIN",63,86.37179487179488,,,82.8516345414959,,86.92322748655914,81.91791044776119,,,,78.51483066686603,,,"Carl Pavano",790,134321
"Randy Choate","- - -",38.2,86.32856968470982,,,,,86.55672983022836,75.97853944359755,,,,,,,"Randy Choate",813,329092
"Ted Lilly","LAD",48.2,87.61031214966367,,,,,87.32113821138212,81.982998046875,70.69394136679293,,,79.67215313488924,,,"Ted Lilly",833,150404
"Andy Pettitte","NYY",75.1,87.90935768165025,,87.33227247260956,,,88.01479289940828,80.67509443681318,73.48561151079137,,,79.60425324135639,,,"Andy Pettitte",840,120485
"Mariano Rivera","NYY",8.1,90.4090909090909,,90.56880733944953,,,,,,,,84.5,,,"Mariano Rivera",844,121250
"Sam Demel","ARI",1,,,,,,92.82500457763672,81.53333536783855,,,,83.8499984741211,,,"Sam Demel",868,451585
"Scott Maine","- - -",26.2,92.6692364032452,,87.98958333333333,,,91.52608467025502,82.5999984741211,78.76500244140625,,,85.34871732271634,,,"Scott Maine",885,453186
"Tim Hudson","ATL",179,88.6956714527027,,84.32158031798245,80.40935837765957,,88.91129277299925,,75.56376578832753,,,,,,"Tim Hudson",921,218596
"Barry Zito","SFG",184.1,83.81889133946322,,80.09541262856013,,,83.73173327323718,77.66257195723684,71.29816841722129,,,74.95808383233533,,,"Barry Zito",944,217096
"Brett Myers","- - -",65.1,91.50382937167554,,91.27870008680556,,,91.40999755859374,85.36684313322368,76.82819475446429,,,84.62161832242398,,,"Brett Myers",962,408206
"Vicente Padilla","BOS",50,92.90384615384616,,,85.78103111530173,,93.44733496671597,84.91315660978618,76.04444715711806,,53.22545276988637,86.40882065716912,,,"Vicente Padilla",964,218894
"Randy Wolf","- - -",157.2,88.42685180946633,,84.57116276940634,,,88.18050897547668,81.2396297313549,68.41529325597426,,57.60000142184171,78.29399588756763,,,"Randy Wolf",976,150116
"Bronson Arroyo","CIN",202,86.0283203125,,84.37234042553192,,,86.94888413640597,75.85529513888889,69.92797528909692,,,77.94015542979002,,,"Bronson Arroyo",978,276520
"Ryan Vogelsong","SFG",189.2,90.7873176125919,,,,,90.59920130582137,87.80497345476519,76.34596783424908,,,83.11327165233415,,,"Ryan Vogelsong",1011,285064
"Kip Wells","SDP",37.1,89.45294309129902,,89.48095121837798,,,89.83732358870968,82.07315176504629,76.9875018780048,,,84.12380836123512,,,"Kip Wells",1012,150337
"Jake Peavy","CHW",219,90.70611852399165,,86.08710713646131,,,90.98342682594476,83.87269913761128,79.9335438298722,,,83.38431876606684,,,"Jake Peavy",1051,408241
"Freddy Garcia","NYY",107.1,86.8722657275801,,,80.35240366573417,,87.55714330002834,80.91761687748016,71.45896179552022,,,80.69433900845125,,,"Freddy Garcia",1077,150119
"Jamie Moyer","COL",53.2,77.81110749421296,,76.46680478238866,,,78.80773296552834,,68.76976971293605,,,72.05144644474638,,,"Jamie Moyer",1091,119469
"Rafael Soriano","NYY",67.2,92.2246963562753,,91.46749877929688,,,92.34457948983433,82.87476917613637,,,,,,,"Rafael Soriano",1100,400089
"Livan Hernandez","- - -",67.1,83.89423076923077,,,,,83.98084040764435,79.60582325556507,66.9634170160061,,,77.69166666666666,,,"Livan Hernandez",1116,115817
"Marco Estrada","MIL",138.1,90.09099760291636,,88.80000135633681,,,90.4000015258789,,79.2365462827874,,,77.74444641729798,,,"Marco Estrada",1118,462136
"Joe Nathan","TEX",64.1,94.00728679906543,,,,,93.40824339561856,88.51925636574074,81.44695002858232,,,83.14999389648438,,,"Joe Nathan",1122,150274
"Jerome Williams","LAA",137.2,91.82500051944814,,88.66586564099829,,,91.49029703393975,80.73906326293945,76.11204583960843,,,84.28790425145348,,,"Jerome Williams",1137,425532
"Robert Coello","TOR",6.1,92.1906578563084,,,,80.92173700747283,,,76.69999694824219,,,,,,"Robert Coello",1149,445193
"Tommy Hunter","BAL",133.2,91.87456559806034,,86.73453011697168,,,91.34383779029324,87.13333028157552,78.17951371934679,,,85.01930049427769,,,"Tommy Hunter",1157,488984
"Jason Isringhausen","LAA",45.2,89.71720290098567,,87.68505355992268,,,90.06456846702756,,76.42564352964743,,,84.34000244140626,,,"Jason Isringhausen",1158,116414
"Francisco Cordero","- - -",39.1,92.27388224024682,,,,,,85.78499755859374,77.95777723524306,,,84.75930431277253,,,"Francisco Cordero",1243,150188
"Adam Ottavino","COL",79,93.9768596473851,,,,,94.48888708043981,84.25443950452302,,,,86.5634170160061,,,"Adam Ottavino",1247,493603
"Colby Lewis","TEX",105,88.04029439016172,,,,,87.1896015625,82.63682900705645,74.62882706925676,,,82.36909327651514,,,"Colby Lewis",1259,407890
"Chris Carpenter","STL",17,90.71807346573796,,86.18922776442308,,,90.23051012976696,,73.5,,,84.27999674479166,,,"Chris Carpenter",1292,112020
"Roy Halladay","PHI",156.1,,,88.77945945945946,,,90.31816186797752,,76.38918439716312,,,82.17087697458791,,,"Roy Halladay",1303,136880
"Brandon Lyon","- - -",61,89.89324456292229,,88.88350637335526,,,89.77946254185268,85.76875114440918,77.90768914473684,,,85.59000244140626,,,"Brandon Lyon",1312,407193
"Pedro Beato","- - -",12,92.82555338541667,,,,,90.22500101725261,82.72631514699836,,77.57222323947482,,86.62363836115057,,,"Pedro Beato",1330,474039
"Nick Hagadone","CLE",25.1,94.27590460526316,,,,,94.13749694824219,82.71278842659883,,,,,,,"Nick Hagadone",1351,444935
"Brian Omogrosso","CHW",21,93.69845753205128,,,,,93.64230581430289,84.6189162795608,78.23499755859375,,,86.31428455171131,,,"Brian Omogrosso",1353,476134
"Andrew Bailey","BOS",15.1,94.27988056752874,,87.90531499335107,,,,,79.31944444444444,,,,,,"Andrew Bailey",1368,457732
"Charlie Furbush","SEA",46.1,91.54837390988372,,,,,90.90635333994709,79.63333129882812,78.93522135416667,,,82.88571602957589,,,"Charlie Furbush",1370,518703
"Joaquín Benoit","DET",71,93.58405227505112,,,,,93.81967213114754,85.7093284488342,,,,83.56591303661617,,,"Joaquin Benoit",1437,276542
"Chad Durbin","ATL",61,89.89318292791194,,87.72837298103933,,,90.3379746835443,,76.41538336338141,,,81.54091205018939,,,"Chad Durbin",1442,239795
"Aaron Harang","LAD",179.2,89.4184078246124,,,,,89.71950786893704,81.75384733220211,73.11572265625,,,82.29109589041096,,,"Aaron Harang",1451,421685
"Guillermo Mota","SFG",20.2,91.67575905539773,,,,,91.64415711241882,83.57894736842105,,,,84.06046738735465,,,"Guillermo Mota",1467,150407
"Jon Rauch","NYM",57.2,90.71367521367522,,90.78823673023896,,,89.14545232599431,83.91363636363636,73.995556640625,,,84.09583536783855,,,"Jon Rauch",1475,400010
"Felix Doubront","BOS",161,92.85035259955752,,87.37939157196969,,,92.39912381039531,,76.24121305585683,,,85.42765588061465,,,"Felix Doubront",1478,467094
"Oliver Pérez","SEA",29.2,93.72488446302818,,,,,93.38780249618902,80.21337579617834,,,,81.9000015258789,,,"Oliver Perez",1514,424144
"Sandy Rosario","MIA",3,94.30810546875,,,,,,84.21818403764205,,,,84.47500610351562,,,"Sandy Rosario",1525,466459
"Dewayne Wise","- - -",1.2,,,,,,81.5999984741211,,,,,75.51666768391927,,,"Dewayne Wise",1554,276547
"Aaron Cook","BOS",94,89.6263526710304,,,,,89.71788459095528,87.15950251807851,75.69148936170212,,,78.89999389648438,,,"Aaron Cook",1571,346871
"Sean Doolittle","OAK",47.1,93.52188212386018,,,,,93.68571544828869,80.9888916015625,76.43871282762096,,,82.26249694824219,,,"Sean Doolittle",1581,448281
"Shane Loux","SFG",25.1,91.68085106382979,,,,,90.947001953125,83.79473555715461,78.91190592447917,,,83.81379647090517,,,"Shane Loux",1613,400076
"Cliff Lee","PHI",211,91.69259965551181,,86.70557396478328,,,91.58008000481232,80.19412051930146,74.31443298969072,,,84.90545002723312,,,"Cliff Lee",1636,424324
"Francisco Rodríguez","MIL",72,91.98115915697674,,,,,91.41622257864239,,76.42136585202991,,,83.11895161290323,,,"Francisco Rodriguez",1642,408061
"Luis Ayala","BAL",75,90.53969350961539,,,,,90.83221098542944,84.92459016393443,76.16538649338942,,,85.40523764725131,,,"Luis Ayala",1650,425646
"Jose Contreras","PHI",13.2,92.09038837139423,,,79.30588666130515,,91.99433409492924,86.994287109375,,,,,,,"Jose Contreras",1660,425747
"Javier López","SFG",36,86.19167073567708,,,,,86.6891891891892,81.0293359375,74.16000162760416,,,79.96129189768145,,,"Javier Lopez",1663,425657
"D.J. Carrasco","NYM",3.2,88.65999755859374,,86.72941320082721,,,89.58823529411765,78.04444715711806,75.55000305175781,,,85.0800048828125,,,"D.J. Carrasco",1666,425647
"Chris Capuano","LAD",198.1,84.76500244140625,,84.16744072492733,,,87.87258251194743,81.44095052083334,74.92775158314979,,,77.75167195533419,,,"Chris Capuano",1701,425626
"Jose Valverde","DET",69,93.29714942371021,,92.4749984741211,84.08325071383248,,92.76666259765625,,,,,,,,"Jose Valverde",1726,407878
"Edgar Gonzalez","HOU",25,89.05545099431818,,84.30526572779605,,,89.66666666666667,76.58130081300813,,,,76.68709834929436,,,"Edgar Gonzalez",1727,429440
"Dan Haren","LAA",176.2,88.43833312374245,,84.47888289537126,83.43945690280464,,88.61639504354508,,,75.97916666666667,,,,,"Dan Haren",1757,429717
"Kevin Correia","PIT",171,89.8846177321214,,89.6611095610119,,,90.49551166965888,87.18915146649894,76.89967430686329,,,85.9097917463396,,,"Kevin Correia",1767,429781
"Chad Gaudin","MIA",69.1,92.47340888734077,,,,,91.42641693691037,80.54194630872483,,,,86.89160839160839,,,"Chad Gaudin",1783,429985
"Kevin Gregg","BAL",43.2,91.2398476660401,,86.963133640553,83.413330078125,,91.44545676491477,,79.46818033854167,,,,,,"Kevin Gregg",1793,276514
"Michael Gonzalez","WSN",35.2,91.48012101261128,,,,,88.83077298677884,80.45309907356194,,,,80.92558253088663,,,"Michael Gonzalez",1794,283166
"J.J. Putz","ARI",54.1,92.80518844560518,,92.89999389648438,85.91868239182692,,92.82217573221757,86.57567699535473,,,,,,,"J.J. Putz",1795,407816
"Matt Belisle","COL",80,90.65176156850961,,90.36666304976852,,,90.71099609375,85.11597401997041,73.21301102311644,,,85.38749694824219,,,"Matt Belisle",1837,279571
"Vinnie Chulk","MIL",9,91.04523577008929,,,,,90.62778049045139,,78.19142717633929,,,83.10000271267361,,,"Vinnie Chulk",1838,425562
"Edwin Jackson","WSN",189.2,93.35412186379928,,,,,93.3831418059593,85.68557664126612,78.73305946539256,,,86.19057377049181,,,"Edwin Jackson",1841,429719
"Shawn Camp","CHC",77.2,88,,,,,87.49550262014314,79.1016793224299,,,,82.428796875,,,"Shawn Camp",1855,425861
"Darnell McDonald","BOS",1,88.4000015258789,,83.83333333333333,,,,82.60000610351562,,,,82.4,,,"Darnell McDonald",1867,150021
"Shawn Hill","TOR",3,,,,,,87.68857421875,80.1500015258789,,,,80.10000101725261,,,"Shawn Hill",1882,429718
"Sean Burnett","WSN",56.2,89.807998046875,,,,,89.78688985951008,79.07058695874183,,,,82.43380006602112,,,"Sean Burnett",1886,430634
"Matt Moore","TBR",177.1,94.2562868610747,,,,,94.4089164402174,,,82.1760799632353,,85.54207436399217,,,"Matt Moore",1890,519043
"David Aardsma","NYY",1,91.53846153846153,,,84.5875015258789,,,81.89999898274739,,,,,,,"David Aardsma",1902,430911
"Jason Frasor","TOR",43.2,92.94140625,,,,,93.72000122070312,83.53805136891593,,,,86.1989162279212,,,"Jason Frasor",1906,430630
"Matt Thornton","CHW",65,94.97436778129658,,87.06862745098039,,,94.58876843398876,81.25502748842592,,,,,,,"Matt Thornton",1918,407819
"Brian Bruney","CHW",1,94.41538649338942,,,,,,87.63749694824219,,,,85.0999984741211,,,"Brian Bruney",1929,430663
"Frank Francisco","NYM",42.1,93.8688461061508,,,84.83610930266204,,,83.83913255774456,76.7741935483871,,,,,,"Frank Francisco",1933,407911
"Mike Adams","TEX",52.1,91.30780297256098,,,,,91.01792834051724,86.69633507853403,78.232998046875,,,82.84814453125,,,"Mike Adams",1937,430606
"Justin Germano","- - -",69.2,86.12727494673295,,,,,86.03756708407872,78.44050733348992,70.31501316146202,,,81.42820178952991,,,"Justin Germano",1938,430683
"Zack Greinke","- - -",212.1,91.99697330298014,,88.37007441833941,,,92.48365067757702,82.80821161684783,73.37781962768337,,57.94999694824219,85.62358206536572,,,"Zack Greinke",1943,425844
"Raul Valdes","PHI",31,87.89433241382088,,,,,87.78631784539473,,77.86794730944511,,,75.273913839589,,,"Raul Valdes",1953,447744
"Cory Luebke","SDP",31,91.08327889841136,,,,,90.94666341145833,85.14366472271126,76.81999860491071,,,84.98695439877717,,,"Cory Luebke",1984,458537
"Jeremy Hefner","NYM",93.2,90.32663153004606,,,,,89.61846538921735,86.2503890991211,75.05758884974888,,,84.01602083965413,,,"Jeremy Hefner",1989,458550
"Iván Nova","NYY",170.1,92.99746683300876,,,,,93.16100588527851,87.48397679004854,80.33042161424903,,,86.09625244140625,,,"Ivan Nova",1994,467100
"Tim Byrdak","NYM",30.2,88.26790364583333,,,,,88.49500122070313,80.9066680372807,,,,81.79500122070313,,,"Tim Byrdak",1995,136263
"Clayton Kershaw","LAD",227.2,93.11899151743638,,,,,,85.43677419354839,73.93093085534794,,,84.75153374233129,,,"Clayton Kershaw",2036,477132
"Justin Masterson","CLE",206.1,92.88380200662739,,,,,91.64356443363273,82.42378048780488,,,,85.7148635451858,,,"Justin Masterson",2038,475416
"Jorge De La Rosa","COL",10.2,90.39629448784723,,,80.81891364020271,,,84.05237978980655,67.0999984741211,,,,,,"Jorge De La Rosa",2047,407822
"Matt Guerrier","LAD",14,90.5204081632653,,86.9639523528343,,,90.09599609375,,77.2000020345052,,,81.7125015258789,,,"Matt Guerrier",2061,407825
"Jose Veras","MIL",67,,,,84.04615384615384,,93.71722722457628,79,78.07870425380229,,,,,,"Jose Veras",2063,407842
"Jeremy Guthrie","- - -",181.2,92.60667597681322,,90.99317932128906,,,92.7915941767332,84.49716842939269,75.40503257393037,,66.3,84.67555248119213,,,"Jeremy Guthrie",2072,425386
"Chien-Ming Wang","WSN",32.1,91.19000244140625,,,82.03871302450857,,90.8955055038416,85.34038485013522,78.47083536783855,,,,,,"Chien-Ming Wang",2074,425426
"Heath Bell","MIA",63.2,93.55022998861912,,,,,93.70652173913044,,81.93188854489163,,,85.52182173295455,,,"Heath Bell",2080,425514
"Chris Narveson","MIL",9,86.75238327752976,,82.67500305175781,,,86.50999755859375,,71.38518156828704,,,79.3804901867378,,,"Chris Narveson",2141,429780
"Alfredo Simon","CIN",61,93.85436110528524,,89.73796477141204,83.94955579369469,,94.36823433622828,78.9000015258789,78.0281955534141,,,,,,"Alfredo Simon",2155,430580
"Chad Qualls","- - -",52.1,,,,,,93.10141411771201,86.12964349678853,,,,83.93571254185268,,,"Chad Qualls",2170,430589
"Steve Edlefsen","SFG",15.1,,,,,,90.77241603807471,81.84716796875,,,,83.44,,,"Steve Edlefsen",2185,453580
"Joel Hanrahan","PIT",59.2,95.85488126649076,,,,,,87.4511795644685,,,,,,,"Joel Hanrahan",2186,430629
"Ronald Belisario","LAD",71,94.40000235316265,,,,,93.9417754521587,87.26728606892523,,,,88.0066650390625,,,"Ronald Belisario",2203,430613
"Justin Hampson","NYM",10,85.74285514987245,,,,,,81.738330078125,73.90713936941964,,,78.8800048828125,,,"Justin Hampson",2209,430618
"Adam Wainwright","STL",198.2,89.89599609375,,86.5110159118727,,,90.01495737469186,,73.60184593502639,,,83.5247290826613,,,"Adam Wainwright",2233,425794
"Roman Colon","KCR",8,95.14210269325658,,,,,94.21632852359694,83.3707305163872,77.19999694824219,,,87.07999877929687,,,"Roman Colon",2242,430638
"Elvin Ramirez","NYM",21.1,93.54575163398692,,,,,93.59629991319444,84.22857375372024,79.80714634486607,,,87.04915088718221,,,"Elvin Ramirez",2247,468517
"Brandon Gomes","TBR",17.2,89.8506862692637,,,82.55857282366071,,90.19833170572916,78.42792792792793,,,,,,,"Brandon Gomes",2267,460156
"Joel Peralta","TBR",67,90.27761027452026,,,81.55613806652046,,,,78.50307992788461,,,,,,"Joel Peralta",2332,407908
"Anthony Varvaro","ATL",16.2,93.0966843157583,,,,,,,79.8044954792837,,,86.97646915211396,,,"Anthony Varvaro",2385,460008
"Barry Enright","LAA",3.2,90.32916259765625,,,,,90.175,82.12221950954861,75.32499694824219,,,81.5,,,"Barry Enright",2412,446264
"Corey Kluber","CLE",63,92.67294761782787,,,,,92.48452610136103,88.62123421446918,82.35107773156474,,,84.01666666666667,,,"Corey Kluber",2429,446372
"Andrew Carignan","OAK",9.2,94.38098316461267,,93.60000610351562,,,,79.21304453974184,,,,,,,"Andrew Carignan",2431,446398
"Todd Coffey","LAD",19.1,93.22571149553572,,,,,93.12603434726331,84.33980582524272,,,,87.1846172626202,,,"Todd Coffey",2467,434298
"Lance Lynn","STL",176,93.07841274942862,,,,,92.07473622594357,87.14522294937426,79.2333975214001,,,84.14852561202704,,,"Lance Lynn",2520,458681
"Juan Pablo Perez","MIL",7,93.18571254185268,,,,,93.00655577612704,82.41282301682692,,,,,,,"Juan Pablo Perez",2557,448722
"Joe Paterson","ARI",2.2,84.18571254185268,,,,,83.03863525390625,71.3656234741211,,,,75.6624984741211,,,"Joe Paterson",2565,519110
"Robert Carson","NYM",13.1,94.7469512195122,,,,,,83.68947025767544,,,,87.21428571428571,,,"Robert Carson",2570,518533
"Wandy Rodriguez","- - -",205.2,89.44711195203993,,90.19444613986545,,,88.99501508468029,,76.30132459962927,,,83.6521982769113,,,"Wandy Rodriguez",2586,434643
"Jhoulys Chacín","COL",69,90.45986897421524,,89.91489361702128,,,89.9612043203552,81.780796875,76.95961820162259,,,84.45303867403315,,,"Jhoulys Chacin",2608,468504
"Scott Atchison","BOS",51.1,90.5351181402439,,,,,88.90000406901042,86.17313019390582,77.35480675330528,,,83.74000244140625,,,"Scott Atchison",2642,425786
"Brian Matusz","BAL",98,90.97016224868086,,90.88404840254134,,,91.29666341145834,84.18225819577452,76.43972318466396,,,83.60464005617752,,,"Brian Matusz",2646,451085
"Brett Cecil","TOR",61.1,89.30217050841718,,86.70000168372844,,,88.38035801478794,83.95782180059524,78.7838021096913,,,82.21410795808569,,,"Brett Cecil",2660,446399
"Joba Chamberlain","NYY",20.2,94.6573941383136,,,,,,87.07384314903847,80.95238095238095,,,85.0909090909091,,,"Joba Chamberlain",2692,501955
"Rick Porcello","DET",176.1,92.39590607541899,,,,,91.80931263858093,85.18073573681193,78.7380029296875,,,83.37937942976804,,,"Rick Porcello",2717,519144
"Brian Sanches","PHI",6.1,88.11538461538461,,,,79.92666829427084,87.93243243243244,83.45625305175781,74.66666666666667,,,,,,"Brian Sanches",2739,430083
"Joel Carreno","TOR",22,91.06296416859568,,,,,91.51428803943452,80.75350194068471,,,,83.72916920979817,,,"Joel Carreno",2746,468528
"Carlos Marmol","CHC",55.1,93.9701846590909,,,,,93.74615009014423,84.70352359693878,,,,,,,"Carlos Marmol",2790,461791
"Manny Corpas","CHC",46.2,88.12449178890306,,,,,89.12808344414894,81.02742908070388,,,,,,,"Manny Corpas",2807,466918
"Joe Savery","PHI",25,91.01639344262296,,90.65713936941964,,,,83.85285993303572,,,,80.35555691189236,,,"Joe Savery",2835,456045
"Ross Detwiler","WSN",164.1,93.18127007787271,,,,,92.24302430243024,79.19153865228252,,,,84.39285915500516,,,"Ross Detwiler",2859,446321
"Santiago Casilla","SFG",63.1,94.11471845518868,,,,,93.68732577758216,87.83466796875,,81.34217554209184,,,,,"Santiago Casilla",2873,433586
"Luis Avilán","ATL",36,92.55,,,,,92.39424319919065,,75.02427184466019,,,81.48,,,"Luis Avilan",2882,501593
"Zach McAllister","CLE",125.1,91.96116107931316,,89.80000305175781,,,92.55252918287938,86.72810712826798,79.76763501213593,,,81.79592682594476,,,"Zach McAllister",2895,502083
"Jeff Locke","PIT",34.1,,,,,,90.76243296249137,,,80.25351005688049,,80.65287272135417,,,"Jeff Locke",2929,502046
"Eduardo Sanchez","STL",15,95.09736713610198,,,,,94.25333658854167,79.55657637746711,,,,83.5999984741211,,,"Eduardo Sanchez",2966,500674
"Kenley Jansen","LAD",65,92.77812194824219,,91.77092050209205,,,,81.56379647090517,,,,,,,"Kenley Jansen",3096,445276
"Doug Slaten","PIT",13,88.16034146012932,,,,,87.494873046875,78.45454545454545,,,,81.174072265625,,,"Doug Slaten",3107,460657
"Duane Below","DET",46.1,89.75531122275204,,,,,89.2909102006392,83.79679596729768,77.53939079515862,,,82.8585107681599,,,"Duane Below",3124,502102
"Luis Mendoza","KCR",166,92.34848484848484,,,,,92.26024890336834,81.781913943407,76.26585239317359,,,82.8853675408092,,,"Luis Mendoza",3126,434669
"Graham Godfrey","OAK",21,88.39190499441965,,88.81052438836349,,,87.54761904761905,80.90000107709099,75.10000285696476,,,82.0062484741211,,,"Graham Godfrey",3128,453232
"Tony Watson","PIT",53.1,,,,,,93.59335727109516,84.320796460177,,,,86.4157929002193,,,"Tony Watson",3132,453265
"Max Scherzer","DET",187.2,94.2202640503876,,92.20000348772321,,,93.93895348837209,85.91071855857581,78.17647058823529,,,85.42372194192751,,,"Max Scherzer",3137,453286
"Tim Collins","KCR",69.2,93.1298768578506,,92.80000305175781,,,,,75.00873611634036,,,83.03488372093024,,,"Tim Collins",3164,525768
"Clayton Mortensen","BOS",42,88.68705767463236,,,,,87.83882697610294,85.43636518033597,79.53333536783855,,,81.38820005266854,,,"Clayton Mortensen",3166,489150
"David Price","TBR",211,95.6501976284585,,89.17809281367042,,,95.34732891061452,,78.6500015258789,78.98760213106469,,84.28025118670887,,,"David Price",3184,456034
"Will Harris","COL",17.2,90.96493886972402,,91.02257644489248,,,,,77.94590484118852,,,83,,,"Will Harris",3192,501789
"Chris Young","NYM",115,84.55838120404412,,,,,,75.9038961038961,67.85000101725261,,,77.92182173295454,,,"Chris Young",3196,432934
"Ervin Santana","LAA",178,91.60910410216718,,,,,92.42000325520833,82.7075637437811,,,,84.98917727126289,,,"Ervin Santana",3200,429722
"Francisco Liriano","- - -",156.2,93.28582514364888,,,,,92.90303948614918,85.67779232537828,76.60000271267361,,,85.77012629428152,,,"Francisco Liriano",3201,434538
"Jose G. Valdez","HOU",12,93.82077541599025,,,,,93.38261081861413,83.47589111328125,,,,83.14615572415866,,,"Jose G. Valdez",3217,451990
"Josh Stinson","MIL",9.1,92.87714494977679,,,,,92.35384740584936,88.08709716796875,79.32856968470982,,,86.6,,,"Josh Stinson",3219,502139
"Jean Machi","SFG",6.2,93.1804854230183,,,,,92.40999755859374,,82.12222629123264,,,85.13255700399709,,,"Jean Machi",3220,466948
"Tyler Robertson","MIN",25,88.76341582507622,,,,,88.75430722268212,82.71222536844978,,,,80.94444444444444,,,"Tyler Robertson",3223,502356
"Travis Blackley","- - -",107.2,,,85.76420941269188,,,90.40895541878633,86.34666951497395,75.88754551925939,,,81.17920272962182,,,"Travis Blackley",3234,429715
"Zack Britton","BAL",60.1,91.61235370415058,,,,,91.976953125,81.299173315531,,,,85.78749593098958,,,"Zack Britton",3240,502154
"Josh Roenicke","COL",88.2,92.42128935532234,,83.90344659213362,,,91.60545099431818,83.79123501712328,77.11121026400862,,,83.1605288856908,,,"Josh Roenicke",3241,502158
"Jeff Samardzija","CHC",174.2,95.08924215453587,,91.50081983024691,85.89046909645232,,94.77153012387387,84.57042649562257,77.23333333333333,,,,,,"Jeff Samardzija",3254,502188
"Jordan Walden","LAA",39,96.22876918859649,,,,,,84.22976801049619,,,,87.09999593098958,,,"Jordan Walden",3271,477229
"Roberto Hernandez","CLE",14.1,90.7636385830966,,,,,91.36115248426259,82.84193863407258,,,,85.03750101725261,,,"Roberto Hernandez",3273,433584
"Joe Smith","CLE",67,90.09411494377163,,,,,89.05965292841648,79.74666418650794,,,,,,,"Joe Smith",3281,501925
"Nate Adcock","KCR",34.2,91.24271844660194,,,,,91.18412853422619,83.911865234375,,80.38135593220339,,84.44166395399306,,,"Nate Adcock",3282,502264
"Hiroki Kuroda","NYY",219.2,91.28270692567567,,,86.17965367965368,,91.84422492401215,83.63958125623131,76.40119280133929,,,,,,"Hiroki Kuroda",3283,493133
"Aníbal Sánchez","- - -",195.2,91.85622529644269,,91.74615384615385,84.84474522292993,,91.89844358450156,85.58190883190883,78.21103874895485,,,83.20714460100446,,,"Anibal Sanchez",3284,434671
"Hector Noesí","SEA",106.2,92.32487415840956,,,,,92.68661788606296,84.71833001532356,78.21386235303218,,,85.45521386341699,,,"Hector Noesi",3292,456051
"Chris Hatcher","MIA",14.2,93.17697560701438,,,86.56129504788306,,93.704833984375,86.15166829427083,,,,,,,"Chris Hatcher",3299,501822
"Darren O'Day","BAL",67,86.02000363372093,,,,,84.40060114146706,77.54622395833333,,,,,,,"Darren O'Day",3321,503285
"Jairo Asencio","- - -",40.1,92.08813683461335,,,,,92.30724566915761,82.20222077546296,,,,85.66112936174912,,,"Jairo Asencio",3332,446003
"Matt Garza","CHC",103.2,93.49247606019152,,,,,93.53992665242805,84.78454367897727,76.12586431393679,,,85.78107844172297,,,"Matt Garza",3340,490063
"Mitchell Boggs","STL",73.1,95.79091205018939,,,,,95.81430819346289,87.82584269662921,72,,,88.47319990335052,,,"Mitchell Boggs",3344,459939
"Cesár Ramos","TBR",30,91.58888922797308,,,,,91.44834040963886,83.73448444234914,72.08196571225025,,,85.15581636650617,,,"Cesar Ramos",3357,459987
"Ubaldo Jiménez","CLE",176.2,92.30675054112554,,,83.98581968132855,,92.61169815691927,82.68656716417911,76.77522935779817,,,,,,"Ubaldo Jimenez",3374,434622
"Ricky Romero","TOR",181,91.34604251183232,,90.8774177797379,,,90.78330592105263,,76.95529411764706,,,82.97583912037037,,,"Ricky Romero",3403,460069
"Drew Butera","MIN",1,91.10000271267361,,,,,,,,,,82.30000305175781,,,"Drew Butera",3411,460077
"Jeff Mathis","TOR",2,85.36363636363636,,84.22857666015625,,,,,,,,81.64583333333333,,,"Jeff Mathis",3448,425772
"Jonathan Albaladejo","ARI",3,89.6781234741211,,,,,90.1500015258789,,77.60000271267361,,,82.07272616299716,,,"Jonathan Albaladejo",3521,452293
"Danny Duffy","KCR",27.2,95.3729434742647,,,,,93.96666666666667,86.18235150505515,77.1413043478261,,,85.7542372881356,,,"Danny Duffy",3542,518633
"Clay Buchholz","BOS",189.1,92.17073567708333,,89.32867797186933,85.4198717948718,,91.913203125,,77.24229329427084,,,80.11949169303797,,,"Clay Buchholz",3543,453329
"Liam Hendriks","MIN",85.1,90.48354887402088,,,,,89.63758992805755,82.26564002403846,73.07789370888158,,,81.75872705853175,,,"Liam Hendriks",3548,521230
"Clayton Richard","SDP",218.2,91.24676381829732,,,,,90.19217540842648,85.89596156881314,81.0111537964876,,,84.65754745781527,,,"Clayton Richard",3551,453385
"C.J. Wilson","LAA",202.1,91.41673607409382,,89.14166666666667,,,91.70424107142857,84.29545454545455,78.32630643267224,,,85.24488191006601,,,"C.J. Wilson",3580,450351
"David Pauley","- - -",16.2,88.01875305175781,,,,,88.07916259765625,79.4423076923077,74.50909238873106,,,82.91875076293945,,,"David Pauley",3625,456102
"Josh Kinney","SEA",32,89.56666056315105,,,,,91.0145478219697,82.95057613416988,78.48960658482143,,,,,,"Josh Kinney",3638,448337
"Jim Johnson","BAL",68.2,94.03749593098958,,,,,94.21925122036262,,79.84958516270662,,,88.08230919471154,,,"Jim Johnson",3656,462382
"Logan Ondrusek","CIN",54.2,93.10385827850877,,92.17464421948357,,,93.57777622767857,83.81499633789062,79.15676027590091,,,81.61666434151786,,,"Logan Ondrusek",3677,446185
"Brandon League","- - -",72,95.11000162760416,,,86.22481553819445,,95.16938401442307,86.23333108836206,,,,,,,"Brandon League",3731,434181
"Everett Teaford","KCR",61.1,90.38245516134086,,,,,90.20625305175781,86.2563407790493,79.32719341077302,,,83.60190197172619,,,"Everett Teaford",3732,501870
"Felipe Paulino","KCR",37.2,94.91022283380681,,,,,95.15428757440476,86.04161962608381,77.53555772569445,,,86.35918566645408,,,"Felipe Paulino",3777,462956
"Chris Resop","PIT",73.2,92.43709268162394,,,,,93.11471882931473,86.28688524590164,80.93829180743244,,,83.11817885890152,,,"Chris Resop",3799,434592
"Mat Latos","CIN",209.1,92.91186912083937,,92.60354270993837,,,92.19507014142336,84.93004511443662,78.43792244557584,,,83.61387289005475,,,"Mat Latos",3815,502009
"Ricky Nolasco","MIA",191,89.99089635854342,,88.0499979654948,80.80358477870813,,89.86969960016835,83.10406622545582,74.74754258452869,,,,,,"Ricky Nolasco",3830,445060
"Chris Seddon","CLE",34.1,89.99396886777639,,,,,90.22636274857955,81.51900146484375,75.5625,,,81.84467981216756,,,"Chris Seddon",3833,434629
"Zach Duke","WSN",13.2,88.80476306733631,,,,,89.02173913043478,79.67777506510417,74.64666341145833,,,83.39411477481617,,,"Zach Duke",3840,435043
"Gavin Floyd","CHW",168,91.50269396551724,,85.74776127653301,,,91.67934782608695,,79.94004053101504,,,85.73902558117378,,,"Gavin Floyd",3886,425856
"Casey Fien","MIN",35,93.01078212128253,,,,,91.53846153846153,88.12974683544304,78.96757108671171,,,90.0999984741211,,,"Casey Fien",3926,502272
"Joe Martinez","ARI",1,89.4000015258789,,,,,90.13333129882812,,81.5,,,77.9000015258789,,,"Joe Martinez",3935,458155
"Alex Hinshaw","- - -",28.1,91.61363764409418,,,,,,83.79850837365905,75.62115390484149,,,85.80000305175781,,,"Alex Hinshaw",3941,450527
"David Carpenter","- - -",32.1,94.34160257186693,,,,,93.1500015258789,84.9340947931463,,,,85.92499542236328,,,"David Carpenter",3959,502304
"Edward Mujica","- - -",65.1,91.92572857235477,,,86.38582130142404,,91.79448073814655,83.48170582841082,,,,,,,"Edward Mujica",3970,465629
"Edinson Volquez","SDP",182.2,93.4875018780048,,,,,93.66644474034621,,,79.25765306122449,,83.59284448212084,,,"Edinson Volquez",3990,450172
"Josh Outman","COL",40.2,93.4696811965159,,,,,90.39166450500488,81.24104159140174,74.07143184116909,,,80.7008056640625,,,"Josh Outman",4004,489189
"Yusmeiro Petit","SFG",4.2,88.11273082386364,,,,,,84.05384239783653,76.74615478515625,,,82.4181795987216,,,"Yusmeiro Petit",4020,433589
"Héctor Santiago","CHW",70.1,92.59346437142565,,86.94343335700758,,,93.37470285790599,77.80000305175781,78.17333054315476,,,82.48285714285714,74.60689991918103,,"Hector Santiago",4026,502327
"Steve Johnson","BAL",38.1,88.9320298999136,,,,,90.52499389648438,79.24250183105468,67.515625,,,78.36559402301748,,,"Steve Johnson",4053,489002
"Brian Duensing","MIN",109,91.92540322580645,,,,,91.5173961900685,83.00786528716216,73.53032384072581,,,84.2318449567078,,,"Brian Duensing",4064,488846
"Alex Burnett","MIN",71.2,92.99966907184385,,,,,92.39453125,85.15294471153847,77.15573120117188,,,84.89999389648438,,,"Alex Burnett",4065,488751
"Christian Garcia","WSN",12.2,95.3249981219952,,,,,94.9797115602355,,,81.06841719777961,,86.33030007102273,,,"Christian Garcia",4067,451600
"Pedro Strop","BAL",66.1,96.6321647298995,,,,,96.89746976717902,82.8911197060033,,,,89.18461413261218,,,"Pedro Strop",4070,467008
"Rafael Perez","CLE",7.2,86.06333821614584,,,,,,80.72353228400735,,,,81.08153545673076,,,"Rafael Perez",4078,460370
"Junichi Tazawa","BOS",44,93.51439790575917,,,,86.63560413939791,,84.29999831627156,75.09422889122597,,,84.69999694824219,,,"Junichi Tazawa",4079,547749
"Dan Runzler","SFG",3.2,,,,,,94.91042073567708,83.313330078125,,,,,,,"Dan Runzler",4080,502130
"Mark Rogers","MIL",39,93.59750434027778,,,,,93.68888733878968,82.53004878227699,76.15555826822917,,,81.10000174386161,,,"Mark Rogers",4083,449161
"James Russell","CHC",69.1,89.34170430983413,,87.1443579889113,,,88.93733072916666,81.33205770316027,73.46805826822917,,,81.71742061491935,,,"James Russell",4089,460701
"Luke Gregerson","SDP",71.2,89.2388916015625,,89.48750305175781,,,89.05506963315217,83.01236263736264,76.27272727272727,,,78.96922889122597,,,"Luke Gregerson",4090,502381
"Carlos Villanueva","TOR",125.1,88.92589169456845,,,,,88.94292521926592,81.71516927083333,73.81213497421116,,62.376472024356616,81.11991204526805,,,"Carlos Villanueva",4138,453646
"Jose Mijares","- - -",56.1,91.18611987381703,,,,,88.21666463216145,80.58991350446429,,,,82.63880760989971,,,"Jose Mijares",4140,467726
"Derek Holland","TEX",175.1,93.2203140258789,,,,,92.9237770664213,82.19163796164773,73.80000305175781,76.45529513888889,,84.29999806330754,,,"Derek Holland",4141,502706
"Jake Arrieta","BAL",114.2,93.34304985434322,,,,,93.27555839342949,87.39225837953629,78.55806372857863,,,87.10980264501634,,,"Jake Arrieta",4153,453562
"Rafael Dolis","CHC",38,95.10629009726821,,,,,94.87611494180162,83.03191489361703,,,,87.28333536783855,,,"Rafael Dolis",4185,503569
"Enerio Del Rosario","HOU",19,87.8629126138245,,,,,88.50948780980603,78.14053922086148,,,,84.98999633789063,,,"Enerio Del Rosario",4204,491688
"Armando Galarraga","HOU",24,,,,,,88.51704709101382,82.88053822357382,,,,81.31538461538462,,,"Armando Galarraga",4222,451482
"Wilton Lopez","HOU",66.1,93.25559848826715,,,85.20558763586956,,91.64709614269141,82.32608695652173,,,,,,,"Wilton Lopez",4227,446641
"Jered Weaver","LAA",188.2,88.00408719346049,,87.96177455357143,,,87.43411968954248,81.4847347861842,71.47727272727273,,52.400001525878906,79.37512507697045,,,"Jered Weaver",4235,450308
"Brad Lincoln","- - -",88,93.3892225681391,,,83.69999694824219,,91.800001402159,,83.11551405877088,,,85.57118561308263,,,"Brad Lincoln",4241,453184
"Micah Owings","SDP",9.2,86.6234359741211,,86.2,,,,80.91071428571429,,,,79.89999389648438,,,"Micah Owings",4253,452249
"David Huff","CLE",26.2,90.51672321619027,,,,,88.43333180745442,,78.11590992320667,,,82.34130328634511,,,"David Huff",4257,453307
"David Hernandez","ARI",68.1,94.76517888231197,,,,,94.44889220228707,,81.37344385162602,,,85.82857142857142,,,"David Hernandez",4259,456696
"Mark Melancon","BOS",45,93.11352657004831,,92.86151444284539,85.88285435267858,,92.16000366210938,,,81.97527472527473,,83,,,"Mark Melancon",4264,453343
"Nick Blackburn","MIN",98.2,89.67647058823529,,87.0037037037037,,,90.3436516264428,,77.95244220020325,,,82.12652004076087,,,"Nick Blackburn",4270,448147
"Manny Parra","MIL",58.2,92.56573705179282,,,84.65450980968045,,92.41772151898734,84.9000015258789,76.7958984375,,,,,,"Manny Parra",4279,448159
"Matt Albers","- - -",60.1,94.08552470960115,,,,,93.57261050112612,87.8124034792878,80.24824390076755,,,81.18333435058594,,,"Matt Albers",4300,458006
"Justin Wilson","PIT",4.2,93.62784933742088,,87.48499755859375,,,94.19999694824219,,77.7999979654948,,,,,,"Justin Wilson",4301,458677
"Scott Richmond","TOR",3,90.74761672247024,,,,,91.75384051983173,80.25,77.99500122070313,,,,,,"Scott Richmond",4307,446341
"Tyler Chatwood","COL",64.2,93.91656092423037,,,,,93.44164570847603,83.74142717633929,76.23790125693044,,,82.05555749317956,,,"Tyler Chatwood",4338,543022
"Kyle Drabek","TOR",71.1,92.31632653061224,,90.17525773195877,,,92.28946572580645,,80.6908509497549,,,85.11930899784483,,,"Kyle Drabek",4359,475138
"Craig Breslow","- - -",63.1,90.93351658293597,,,,,90.71504759557038,84.84083116319445,76.15000093900241,,,78.21960927925858,,,"Craig Breslow",4363,444520
"Joe Saunders","- - -",174.2,89.15622298048419,,,,,88.43153759820426,,74.61705083094783,,,80.05945127876244,,,"Joe Saunders",4366,434578
"Jeremy Hellickson","TBR",177,91.2300918836141,,88.50069656905595,,,91.0707140771028,,77.64141795810627,,,79.72772882109005,,,"Jeremy Hellickson",4371,476451
"Brad Mills","LAA",5,84.5956500509511,,82.64000244140625,,,,,69.69090687144886,,,75.22692401592548,,,"Brad Mills",4420,502166
"Kameron Loe","MIL",68.1,89.58461350661058,,87.64667154947917,,,89.42830023364486,79.08581676136363,,,,82.27143205915179,,,"Kameron Loe",4422,434180
"Jonathon Niese","NYM",190.1,90.46456425681431,,87.42301082490518,,,89.74044834094101,,74.35504139957266,,,83.37857491629464,,,"Jonathon Niese",4424,477003
"Josh Wall","LAD",5.2,93.42307692307692,,,,,95,83.40000287224265,,,,84.4000015258789,,,"Josh Wall",4436,476205
"Michael Bowden","- - -",39.2,91.26811452672102,,90.94999694824219,84.26615389310396,,91.25217736285666,82.63378370130384,,,,,,,"Michael Bowden",4440,476601
"Matt Palmer","SDP",2,89,,87.29999743009868,,,89.7636385830966,,77.11111111111111,,,85.5,,,"Matt Palmer",4457,461212
"Jordan Zimmermann","WSN",195.2,93.83887179151388,,,,,93.35555691189236,86.45874423668033,77.91352332746479,,,86.57681584012681,,,"Jordan Zimmermann",4505,519455
"Randy Wells","CHC",28.2,89.18510361258865,,86.30000305175781,,,89.0493359375,83.68428431919642,80.69999694824219,,,81.82129810474537,,,"Randy Wells",4535,448694
"Jason Hammel","BAL",118,93.57201380699685,,,,,93.54931926169591,85.11698481721699,77.88989997632575,,,88.42374381744604,,,"Jason Hammel",4538,434628
"Josh Johnson","MIA",191.1,92.7196150888585,,,,,92.87010657269022,86.88106393472023,78.54155953322785,,,87.12316273834746,,,"Josh Johnson",4567,435178
"Pedro Hernandez","CHW",4,89.96666802300348,,88.2000020345052,,,89.68332926432292,85.29545454545455,77.1500015258789,,,83.02222357855902,,,"Pedro Hernandez",4578,517060
"Clay Hensley","SFG",50.2,,,,,,85.30445339255137,79.99454900568182,69.53536127417127,,,80.24929852552818,,,"Clay Hensley",4593,454535
"Matt Lindstrom","- - -",47,95.04073919064153,,,,,94.46470492493873,84.82656478881836,,,,87.1187515258789,,,"Matt Lindstrom",4604,434637
"Bobby Korecky","TOR",1,87,,,,,86.89230581430289,,76,,,81.06667073567708,,,"Bobby Korecky",4608,445090
"Joe Thatcher","SDP",31.2,86.07962257037534,,85.82856968470982,,,,77.79640428282374,,,,82,,,"Joe Thatcher",4620,491159
"Brandon McCarthy","OAK",111,,,90.22871985456554,86.02777777777777,,90.84192457932693,,79.48869595462328,,,,,,"Brandon McCarthy",4662,435221
"Sam LeCure","CIN",57.1,89.63297086148648,,,,,89.50817945075758,79.74418604651163,,73.68767390839041,,84.47428385416667,,,"Sam LeCure",4664,459967
"Charlie Morton","PIT",50.1,90.48420795641448,,85.92727434142562,82.59999712775735,,89.73663898273273,,77.4119170984456,,,,,,"Charlie Morton",4676,450203
"Pat Neshek","OAK",19.2,93.44999694824219,,,,,89.33636659564394,83.1492725317029,,,,72.09000244140626,,,"Pat Neshek",4682,450212
"Jeff Francis","COL",113,84.56622395833334,,,,,85.26952646878824,,68.86657242748619,,,77.61643699363425,,,"Jeff Francis",4684,433585
"Nate Jones","CHW",71.2,96.345458984375,,,,,97.55656697009103,87.80830465929603,79.95,,,87.66292134831461,,,"Nate Jones",4696,518858
"Brian Bogusevic","HOU",1,88.00400390625,,85.19999694824219,,,,,,,,80.9000015258789,,,"Brian Bogusevic",4719,460131
"Mickey Storey","HOU",30.1,89.69946808510639,,,,,,79.93193717277487,71.07193153782895,,,78.8066650390625,,,"Mickey Storey",4721,493547
"Jose Arredondo","CIN",61,90.90813431571816,,,84.38020611134812,,,83.815203125,,,,,,,"Jose Arredondo",4722,461766
"Matt Cain","SFG",219.1,91.12859183837733,,,,,90.76060901988636,86.19750114889706,77.74065934065933,,,85.67946039244185,,,"Matt Cain",4732,430912
"Sergio Santos","TOR",5,94.79347826086956,,93.9000015258789,,,94.67999674479167,85.91071428571429,,,,86.71538837139423,,,"Sergio Santos",4734,435045
"Donnie Veal","CHW",13,91.8230731670673,,,,,92.53889069733796,,78.232998046875,,,83.05000305175781,,,"Donnie Veal",4741,453264
"Jonathan Broxton","- - -",58,94.87207251196509,,92.30677717823093,,,94.2470955141129,87.4043470541008,75.8680029296875,,,,,,"Jonathan Broxton",4759,455009
"Félix Hernández","SEA",232,92.38216610199714,,92.28484458111703,,,92.03683200813609,85.28847353104213,81.32995242883663,,,88.72621193910257,,,"Felix Hernandez",4772,433587
"Vinnie Pestano","CLE",70,91.62057325355757,,,,,92.32499614514802,79.95708806818182,,,,,,,"Vinnie Pestano",4782,502260
"Matt Capps","MIN",29.1,92.5917834974315,,,,,92.54256624788852,85.97692307692307,,,,87.61686982304217,,,"Matt Capps",4788,448165
"Rich Hill","BOS",19.2,94,,,,,91.92533979023973,84.13636363636364,75.28930272393048,,,,,,"Rich Hill",4806,448179
"Jesse Crain","CHW",48,93.63629619891827,,,,,93.5,84.94174757281553,71.84905660377359,,,82.58125305175781,,,"Jesse Crain",4817,430884
"Clay Rapada","NYY",38.1,85.29032258064517,,,,,85.37817826704546,76.12678571428572,,,,79.56667073567708,,,"Clay Rapada",4831,449060
"Kyle McClellan","STL",18.2,88.8000018780048,,,,,90.04817233120438,83.70678297139831,72.70833333333333,,,83.64285714285714,,,"Kyle McClellan",4845,449072
"Joe Blanton","- - -",191,90.44964367646786,,86.32729319852942,,,90.30912814064631,83.35877786883871,77.5297112510608,,,83.34432290566934,,,"Joe Blanton",4849,430599
"Peter Moylan","ATL",5,,,,,,88.78181818181818,76.98750305175781,,,,80.30000305175781,,,"Peter Moylan",4891,493247
"Jarrod Parker","OAK",181.1,92.4155431733167,,,,,92.14956701807229,82.89180570268361,75.07958984375,,,80.91244268341308,,,"Jarrod Parker",4913,519105
"Jon Lester","BOS",205.1,92.23874658469946,,89.92438199626865,,,92.00496688741723,,76.04846466002044,,,85.83702201156812,,,"Jon Lester",4930,452657
"Justin De Fratus","PHI",10.2,93.25833129882812,,,,,93.3590975674716,83.93529794730392,,,,85.375,,,"Justin De Fratus",4955,518603
"Fernando Salas","STL",58.2,91.71908393389663,,,,,91.67021276595744,,,81.3107476635514,,85.46162639292636,,,"Fernando Salas",4971,477569
"Cole Hamels","PHI",215.1,90.80320044918585,,88.0380437229827,,,,,75.732315582483,,,83.244875575374,,,"Cole Hamels",4972,430935
"Fernando Abad","HOU",46,90.14499860491071,,,,,89.76772028283227,,76.0999984741211,77.8970099667774,,75.4013909233941,,,"Fernando Abad",4994,472551
"Jake Diekman","PHI",27.1,,,,,,94.89494820926966,81.37571149553571,,,,87.22592954282408,,,"Jake Diekman",5003,518617
"Kyle McPherson","PIT",26.1,92.97546250580855,,,,,92.6952405657087,,77,,,83.30000174386161,,,"Kyle McPherson",5009,519015
"Dale Thayer","SDP",57.2,93.92952173662361,,,,,93.48628874747983,82.34586454028926,,,,84.44117647058823,,,"Dale Thayer",5032,445612
"Franklin Morales","BOS",76.1,94.34979388073549,,,,,94.22941176470589,83.77936469184027,74.3446628736413,,,83.89999898274739,,,"Franklin Morales",5088,462985
"Scott Diamond","MIN",173,89.30816675101215,,,,,89.37143089657738,,81.39385235628342,,,83.63745022924711,,,"Scott Diamond",5089,539438
"Rick Van Den Hurk","PIT",2.2,93.57142857142857,,,,,93.8076923076923,82.62726939808239,75.44999694824219,,,,,,"Rick Van Den Hurk",5099,462995
"Guillermo Moscoso","COL",50,91.19723865877712,,,80.15045781966744,,90.94655004040948,82.47676718355429,77.8666659268466,,,81.35000228881836,,,"Guillermo Moscoso",5106,446861
"Evan Meek","PIT",12,92.18031803641732,,90.77222357855902,,,92.75999755859375,,79.76222330729166,,,,,,"Evan Meek",5109,457425
"Jeurys Familia","NYM",12.1,95.625,,,,,95.49241961854877,83.7437515258789,,,,87.6,,,"Jeurys Familia",5114,544727
"Victor Marte","STL",40.1,93.59499860491071,,,85.74868292557566,,93.42576152146465,81.5565402307243,,,,,,,"Victor Marte",5158,469690
"Alfredo Aceves","BOS",84,93.90318213434023,,91.53484552556819,87.7104724702381,,93.65945682010135,83.1500015258789,81.35959885386819,,,82.89464460100446,,,"Alfredo Aceves",5164,469686
"Ernesto Frieri","- - -",66,93.9512351707176,,,,,94.28429536669667,80.1871933355564,,,,84.69999694824219,,,"Ernesto Frieri",5178,457117
"Brayan Villarreal","DET",54.2,97.07600215517242,,,,,96.01395575944767,86.99875655085404,,,,91.80000305175781,,,"Brayan Villarreal",5180,500903
"Mike Pelfrey","NYM",19.2,93.25844029017857,,,86.27777777777777,,93.52631578947368,86.11836336096938,75.05517578125,,,,,,"Mike Pelfrey",5203,460059
"Chris Perez","CLE",57.2,93.95141065830721,,,,,94.10270402238176,83.47113267826461,,,,,,,"Chris Perez",5213,453198
"Wade LeBlanc","MIA",68.2,86.78355282244695,,83.99113882845464,,,86.69640322897932,,74.35777723524305,,,75.66536775399081,,,"Wade LeBlanc",5221,453281
"Blake Parker","CHC",6,91.98070004111842,,,85.14999389648438,,91.1875,,79.162001953125,,,,,,"Blake Parker",5224,453284
"Vin Mazzaro","KCR",44,92.18000244140624,,,,,92.55225775033156,85.23551356235397,,76.19999694824219,,85.99474026864036,,,"Vin Mazzaro",5231,476570
"Wilmer Font","TEX",2,94.78780011432927,,,,,,80.89999825613839,,,,82.04000244140624,,,"Wilmer Font",5257,521655
"Casey Crosby","DET",12.1,89.5440327658582,,,,,90.02308067908653,,75.84444173177083,,,80.83250122070312,,,"Casey Crosby",5261,518582
"Chris Tillman","BAL",86,92.20561456752655,,92.245498046875,,,94.78461162860577,83.5302734375,,76.8288633765244,,81.9769646139706,,,"Chris Tillman",5279,501957
"Esmerling Vasquez","MIN",31.2,91.36603589327831,,,,,90.56619233630953,,76.78984069824219,,,81.84322706653226,,,"Esmerling Vasquez",5280,458220
"Samuel Deduno","MIN",79,90.77552033918406,,91.3375825817953,,,,,81.67991045947488,,,84.39680543664383,,,"Samuel Deduno",5285,465679
"Cristhian Martinez","ATL",73.2,89.47910593516791,,,,,89.0343527762582,81.63939689867425,,,,80.77834120153743,,,"Cristhian Martinez",5337,450852
"D.J. Mitchell","NYY",4.2,88.87575461647727,,,,,89.652001953125,,77.2,,,82.78181596235795,,,"D.J. Mitchell",5354,543551
"Phillippe Aumont","PHI",14.2,,,,85.99285888671875,,95.61386831647398,,81.55090553977273,,,,,,"Phillippe Aumont",5362,518418
"Luis Perdomo","MIN",17,91.7254286943856,,89.65999755859374,,,91.9922349059466,83.78936377992021,,,,85.8913043478261,,,"Luis Perdomo",5380,466412
"Jesse Chavez","- - -",24.2,92.36935227917087,,90.17636274857955,,,93.10603385136045,83.33809698195685,74.48070218270286,,,85.86250076293945,,,"Jesse Chavez",5448,445926
"Dana Eveland","BAL",32.1,89.06666304976852,,89,,,88.88050007370283,81.9576416015625,76.32500076293945,,,83.09796018016581,,,"Dana Eveland",5508,445968
"Tim Dillard","MIL",37,,,,,,86.73089668188203,72.1972611658105,,,,79.35999755859375,,,"Tim Dillard",5518,457422
"James McDonald","PIT",171,91.73142608158172,,,,,91.7230735844017,79.50926086049022,76.21707159523072,,,82.13714425223215,,,"James McDonald",5523,457428
"Madison Bumgarner","SFG",208.1,91.07633415244807,,87.5135621488764,,,90.74737227590461,87.05111219618055,75.80625,,,84.03266621015936,,,"Madison Bumgarner",5524,518516
"Boone Logan","NYY",55.1,93.55080653317152,,,,,93.21825747282608,81.80838605572598,,,,88.39412195542279,,,"Boone Logan",5525,457429
"Maikel Cleto","STL",9,96.8145419034091,,,,,91.36666870117188,85.02372715836864,,,,,,,"Maikel Cleto",5529,521055
"Phil Coke","DET",54,93.29218313547486,,,,,92.95416937934027,80.66619318181819,,,,82.46979268391927,,,"Phil Coke",5535,457435
"Matt Harrison","TEX",213.1,92.18861607142857,,86.13171978248899,,,91.94008710541989,,78.86146736512524,,,82.63925540123456,,,"Matt Harrison",5551,457448
"Jair Jurrjens","ATL",48.1,88.68659663773894,,88.49500122070313,,,88.28741113622705,77.888330078125,,,,82.25669139952171,,,"Jair Jurrjens",5556,457453
"Tyler Clippard","WSN",72.2,92.72143810907046,,85.25777633101852,,,,,77.08846341646634,,,80.89232113486842,,,"Tyler Clippard",5640,461325
"Henderson Alvarez III","TOR",187.1,93.24065340909091,,,,,92.65069444444444,84.76941697140957,73.19999694824219,,,86.07840104166667,,,"Henderson Alvarez III",5669,506693
"Jason Berken","- - -",19.2,90.34939611963479,,90.16363664106889,,,90.31956747303839,82.69027794731988,,,,83.41351483319256,,,"Jason Berken",5673,460072
"Tim Lincecum","SFG",186,90.35569275333857,,,,,90.20653840537383,83.36367696273517,77.49068322981367,,,83.188593192959,,,"Tim Lincecum",5705,453311
"Josh Lueke","TBR",3.1,92.73454367897727,,,78.89285714285714,,,77.69999864366319,,,,,,,"Josh Lueke",5722,518961
"Eric O'Flaherty","ATL",57.1,91.187001953125,,,,,90.98204820019724,85.9352638134058,,,,86.50908868963069,,,"Eric O'Flaherty",5746,447714
"Jhan Mariñez","CHW",2.2,94.66666666666667,,,,,,85.09999778053977,,,,,,,"Jhan Marinez",5830,501697
"Fautino De Los Santos","OAK",3,,,,,,94.31499837239583,83.56666564941406,,,,88.69999694824219,,,"Fautino De Los Santos",5841,501745
"Chad Billingsley","LAD",149.2,91.55188044225481,,85.647849883596,,,90.78706078980099,76.82612495307808,66.98333333333333,,,85.32121508049242,,,"Chad Billingsley",5842,451532
"Jason Motte","STL",72,96.94470358455882,,91.92258204525089,,,95.5096015625,87.26000162760417,,,,84.0999988374256,,,"Jason Motte",5861,435400
"Jeff Karstens","PIT",90.2,89.42274919136491,,86.17142377580915,,,89.30019910592007,79.2918105097542,70.61183224743559,,,81.13701414666782,,,"Jeff Karstens",5879,444371
"Darin Downs","DET",20.2,88.95999755859376,,85.84033613445378,,,90.72937622070313,,76.35555555555555,,,84.813330078125,,,"Darin Downs",5903,445153
"Sean Marshall","CIN",61,90.80152671755725,,89.05714634486607,,,90.79032258064517,84.9382964871454,77.0010454063316,,,86.80000305175781,,,"Sean Marshall",5905,445156
"Wesley Wright","HOU",52.1,90.75232397151899,,,,,90.52701297883064,83.47777932787699,,78.80752793178763,,84.25,,,"Wesley Wright",5960,449079
"Jonathan Papelbon","PHI",70,93.79813508064517,,,88.00085870150862,,93.30000305175781,79.47052837171053,73.5,,,,,,"Jonathan Papelbon",5975,449097
"Francisley Bueno","KCR",17.1,91.32022471910112,,,,,90.72250366210938,81.53332971643519,,,,84.37059110753677,,,"Francisley Bueno",5980,499107
"Randall Delgado","ATL",92.2,92.30536023449822,,,,,91.69405786099865,,77.77209121349246,,,81.6194540562963,,,"Randall Delgado",5985,517414
"Takashi Saito","ARI",12,90.71395046027132,,,,,89.38235294117646,80.58636474609375,75.87406864872685,,,,,,"Takashi Saito",6021,493416
"Kelvin Herrera","KCR",84.1,98.60778985507247,,,,,98.20151090801886,87.75,81.03253247364458,,,86.8801652892562,,,"Kelvin Herrera",6033,516969
"Joe Wieland","SDP",27.2,89.90925282213657,,,,,90.85000610351562,80.63999837239584,77.39588907320206,,,84.41157997532895,,,"Joe Wieland",6109,543921
"John Ely","LAD",2.2,88.0909090909091,,82.62857491629464,,,90.26841976768092,,72.4000015258789,,,80.5,,,"John Ely",6132,518655
"Shaun Marcum","MIL",124,86.30992219129554,,84.7498799497636,,,86.14577602332747,80.16986167594177,72.93889144199346,,,80.17353132659314,,,"Shaun Marcum",6204,451788
"Kyle Kendrick","PHI",159.1,90.16228070175438,,86.04990540112799,,,89.77315873260773,78.1462474822998,,,,82.0981497977658,,,"Kyle Kendrick",6230,452718
"Tom Gorzelanny","WSN",72,90.3106745926935,,,,,90.6930519386574,80.72655963897705,,,,84.34395389766483,,,"Tom Gorzelanny",6244,452733
"Aaron Laffey","TOR",100.2,86.1828865364215,,84.7859150344777,,,85.01504813675332,76.64999928193934,78.5999984741211,,,79.81559655425745,,,"Aaron Laffey",6248,444836
"Trevor Cahill","ARI",200,89.81079358552631,,,,,89.1362248014661,85.77620246611446,,78.81825401970954,,80.72309027777777,,,"Trevor Cahill",6249,502239
"Scott Feldman","TEX",123.2,90.7986085679796,,89.46497594120136,,,91.59773567339992,,76.89401880637887,,,85.73865361574317,,,"Scott Feldman",6283,444857
"George Sherrill","SEA",1.1,85.86470301011029,,,,,,75.32000122070312,,,,,,,"George Sherrill",6291,430941
"David Phelps","NYY",99.2,90.85668013478053,,,,,90.72649257905728,87.04214215959821,,80.43551645249221,,83.59016193327356,,,"David Phelps",6316,475479
"Esmil Rogers","- - -",78.2,95.69885347089695,,94.60232331031976,,,95.51080817145271,87.74934895833333,83.45862143797893,,,88.75,,,"Esmil Rogers",6317,469134
"Al Alburquerque","DET",13.1,94.6068915005388,,,,,94.13461538461539,84.97272454108392,,,,,,,"Al Alburquerque",6324,456379
"John Danks","CHW",53.2,90.13484048344948,,86.78421239533493,,,89.6503984375,,77.78333536783855,,,82.50496773097827,,,"John Danks",6329,433579
"Chris Archer","TBR",29.1,93.84100824808903,,,,,93.87222290039062,83.43405814792798,,,,81.6631582159745,,,"Chris Archer",6345,502042
"Henry Alberto Rodriguez","WSN",29.1,97.60626702997276,,,,,98.06110749421296,83.47143056441327,,,,91.53333629261364,,,"Henry Alberto Rodriguez",6371,469159
"Stu Pomeranz","BAL",6,94.716005859375,,,,,93.6923076923077,,81.704345703125,,,90.16666666666667,,,"Stu Pomeranz",6382,456421
"Luis Perez","TOR",42,92.9489959102349,,,,,93.35256608201581,84.32347995923914,,,,84.57872063386525,,,"Luis Perez",6389,469802
"Jake Odorizzi","KCR",7.1,90.37241828304597,,,,,90.77618698846726,82.97500610351562,72.1181807084517,,,82.78333197699652,,,"Jake Odorizzi",6397,543606
"Rich Thompson","- - -",3,88.9000015258789,,86.31818459250711,,,,,74.75,,,87.19999694824219,,,"Rich Thompson",6422,460366
"Jeremy Accardo","- - -",37.1,90.9538462260771,,89.59999974568684,,,91.14761933826264,,,,,83.60648886190879,,,"Jeremy Accardo",6428,435618
"Tim Stauffer","SDP",5,91.44167073567708,,,,,90.43845778245192,86.13999837239584,77.49230487530048,,,80.95,,,"Tim Stauffer",6432,431162
"Vance Worley","PHI",133,89.649479554769,,89.51975429205247,,,89.55799648506151,84.68491547683189,75.19444444444444,75.61048544606855,,83.5719696969697,,,"Vance Worley",6435,474699
"Kevin Jepsen","LAA",44.2,96.63812074566832,,92.42291259765625,,,95.94700687767094,,84.6415741309691,,,,,,"Kevin Jepsen",6475,448178
"Steve Cishek","MIA",63.2,92.81667073567708,,,,,92.18059223395932,82.26124767107046,,,,83.04137762661638,,,"Steve Cishek",6483,518553
"Brian Wilson","SFG",2,92.1749979654948,,,,,,87.87692182491988,81.74000244140625,,,,,,"Brian Wilson",6485,451216
"Michael Stutes","PHI",5.2,92.13414634146342,,,,,,81.37174125339673,,,,82.9000015258789,,,"Michael Stutes",6550,452741
"Alex Cobb","TBR",136.1,90.16703817520775,,,,,90.21122794954476,,,78.71734751506024,,84.9401899005487,,,"Alex Cobb",6562,502171
"Tom Koehler","MIA",13.1,93.64571242559524,,,,,93.58332824707031,87.99444580078125,,81.6016136907762,,85.88750076293945,,,"Tom Koehler",6570,543408
"Marc Rzepczynski","STL",46.2,,,,,,91.98574144486692,84.35588235294118,,,,85.078125,,,"Marc Rzepczynski",6612,519240
"Pedro Figueroa","OAK",21.2,89.4000015258789,,,,,95.001953125,87.85365853658537,,,,87.77692432892628,,,"Pedro Figueroa",6616,471896
"Cory Burns","SDP",18,,,,,,89.08285900297619,83.66666666666667,78.9625015258789,,,79.70291641383496,,,"Cory Burns",6620,451132
"Brad Brach","SDP",66.2,91.77967277927321,,,84.06338936941964,,92.59375,82.49151003228782,,,,77.0999984741211,,,"Brad Brach",6627,542960
"Jim Henderson","MIL",30.2,95.02127659574468,,,,,94.9249979654948,85.07359331109551,,,,,,,"Jim Henderson",6653,449104
"Craig Kimbrel","ATL",62.2,96.80248215024834,,,,,96.33999837239584,,,85.73300130208334,,,,,"Craig Kimbrel",6655,518886
"Miguel Socolovich","- - -",16.1,92.26956764363354,,,,,,82.87903225806451,,,,81.48813228283899,,,"Miguel Socolovich",6697,462515
"Luke Putkonen","DET",16,94.62380642361111,,,,,94.33970731847427,,,79.99827417834052,,86.11777886284722,,,"Luke Putkonen",6736,446367
"Andrew Miller","BOS",40.1,95.10341546474359,,,,,94.31975188078704,82.76059334340148,,,,87.04444715711806,,,"Andrew Miller",6785,453192
"Julio Teheran","ATL",6.1,92.07166748046875,,,,,92.4500020345052,,74.15833536783855,,,83.07777913411458,,,"Julio Teheran",6797,527054
"Robbie Ross Jr.","TEX",65,91.70145902317881,,91.44782820991848,,,92.17179361979167,84.93409312855114,,,,,,,"Robbie Ross Jr.",6819,543726
"Sam Freeman","STL",20,93.2685546875,,87,82.03783519847973,,93.1875,83.38823385799633,78.99302212027617,,,,,,"Sam Freeman",6832,518693
"Jeff Manship","MIN",21.2,91.50434499547102,,,,,90.71629774305555,,82.24656339456106,,,84.51702231549203,,,"Jeff Manship",6865,453249
"Collin Balester","DET",18,92.80174645712209,,,,,92.96071951729911,,79.03250122070312,,,86.60000375600961,,,"Collin Balester",6883,444446
"Johnny Cueto","CIN",217,92.60614420572917,,88.37462832322761,,,92.56466398582333,82.78787298387097,74.53999837239583,,,83.53397310697116,,,"Johnny Cueto",6893,456501
"Martín Pérez","TEX",38,91.8576308428231,,,,,91.9209769722465,83.54394161339962,75.38861006724683,,,82.36396308417793,,,"Martin Perez",6902,527048
"Luke Hochevar","KCR",185.1,92.58003679852806,,87.99753694581281,,,92.45788762019231,84.67208320114213,,78.05559283833063,,84.81840730444786,,,"Luke Hochevar",6943,460024
"Bobby Cassevah","LAA",5,90.9625015258789,,,84.6800048828125,,91.24590163934427,85.88750457763672,,,,,,,"Bobby Cassevah",6950,445001
"Brandon Dickson","STL",6.1,89.14808067908653,,,,,89.8230731670673,82.2568192915483,,,,79.68889024522569,,,"Brandon Dickson",6979,505447
"Drew Storen","WSN",30.1,94.69612251695736,,,,,94.42582652110927,83.4474216736469,,,,87.92941463694854,,,"Drew Storen",6983,519322
"Ian Kennedy","ARI",208.1,89.66454725829726,,85.46015930175781,,,89.15025182423858,87.17499542236328,,77.79293811274509,,79.75512907608696,,,"Ian Kennedy",6986,453178
"Miguel González","BAL",105.1,91.33992071422804,,,,,91.20656653444739,84.61463635806838,77.55633802816901,,,82.36046341297238,,,"Miguel Gonzalez",7024,456068
"James Shields","TBR",227.2,92.32383617912372,,89.57000113224638,,,92.19143337673611,,,79.85456045782675,,85.20847470238095,,,"James Shields",7059,448306
"Dustin Moseley","SDP",5,86.71111382378473,,84.5999984741211,,,87.06743958938954,,75.14615102914664,,,81.62307504507211,,,"Dustin Moseley",7060,400291
"John Lannan","WSN",32.2,89.1058349609375,,,,,89.37954545454545,81.24594858530405,75.11276699634308,,,85.90512945713141,,,"John Lannan",7080,458709
"Daniel Bard","BOS",59.1,92.95424711600953,,,,,93.64999665885136,80.28500104631696,,,,87.29279833984376,,,"Daniel Bard",7115,453268
"Daniel Hudson","ARI",45.1,92.73487533757717,,,,,92.8082817122781,86.28735632183908,82.24193548387096,,,83.18280379179936,,,"Daniel Hudson",7146,543339
"Ryan Mattheus","WSN",66.1,93.09555431547619,,88.11904761904762,83.71777886284723,,93.50356978728992,82.90573770491804,,,,,,,"Ryan Mattheus",7169,458919
"Jonny Venters","ATL",58.2,93.6431334252451,,,,,93.63918953252032,85.28219534817352,,,,86.98059993003731,,,"Jonny Venters",7175,458924
"B.J. Rosenberg","PHI",25,95.19701298196517,,,,,95.26896579786279,85.32236601177014,80.80000305175781,,,86.32727328213778,,,"B.J. Rosenberg",7183,543725
"Greg Holland","KCR",67,96.03993537044374,,,87.00454434481534,,,85.79224474676724,75.94999694824219,,,,,,"Greg Holland",7196,518813
"Evan Crawford","TOR",8,90.2816650390625,,,,,90.37825874660327,83.013330078125,77.4437484741211,,,,,,"Evan Crawford",7249,457751
"Craig Stammen","WSN",88.1,91.47747747747748,,84.42452298677884,,,91.54642024253731,84.9749984741211,81.80000305175781,79.6749987479968,,86.63750457763672,,,"Craig Stammen",7274,489334
"Brad Ziegler","ARI",68.2,86.8125,,,,,86.01048492791612,,74.46813294127747,,,78.09166666666667,,,"Brad Ziegler",7293,446899
"Josh Collmenter","ARI",90.1,87.91029627182904,,87.3515625,,,,,70.88266764322917,,,78.46179885007022,,,"Josh Collmenter",7312,518567
"Casey Janssen","TOR",63.2,91.58965132389163,,90.11072946599617,,,91.49195177801724,84.86170212765957,75.80661908318015,,,86.62857491629464,,,"Casey Janssen",7355,445163
"Deunte Heath","CHW",2,93.41578433388158,,,,,,81.53333536783855,,,,85.19999694824219,,,"Deunte Heath",7371,445177
"Dan Otero","SFG",12.1,89.8789490816886,,,,,89.81549158230634,82.52750244140626,76.39999898274739,,,82.57499694824219,,,"Dan Otero",7385,519096
"Dillon Gee","NYM",109.2,90.11755526399492,,90.2666727701823,,,90.20892494929006,82.60979751275511,,73.78617781538019,,83.10790517378827,,,"Dillon Gee",7396,518716
"Zach Stewart","- - -",35.2,89.741015625,,,,,88.73279008709017,82.58220297603283,77.13181721080433,,,83.03520166015625,,,"Zach Stewart",7397,543819
"Javy Guerra","LAD",45,93.39305107903587,,93.41538336338141,,,,87.42073170731707,78.1796875,,,84.52941176470588,,,"Javy Guerra",7407,457915
"J.A. Happ","- - -",144.2,90.48313416533921,,,,,90.21568906696794,83.75389484155959,77.06145419034091,,,82.65743523675042,,,"J.A. Happ",7410,457918
"Mark Lowe","TEX",39.1,93.81979695431473,,,,,,84.36077249461206,,,,86.54166666666667,,,"Mark Lowe",7416,450275
"Wade Davis","TBR",70.1,93.70770536402158,,89.83987969708589,,,92.70344490840517,,,81.14980233433735,,86.19400390625,,,"Wade Davis",7441,451584
"Gio González","WSN",199.1,93.3490433419586,,,,,92.67162524975025,,79.72545144086827,,,84.59087600998099,,,"Gio Gonzalez",7448,461829
"Phil Hughes","NYY",191.1,92.05279118979495,,86.35510004783163,,,91.71764418658088,80.90864318094135,,74.69325183170515,,84.02857261588146,,,"Phil Hughes",7450,461833
"Jim Miller","OAK",48.2,92.87612231809702,,,,,92.75405141469595,83.34081533003827,72.14486929086539,,,,,,"Jim Miller",7458,461848
"Anthony Swarzak","MIN",96.2,92.01801698507084,,,,,92.22963800904978,81.43753134645061,,,,82.5482364430147,,,"Anthony Swarzak",7466,461872
"Ryan Webb","MIA",60.1,93.75,,,,,94.26324237560192,82.62396992722603,,,,85.22253246038733,,,"Ryan Webb",7474,444436
"Mike Ekstrom","COL",15.2,92.26387348790323,,,,,93.10000610351562,83.09270731608073,,,,85.76666259765625,,,"Mike Ekstrom",7488,455091
"Scott Elbert","LAD",32.2,92.18032786885246,,,,,91.27500406901042,88.13318152361751,,,,86.0076904296875,,,"Scott Elbert",7489,455092
"Tommy Layne","SDP",16.2,90.71666463216145,,,,,89.35932534427967,83.34358723958333,76.60483870967742,,,79.22999877929688,,,"Tommy Layne",7501,518927
"Jonathan Sánchez","- - -",64.2,89.03465733292079,,,,,88.57999918619792,80.01019464881675,,,,82.93776983963816,,,"Jonathan Sanchez",7507,456043
"Kyle Waldrop","MIN",21.1,88.70858895705521,,,,,89.19646190542035,79.0180029296875,,,,83.57499694824219,,,"Kyle Waldrop",7513,448252
"Evan Scribner","OAK",35.1,90.10816200657895,,83.3000018780048,,,,,72.40718149038462,,,80.2125015258789,,,"Evan Scribner",7525,519267
"Collin McHugh","NYM",21.1,89.80055609809028,,83.08823529411765,,,90.4456495202106,,70.4535368331755,,,82.52499898274739,,,"Collin McHugh",7531,543521
"Lucas Harrell","HOU",193.2,91.472998046875,,87.7,,,92.3785782442748,89.36239110896018,83.51497005988024,,,82.90357142857142,,,"Lucas Harrell",7541,449173
"Tommy Hottovy","KCR",9.1,88.94999694824219,,,,,88.04193443380376,76.8,,,,79.30000305175781,,,"Tommy Hottovy",7542,459415
"Jake McGee","TBR",55.1,95.61360677083333,,,,,95.6931688262195,86.73391644021739,,,,,,,"Jake McGee",7550,459429
"Nick Vincent","SDP",26.1,89.66103769277598,,,,,89.71110930266204,86.82316300675676,,,,83.9375,,,"Nick Vincent",7555,543883
"Fernando Rodriguez Jr.","HOU",70.1,93.84034211725395,,,,,89.69999694824219,,79.70346933706648,,,85.40428292410714,,,"Fernando Rodriguez Jr.",7558,451775
"Cory Wade","NYY",39,88.21562194824219,,85.1368408203125,,,88.28800130208333,77.88084898603724,73.83896230722402,,,81.02095424107142,,,"Cory Wade",7570,460677
"Jordan Lyles","HOU",141.1,91.881135240113,,,,,91.45064645176252,86.05347971796657,79.47062429932735,,,82.05344995959052,,,"Jordan Lyles",7593,543475
"Tommy Milone","OAK",190,87.42296020900322,,85.26351351351352,,,87.42727568655303,,76.04912109375,,,80.47930142302717,,,"Tommy Milone",7608,543548
"Carlos Torres","COL",53,91.31390512589928,,89.13532247340426,,,89.8,88.94893824800532,77.61578833150585,,,84.92857142857143,,,"Carlos Torres",7624,448614
"Chris Leroux","PIT",11.1,91.22272838245739,,,,,90.90731588224085,81.8278277853261,,,,85.5,,,"Chris Leroux",7645,460092
"Jeff Gray","MIN",52,92.72413793103448,,,,,93.14127793422965,86.24376698369565,,,,88.46842233758224,,,"Jeff Gray",7718,462522
"Juan Nicasio","COL",58,93.27048343428781,,,,,92.37000122070313,82.82156862745099,,,,84.11081345016892,,,"Juan Nicasio",7731,504379
"Wily Peralta","MIL",29,95.433926991054,,,,,95.66421476665296,85.35504934328412,,,,84.78077110877403,,,"Wily Peralta",7738,503449
"Mike Fiers","MIL",127.2,87.90489268964112,,84.43690636044457,,,88.7249984741211,,71.43179910224781,,,81.4839622569534,,,"Mike Fiers",7754,571666
"Shawn Kelley","SEA",44.1,92.31939274584488,,,,,92.8499984741211,83.04651162790698,,,,85.58888753255208,,,"Shawn Kelley",7773,518875
"Daisuke Matsuzaka","BOS",45.2,90.79343872070312,,89.1798780487805,81.80237978980655,,90.61111111111111,80.18959424674856,78.52000122070312,,,81.5999984741211,,,"Daisuke Matsuzaka",7775,493137
"Jerry Blevins","OAK",65.1,89.19999694824219,,,,,89.70684485217842,82.7914047241211,72.03418803418803,,,82.32409044251825,,,"Jerry Blevins",7841,460283
"Chris Schwinden","NYM",8.2,88.86385042121611,,87.16557337026127,,,88.89999389648438,81.42500305175781,75.34000183105469,,,82.11818278919567,,,"Chris Schwinden",7851,452737
"Tyson Ross","OAK",73.1,92.74566813151041,,92,,,91.92780225266256,85.9530688326783,,,,87.15772179084095,,,"Tyson Ross",7872,475115
"Kyle Weiland","HOU",17.2,90.74374825613839,,85.41279069767442,,,91.17142657844387,,76.64194020917338,,,82.32608695652173,,,"Kyle Weiland",7874,475095
"Josh Lindblom","- - -",71,92.16885154420375,,,,,92.1013419858871,83.28819800204919,72.45487864424543,,,84.2439990234375,,,"Josh Lindblom",7882,458676
"Andrew Taylor","LAA",2.1,87.95,,,,,88.8499984741211,80.80908942945075,79.69999694824219,,,,,,"Andrew Taylor",7896,476531
"Christian Friedrich","COL",84.2,91.75547533356742,,,,,90.7081848501462,84.30740534060847,75.84585419544199,,,83.21811311141305,,,"Christian Friedrich",7942,543184
"Cory Gearrin","ATL",20,,,,,,90.64033364986187,82.72646915211396,,,,83.05333658854167,,,"Cory Gearrin",7947,518715
"Frank Herrmann","CLE",19.1,94.658754855226,,,91.80000305175781,,94.52777777777777,85.28285435267857,78.98000217013889,,,,,,"Frank Herrmann",7960,497807
"C.J. Fick","- - -",24.2,89.84500122070312,,,,,89.5954578746449,,80.5116683959961,,,85.48153827373798,,,"C.J. Fick",7978,518674
"Anthony Bass","SDP",97,91.78892691555127,,92.05729166666667,,,91.74496890074455,84.64958292643229,,,,83.14120129761267,,,"Anthony Bass",7982,542914
"Ramon E Ramirez","NYM",63.2,91.05710955710956,,,,,91.1804854230183,86.86125605396678,,,,86.08204334365325,,,"Ramon E Ramirez",7986,430673
"Eric Stults","- - -",99,87.76802174870198,,,,,83.5528547014509,80.15214451381138,66.72386848695817,,,78.2195698837812,,,"Eric Stults",8011,445590
"Rob Johnson","NYM",1,85.40000406901042,,86.1500015258789,,,,83.4000015258789,69.94999694824219,,,83.6500015258789,,,"Rob Johnson",8029,453531
"Thad Weber","DET",4,89.69189453125,,,,,90.0949951171875,,80.95454545454545,,,81.92000122070313,,,"Thad Weber",8036,519403
"Glen Perkins","MIN",70.1,95.05818536931818,,,,,94.32565387228261,84.01644099561994,,,,84.84000244140626,,,"Glen Perkins",8041,450282
"Jason Vargas","SEA",217.1,87.91830802523474,,83.97508858039033,,,87.89577329490874,,75,75.51318359375,,79.96508290816327,,,"Jason Vargas",8044,450306
"Will Smith","KCR",89.2,90.70459835578447,,,,,88.69853909111721,79.39957613031915,76.48789560111464,,,84.1305519386574,,,"Will Smith",8048,519293
"Dan Jennings","MIA",19,90.28962448408019,,,,,,80.50789816337719,,,,82.0142822265625,,,"Dan Jennings",8073,543359
"Stephen Fife","LAD",26.2,89.13157894736842,,88.28333536783855,,,88.6552670127467,84,78.34105160361842,,,83.74222005208334,,,"Stephen Fife",8077,543155
"Michael Schwimer","PHI",34.1,92.63317350414692,,,,,91.89240506329114,84.01666666666667,,,,81.759521484375,,,"Michael Schwimer",8103,543754
"Bryan Shaw","ARI",59.1,89.82856968470982,,92.50038959973753,,,,80.805,78.62903225806451,,,83.14482590247844,,,"Bryan Shaw",8110,543766
"Jaime García","STL",121.2,88.38197787972383,,88.11490885416667,,,88.74427083333333,84.65419839810924,73.72045158617425,,,81.76323529411765,,,"Jaime Garcia",8137,448802
"Yovani Gallardo","MIL",204,91.70211246589359,,90.26666259765625,,,91.79899643036072,87.31204927884616,79.6380655226209,,,87.02750244140626,,,"Yovani Gallardo",8173,451596
"Cole De Vries","MIN",87.2,89.77652784195934,,,,,89.37703313928611,83.36788316712763,73.4844172754329,,,82.22836741995305,,,"Cole De Vries",8201,453301
"Brett Anderson","OAK",35,91.97261270899682,,,,,90.67788461538461,81.75780121026011,77.0999984741211,76.37017715186404,,84.27692119891827,,,"Brett Anderson",8223,474463
"David Robertson","NYY",60.2,93.15428292410714,,92.09133333333334,,,,,,80.99418604651163,,86.5625,,,"David Robertson",8241,502085
"J.P. Howell","TBR",50.1,86.5999984741211,,,,,85.91400779061625,76.4000015258789,,78.57515337423312,,79.95999849759616,,,"J.P. Howell",8245,434442
"Huston Street","SDP",39,,,,,,89.01892843364197,83.77899323792016,,,,80.44526110197368,,,"Huston Street",8258,434718
"Ross Ohlendorf","SDP",48.2,90.7324506821534,,,,,90.55228439031863,81.0426181050755,,,,83.17875738903484,,,"Ross Ohlendorf",8268,456027
"Casey Coleman","CHC",24.1,91.15649572595373,,,,,90.0008534488515,82.66666666666667,77.62323943661971,,,80.37567798511402,,,"Casey Coleman",8270,488787
"Tony Sipp","CLE",55,91.04943213882619,,,,,89.57470114834338,80.44654829545455,,,,78.92238514458955,,,"Tony Sipp",8280,448609
"Lucas Luetge","SEA",40.2,89.43333217075893,,,,,89.20353218860424,82.7287005362426,73.27555338541667,,,83.06666564941406,,,"Lucas Luetge",8337,476595
"Jared Burton","MIN",62,92.85472972972973,,93.54615196814903,,,92.84537486869748,85.7802734375,,,,87.17521000174095,,,"Jared Burton",8346,454537
"AJ Ramos","MIA",9.1,93.55122189405488,,88.94999694824219,,,,82.21599609375,77.89444308810764,,,84.44736842105263,,,"AJ Ramos",8350,573109
"Alberto Cabrera","CHC",21.2,93.45818536931819,,,,,93.13405827702702,82.323486328125,,,,85.30714634486607,,,"Alberto Cabrera",8352,501227
"Homer Bailey","CIN",208,92.54281173873325,,,,,91.8391942547506,87.31683806335035,,78.07176585477941,,85.59633027522936,,,"Homer Bailey",8362,456701
"Troy Patton","BAL",55.2,,,,,,89.78106985740291,81.4375,76.67036494502315,,,83.56278956213663,,,"Troy Patton",8368,461856
"Brad Bergesen","ARI",29.2,91.18022819562147,,,,,91.08780130525915,84.73049645390071,,,,83.4500020345052,,,"Brad Bergesen",8375,448269
"Steve Geltz","LAA",2,92.50333658854167,,91.9800048828125,82.67500305175781,,,79.93332926432292,,,,,,,"Steve Geltz",8402,544993
"Adam Wilk","DET",11,87.06739342730978,,,,,87.11851671006944,81.01034651131465,76.32000325520833,,,79.802001953125,,,"Adam Wilk",8421,573244
"Jordan Norberto","OAK",52,92.57727459629187,,89.9800048828125,,,92.35370249807099,85.70484730113637,,,,84.67661605342742,,,"Jordan Norberto",8432,467099
"Jenrry Mejia","NYM",16,94.18130319486788,,93.51718759536743,,,93.12857164655414,85.56667073567708,80.85555206783233,,,88.01666937934027,,,"Jenrry Mejia",8476,516769
"Jeff Beliveau","CHC",17.2,90.59763313609467,,86.41363525390625,,,90.10666775173611,,75.87347038424745,,,79.6039990234375,,,"Jeff Beliveau",8504,542924
"Tyler Cloyd","PHI",33,86.38648648648649,,83.88155889849291,,,85.4495088180693,,76.79830673993644,,,80.44285946800595,,,"Tyler Cloyd",8536,543031
"Bill Bray","CIN",8.2,88.685,,,,,88.99411908318015,82.43448612607759,74,,,88,,,"Bill Bray",8538,435538
"Chris Carpenter","BOS",6,94.18548387096774,,,,,93.99582926432292,85.05000135633681,,,,86.37778049045139,,,"Chris Carpenter",8556,452764
"Edgmer Escalona","COL",22.1,94.52231566373968,,,,,93.78627642463235,84.72324081205986,,,,87.89000244140625,,,"Edgmer Escalona",8574,467850
"Philip Humber","CHW",102,90.48987138089458,,88.37857273646763,,,90.57958089618782,82.84728141452955,78.77232581564465,,,84.73656725527636,,,"Philip Humber",8586,458950
"Jeff Niemann","TBR",38,89.84414590371621,,89.1032216061828,81.7249984741211,,90.51538461538462,83.96557216956967,76.54655509159483,,,82.16874694824219,,,"Jeff Niemann",8591,435298
"Luis Marte","DET",22.1,91.46646355726048,,90.47777642144098,,,,84.432,,,,83.78837549963663,,,"Luis Marte",8651,501687
"Paul Maholm","- - -",189,87.8444452053163,,83.24159663865547,,,87.13341183823395,79.78333381370261,72.48877764445979,,64.5999984741211,80.77255189185048,,,"Paul Maholm",8678,430904
"Justin Verlander","DET",238.1,94.18266582854406,,,,,95,84.2079648191824,78.97509578544062,,,85.55454778315946,,,"Justin Verlander",8700,434378
"Scott Barnes","CLE",19,91.04359475160257,,,,,91.84745762711864,84.2524448208042,,,,80.48378114442568,,,"Scott Barnes",8718,488683
"Manny Acosta","NYM",47.1,93.82996997149837,,,,,94.16000434027778,82.3149646577381,,,,87.19106910342262,,,"Manny Acosta",8725,407924
"Daniel Schlereth","DET",7,90.40000406901042,,,,,90.49090909090908,,78.1986083984375,,,,,,"Daniel Schlereth",8739,519259
"Eric Hacker","SFG",9.2,87.38888888888889,,,,,87,81.70833333333333,73.03030303030303,,,85.1500015258789,,,"Eric Hacker",8743,459345
"Wade Miley","ARI",194.2,91.19330664484342,,,,,90.56867958842844,81.51582594651443,75.85116506177326,,,80.89849835186749,,,"Wade Miley",8779,489119
"Andrew Cashner","SDP",46.1,97.78282948369565,,,,,96.87631546823602,86.86355048919393,79.39999389648438,,,87.01235790466994,,,"Andrew Cashner",8782,488768
"Ryan Perry","WSN",8,93.4,,89.68889024522569,,,93.23076923076923,82.375,,,,84.72500101725261,,,"Ryan Perry",8799,543634
"Antonio Bastardo","PHI",52,91.71141663117547,,,79.4000015258789,,90.3499984741211,83.70000230457227,,,,85.57999877929687,,,"Antonio Bastardo",8844,455374
"Brandon Beachy","ATL",81,90.96373305722892,,,,,87.6500015258789,80.94877049180327,71.96260480182927,,,79.83730158730158,,,"Brandon Beachy",8851,545404
"Ryan Cook","OAK",73.1,95.07064825733752,,,,,94.9553619701557,83.98210987420129,,,,88.18485144412878,,,"Ryan Cook",8855,475857
"Matt Reynolds","COL",57.1,88.85688778692615,,,,,88.87142508370536,77.9000015258789,,78.20422926682693,,81.92445439877717,,,"Matt Reynolds",8887,519186
"Aneury Rodriguez","HOU",6,91.28979990433673,,,,,,79.03750101725261,,,,82.84000244140626,,,"Aneury Rodriguez",8948,444553
"Adam Warren","NYY",2.1,91.9499981219952,,90.86000366210938,,,90.97499593098958,87.53846153846153,78.22856794084821,,,82.07142857142857,,,"Adam Warren",9029,476589
"Jeanmar Gómez","CLE",90.2,89.91052222000926,,,,,90.02118129076617,84.1805688729558,74.06667073567708,,,82.15908924449573,,,"Jeanmar Gomez",9033,491646
"J.J. Hoover","CIN",30.2,92.79840848806366,,,,,,82.00908868963069,76.0628876047036,,,85.52413624730603,,,"J.J. Hoover",9037,543331
"John Axford","MIL",69.1,96.12338070972496,,,,,,84.698486328125,79.9611351847166,,,,,,"John Axford",9059,446099
"Zach Putnam","COL",2,90.92857142857143,,,84.3818192915483,,90.4749984741211,78.5999984741211,,,,,,,"Zach Putnam",9080,474029
"Cody Eppley","NYY",46,86.4000015258789,,,,,87.74758060308848,80.99724949827981,70,,,80.29130222486413,,,"Cody Eppley",9095,543136
"Jaye Chapman","CHC",12,89.79677261844758,,,,,90.02777777777777,81.58620689655173,,,,81.98333062065973,,,"Jaye Chapman",9096,488776
"Brad Hand","MIA",3.2,90.08870967741936,,,,,,,78.02631578947368,,,81.94000244140625,,,"Brad Hand",9111,543272
"Tommy Hanson","ATL",174.2,89.60678391959799,,,,,,80.78095794392523,72.03417721518987,,,80.087998046875,,,"Tommy Hanson",9129,462102
"Nathan Eovaldi","- - -",119.1,94.11761188271605,,91.8466650390625,,,94.15641276041667,85.26201923076923,74.49789525082237,,,84.75384573651175,,,"Nathan Eovaldi",9132,543135
"Ryan Verdugo","KCR",1.2,88.92571149553571,,,,,,81.0499979654948,71.5999984741211,,,81.14285714285714,,,"Ryan Verdugo",9154,489400
"Lester Oliveros","MIN",1.2,93.21666802300348,,,,,93.7999979654948,83.4375,,,,80.03333536783855,,,"Lester Oliveros",9167,500902
"Casey Kelly","SDP",29,91.27782253161479,,,,,90.63142438616072,,80.71716126399254,,,84.52249755859376,,,"Casey Kelly",9174,543391
"Edwar Cabrera","COL",5.2,90.63226121471774,,,,,89.68889250578704,,74.81764849494485,,,81.2153821113782,,,"Edwar Cabrera",9211,542369
"Koji Uehara","TEX",36,88.82921810699588,,,81.45183486238533,,88.48695970618206,82.87857491629464,,,,,,,"Koji Uehara",9227,493157
"David Carpenter","LAA",39.2,88.02576053503788,,,,,89.091796875,78.91396915211396,,,,79.61190359933036,,,"David Carpenter",9244,518526
"Chad Beck","TOR",15.2,93.8094581397804,,,86.58378642314189,,92.85999755859375,85.97166341145834,,,,,,,"Chad Beck",9258,444447
"David Herndon","PHI",7.2,,,,,,91.20357259114583,80.59310176454741,,,,84.43845778245192,,,"David Herndon",9264,458589
"Chris Davis","BAL",2,89.7000020345052,,87.30000305175781,,,89.39999389648438,,,,,84.92307692307692,,,"Chris Davis",9272,448801
"Rob Scahill","COL",8.2,95.13919314822635,,,,,94.2782566236413,90.05333658854167,79.27857317243304,,,88.43332926432292,,,"Rob Scahill",9286,543746
"Dylan Axelrod","CHW",51,88.32699416458972,,,,,88.33703864454732,81.02365538894489,75.6197509765625,,,82.14482590247844,,,"Dylan Axelrod",9303,518420
"Patrick Corbin","ARI",107,90.54803535375703,,,,,90.92679415278248,78.73468760810655,,,,80.22107699954456,,,"Patrick Corbin",9323,571578
"Jared Hughes","PIT",75.2,92.9527254971591,,,,,92.3598902027027,84.17289719626169,,,,85.03863525390625,,,"Jared Hughes",9325,453172
"Brandon Morrow","TOR",124.2,93.16028610736747,,92.98124694824219,84.88967943948413,,91.78571428571429,87.40774529569893,,79.43599609375,,,,,"Brandon Morrow",9346,453344
"Barret Browning","STL",19.1,86.35454767400569,,,,,86.88802278255989,77.7889990234375,,,,79.39047386532738,,,"Barret Browning",9356,446135
"Josh Tomlin","CLE",103.1,89.31669367200946,,85.96998237332696,,,89.04385964912281,,75.20810678842905,,,82.55952380952381,,,"Josh Tomlin",9388,458708
"Kris Medlen","ATL",138,89.82773829550639,,,,,89.92161280574517,83.50384990985577,77.3324248342803,,,80.78769949030749,,,"Kris Medlen",9417,450665
"Doug Fister","DET",161.2,88.95572916666667,,85.125424832274,,,88.82711693548387,87.5,75.05142435213415,,,81.54953725961539,,,"Doug Fister",9425,450729
"Dallas Keuchel","HOU",85.1,88.3202685106982,,84.51585127667683,,,87.84533142301038,72.67500305175781,72.3310009765625,,,74.97452645931604,,,"Dallas Keuchel",9434,572971
"Dan Straily","OAK",39.1,91.23709467405914,,,,,91.7750015258789,82.67927067454268,74.25925925925925,,,83.3662932320927,,,"Dan Straily",9460,573185
"George Kontos","SFG",43.2,90.93958536783855,,,,,90.63261081861413,83.65857872596153,,,,85.0125020345052,,,"George Kontos",9486,502004
"Jeremy Jeffress","KCR",13.1,94.52698942201327,,,,,,,,79.09180487961065,,,,,"Jeremy Jeffress",9490,502026
"Bud Norris","HOU",168.1,91.75406333780161,,92.26817737926136,,,91.7756561814693,84.20155338921283,66.5999984741211,,,85.08156206354748,,,"Bud Norris",9492,502032
"Drew Carpenter","TOR",9,89.76944308810764,,,,,90.06666666666666,82.81110975477431,,,,84.09736713610198,,,"Drew Carpenter",9533,502165
"P.J. Walters","MIN",61.2,88.41421836034912,,86.6578140258789,,,88.64087681800315,75.5337623530983,70.06666564941406,,,78.76883370535714,,,"P.J. Walters",9557,502208
"Craig Gentry","TEX",1,87,,86.94999694824219,,,,,,,,81.9588264016544,,,"Craig Gentry",9571,502226
"Mike McClendon","MIL",14,88.0718765258789,,,,,88.1790926846591,77.23209635416667,,,,76.94286237444196,,,"Mike McClendon",9587,501873
"Jose Ortega","DET",2.2,96.89024390243902,,,,,95.92500305175781,85.64285714285714,,,,,,,"Jose Ortega",9651,514639
"Mike Zagurski","ARI",37.1,91.77125244140625,,,,,91.58867678852201,82.99370356206293,,,,83.3199951171875,,,"Mike Zagurski",9683,489448
"Louis Coleman","KCR",51,90.19771205357142,,,,,90.50439989697803,80.08613918138587,71.73999633789063,,,81.95000143612133,,,"Louis Coleman",9720,488786
"Burke Badenhop","TBR",62.1,89.27333170572916,,,83.74819394766567,,89.44046753875969,80.36918075770548,,,,,,,"Burke Badenhop",9736,488674
"Joe Kelly","STL",107,95.0039990234375,,,,,94.34064617023601,81.07108478156887,76.4636396928267,,,84.55282880675118,,,"Joe Kelly",9761,523260
"Garrett Richards","LAA",71,95.03181005271084,,95.1999981219952,,,94.81989207254769,85.66319105360243,76.109375,,,85.81470624138328,,,"Garrett Richards",9784,572070
"Rex Brothers","COL",67.2,95.23533333333333,,,,,95.21786063058036,87.17919012034162,,,,88.5562515258789,,,"Rex Brothers",9794,571521
"Miles Mikolas","SDP",32.1,92.96511627906976,,,,,92.95887485397196,92.03333536783855,75.7110508028315,,,84.29166666666667,,,"Miles Mikolas",9803,571945
"Sergio Romo","SFG",55.1,88.07660590277777,,,,,86.99587226159794,77.55983772819472,53.599998474121094,,,82.005126953125,,,"Sergio Romo",9817,489265
"Michael Kirkman","TEX",35.1,,,,,,94.2458555640244,82.33763825491573,76.69999694824219,,,85.41891891891892,,,"Michael Kirkman",9877,457779
"Travis Wood","CHC",156,89.40509761388286,,86.97629515209125,,,88.82188841201717,79.66762907608695,74.04000150240384,,,79.57444299768518,,,"Travis Wood",9884,475243
"Chris Rusin","CHC",29.2,88.105,,84.39364769345238,,,87.97852217911074,85.4749984741211,79.01730581430289,,,79.41719055175781,,,"Chris Rusin",9895,543734
"Chris Volstad","CHC",111.1,91.31581363514957,,,,,91.07523082386363,83.47427591463415,78.94603329613095,,,84.78729281767956,,,"Chris Volstad",9901,458690
"Pedro Villarreal","CIN",1,92,,,,,92.86666870117188,84.67500305175781,,,,86,,,"Pedro Villarreal",9904,543881
"Justin Thomas","- - -",7.2,90.35357230050224,,,,,90.34285627092633,81.25000190734863,,,,83.98461288060898,,,"Justin Thomas",9910,476206
"Matt Maloney","MIN",11,87.93499755859375,,,,,87.44677734375,82.18158280222039,,,,80.50740559895833,,,"Matt Maloney",9920,476011
"Bobby Parnell","NYM",68.2,95.63357284063261,,,,,,,,82.70719178082192,,,,,"Bobby Parnell",9926,458730
"Brandon Kintzler","MIL",16.2,93.21176326976104,,,,,92.58597322789635,84.01428803943452,,,,86.17241379310344,,,"Brandon Kintzler",9939,445213
"Todd Redmond","CIN",3.1,89.3076923076923,,,,,89.5,,79.28947368421052,,,81.32856968470982,,,"Todd Redmond",9943,445170
"Mike Dunn","MIA",44,94.39015002620545,,,,,93.95744680851064,86.62000159438776,77.2539336815309,,,87.41666666666667,,,"Mike Dunn",9948,445197
"Tom Wilhelmsen","SEA",79.1,96.24874215288035,,,,,95.94705499387256,,78.05538922155688,,,88.85833333333333,,,"Tom Wilhelmsen",9975,452666
"Mike Minor","ATL",179.1,90.22825220230862,,,,,90.7433349609375,82.74433040232793,79.59696821732955,78.25143229166666,,83.60426540284361,,,"Mike Minor",10021,501985
"Alex White","COL",98,91.14673952948779,,,83.9677054087321,,90.06139056247058,83.09522650419777,,,,,,,"Alex White",10054,502229
"Brooks Raley","CHC",24.1,88.17073170731707,,,,,88.22208708780674,85.19752388946281,75.86470779718137,,,82.73332957732372,,,"Brooks Raley",10061,548384
"Hisanori Takahashi","- - -",50.1,88.76704927023638,,,,,88.23465177328279,78.85279609253688,66.67407565646701,,,80.5878787878788,,,"Hisanori Takahashi",10091,538227
"Dane De La Rosa","TBR",5,92.06458536783855,,92.09599609375,84.69999694824219,,,80.30000232514881,,,,83.69999694824219,,,"Dane De La Rosa",10095,451773
"Mike Leake","CIN",179,89.80592105263158,,88.28527547127469,,,89.58556385869565,80.74479166666667,79.18571544828869,77.45597992673444,,83.8703125,,,"Mike Leake",10130,502190
"Stephen Strasburg","WSN",159.1,95.78461170427074,,,,,95.16621797578829,93.80000305175781,80.51703537018255,,,88.7250615304296,,,"Stephen Strasburg",10131,544931
"Brad Boxberger","SDP",27.2,91.59033203125,,91.23636363636363,,,89.69999694824219,82.27391516644022,,,,79.58967391304348,,,"Brad Boxberger",10133,502202
"Aaron Crow","KCR",64.2,94.40055159684066,,,,,94.42836676217765,85.0882678789731,77.9000015258789,77.43636252663352,,86.80000305175781,,,"Aaron Crow",10149,543070
"Jacob Turner","- - -",55,91.17061981373588,,84.93809789540816,,,91.12053109478477,,78.22670504173136,,,85.48219445633562,,,"Jacob Turner",10185,545363
"Tyler Skaggs","ARI",29.1,89.42564531822345,,,,,89.12871924867021,,72.9022243923611,,,78.37231069711538,,,"Tyler Skaggs",10190,572140
"Shelby Miller","STL",13.2,92.7427536231884,,,,,,,79.82894736842105,,,85.57999877929687,,,"Shelby Miller",10197,571946
"Ryota Igarashi","- - -",4,94.527998046875,,,87.4999972873264,,95.42308044433594,,78.96666717529297,,,,,,"Ryota Igarashi",10232,579799
"Aroldis Chapman","CIN",71.2,97.70987013757116,,,,,,87.75448545258621,,,,91.4000015258789,,,"Aroldis Chapman",10233,547973
"Bryan Morris","PIT",5,94.45,,89.486669921875,,,93.872001953125,,83.67500305175781,,,,,,"Bryan Morris",10234,457768
"Alexi Ogando","TEX",66,96.95750410372236,,,,,96.42903087985131,84.1942138671875,,,,87.9923095703125,,,"Alexi Ogando",10261,468396
"Tanner Scheppers","TEX",32.1,96.14960416666666,,,,,,,82.47834768113057,,,85.73158023231908,,,"Tanner Scheppers",10267,489294
"Erasmo Ramírez","SEA",59,92.2370864160803,,,,,92.92582685868818,84.04201372931985,77.54727228338068,,,81.22263055098684,,,"Erasmo Ramirez",10314,541640
"Chad Jenkins","TOR",32,90.79310344827586,,,,,90.851318359375,83.40899040993679,,,,83.37291971842448,,,"Chad Jenkins",10326,554432
"Aaron Loup","TOR",30.2,,,,,,92.02149020522388,78.6659102006392,,,,82.87273060191761,,,"Aaron Loup",10343,571901
"Shawn Tolleson","LAD",37.2,92.75,,,,,91.87575461647727,84.99877731199187,,,,83.47500610351562,,,"Shawn Tolleson",10481,474521
"Addison Reed","CHW",55,94.5375191424196,,93.7000020345052,,,94.73913043478261,84,,,,84.56900390625,,,"Addison Reed",10586,592665
"Chris Sale","CHW",192,93.6822265625,,,,,91.61354040577875,78.59215188328224,,,,82.48964389534883,,,"Chris Sale",10603,519242
"Stephen Pryor","SEA",23,96.28990228013029,,,,,96.55000305175781,90.46020009566327,82.11250305175781,,,90.82666829427083,,,"Stephen Pryor",10663,543668
"Tyler Thornburg","MIL",22,92.47489539748953,,,,,,,76.80000197285354,,,81.59729828705659,,,"Tyler Thornburg",10688,592804
"Drew Hutchison","TOR",58.2,91.46518987341773,,,,,90.70756466649159,83.8201535247093,87.80000305175781,,,84.11261756674757,,,"Drew Hutchison",10732,571800
"Trevor Rosenthal","STL",22.2,97.5071415284864,,,,,,88.92727383700284,80.73863636363636,,,86.92500305175781,,,"Trevor Rosenthal",10745,572096
"Josh Edgin","NYM",25.2,93.30689505507662,,,,,92.47666829427084,81.92095424107143,78.63999837239584,,,86.47333170572917,,,"Josh Edgin",10796,572831
"A.J. Griffin","OAK",82.1,89.72973847239649,,,,,90.94999694824219,83.50053267045455,68.45795599489796,,,80.02139037433155,,,"A.J. Griffin",11132,456167
"Josh Spence","SDP",10.1,,,,,,83.98055691189236,,77.59701492537313,,,77.96764418658088,,,"Josh Spence",11260,543805
"Jose Quintana","CHW",136.1,90.12929487350556,,86.9000015258789,,,90.44102556277544,87.12064925484036,79.40302419138479,,,85.91602102037292,,,"Jose Quintana",11423,500779
"Drew Pomeranz","COL",96.2,91.35603885135136,,,,,89.700861722103,,80.0999984741211,79.01522312242798,,83.96261682242991,,,"Drew Pomeranz",11426,519141
"Lendy Castillo","CHC",16,92.14516129032258,,,,,92.73845966045673,82.94423264723558,,,,85.61666870117188,,,"Lendy Castillo",11562,516684
"Yoshinori Tateyama","TEX",17,,,82.5,,,86.97999877929688,75.68437194824219,70.88624877929688,,63.20000076293945,80.2000020345052,69.05332845052084,,"Yoshinori Tateyama",11651,599899
"Matt Harvey","NYM",59.1,94.68993012582509,,,,,94.85000174386161,88.30518663194445,81.96483838427197,,,85.77626787605932,,,"Matt Harvey",11713,518774
"Justin Grimm","TEX",14,92.48214285714286,,,,,90.84166463216145,,78.57284131462191,,,82.1933349609375,,,"Justin Grimm",11720,518748
"Drew Smyly","DET",99.1,91.50599609375,,86.85087719298245,,,91.49459811373873,,79.7560009765625,79.77584043871455,,82.58500366210937,,,"Drew Smyly",11760,592767
"Andrew Werner","SDP",40.1,,,,,,87.82188568579028,79.94210654810855,72.51020408163265,,,81.08509239783653,,,"Andrew Werner",11783,599819
"Steve Delabar","- - -",66,94.56883781492247,,,,,94.62000325520833,86.21842233758224,,,,86.77450350015471,,,"Steve Delabar",11827,447755
"Cody Allen","CLE",29,94.75012476965603,,,,,,90.56667073567708,,83.8531265258789,,,,,"Cody Allen",12183,592102
"Nick Maronde","LAA",6,92.45644846270162,,,,,92.20833333333333,84.68181818181819,,,,85.19999694824219,,,"Nick Maronde",12530,543488
"Tony Cingrani","CIN",5,91.89555121527778,,,,,90.5,80.76666768391927,81.69999694824219,,,85.75999755859375,,,"Tony Cingrani",12555,571561
"Trevor Bauer","ARI",16.1,92.21420233912721,,,,,,,,78.35675543707771,,83.07250366210937,,,"Trevor Bauer",12703,545333
"Carter Capps","SEA",25,98.27654925847457,,,,,98.26841976768092,,,83.24321228780865,,88.97222222222223,,,"Carter Capps",12803,605169
"Dylan Bundy","BAL",1.2,93.65262643914474,,,,,,83.8499984741211,74.5,,,86.1,,,"Dylan Bundy",12917,605164
"Hisashi Iwakuma","SEA",125.1,90.29578552246093,,,85.98885934464055,,89.51171875,82.2716962706368,72.86854996219758,,,,,,"Hisashi Iwakuma",13048,547874
"Wei-Yin Chen","BAL",192.2,90.93999825905293,,,,,90.6019904755976,80.26865671641791,71.2359767691799,,,83.9639686778291,,,"Wei-Yin Chen",13071,612672
"Yu Darvish","TEX",191.1,92.69133285490605,,89.65455892218247,87.06309291294643,,92.63501742160278,81.33440514469453,69.6948919365876,,,,,,"Yu Darvish",13074,506433
"Paco Rodríguez","LAD",6.2,90.38636363636364,,,,,89.56818181818181,87.30857282366071,81.17222086588542,,,82.44999694824219,,,"Paco Rodriguez",13398,572089