Name,Team,IP,O-Swing%,Z-Swing%,Swing%,O-Contact%,Z-Contact%,Contact%,Zone%,Pace,NameASCII,PlayerId,MLBAMID
"Rafael Dolis","TOR",24,0.2887931,0.57142857,0.41304348,0.44776119,0.85576923,0.69590643,0.43961353,32.03020134,"Rafael Dolis",4185,503569
"Aroldis Chapman","NYY",11.2,0.29347826,0.69158879,0.50753769,0.44444444,0.64864865,0.59405941,0.53768844,30.6056338,"Aroldis Chapman",10233,547973
"José Leclerc","TEX",2,0.2,0.58823529,0.34042553,0.66666667,0.6,0.625,0.36170213,29.56756757,"Jose Leclerc",14524,600917
"José Quijada","LAA",3.2,0.19047619,0.72340426,0.47191011,0.5,0.73529412,0.69047619,0.52808989,29.45454545,"Jose Quijada",19200,650671
"Daniel Hudson","WSN",20.2,0.24050633,0.75909091,0.54232804,0.47368421,0.79041916,0.73170732,0.58201058,29.24285714,"Daniel Hudson",7146,543339
"Alex Colomé","CHW",22.1,0.35514019,0.75657895,0.52185792,0.48684211,0.85217391,0.70680628,0.41530055,29.14015152,"Alex Colome",6661,517008
"Chris Martin","ATL",18,0.32283465,0.70198675,0.52877698,0.56097561,0.8490566,0.76870748,0.54316547,28.90909091,"Chris Martin",11847,455119
"Kyle Finnegan","WSN",24.2,0.21674877,0.66359447,0.44761905,0.47727273,0.81944444,0.7393617,0.51666667,28.88888889,"Kyle Finnegan",15009,640448
"Cam Bedrosian","LAA",14.2,0.21487603,0.65833333,0.43568465,0.61538462,0.88607595,0.81904762,0.49792531,28.8603352,"Cam Bedrosian",13360,592135
"Josh Staumont","KCR",25.2,0.26609442,0.61924686,0.44491525,0.43548387,0.74324324,0.65238095,0.50635593,28.83661972,"Josh Staumont",18335,622251
"Kenley Jansen","LAD",24.1,0.33333333,0.70434783,0.52466368,0.61111111,0.75925926,0.71367521,0.51569507,28.77643505,"Kenley Jansen",3096,445276
"Ken Giles","TOR",3.2,0.36585366,0.75,0.50769231,0.4,0.55555556,0.48484848,0.36923077,28.75555556,"Ken Giles",12910,571704
"Edinson Volquez","TEX",5.2,0.23076923,0.55357143,0.39814815,0.58333333,0.80645161,0.74418605,0.51851852,28.75308642,"Edinson Volquez",3990,450172
"Joe Kelly","LAD",10,0.28125,0.56,0.40350877,0.44444444,0.92857143,0.73913043,0.43859649,28.71653543,"Joe Kelly",9761,523260
"Pete Fairbanks","TBR",26.2,0.31558935,0.67105263,0.48065173,0.46987952,0.75163399,0.65254237,0.46435845,28.54395604,"Pete Fairbanks",17998,664126
"A.J. Minter","ATL",21.2,0.25870647,0.73469388,0.49370277,0.55769231,0.77777778,0.71938776,0.49370277,28.50488599,"A.J. Minter",18655,621345
"Brandon Brennan","SEA",7.1,0.30882353,0.63265306,0.44444444,0.42857143,0.83870968,0.67307692,0.41880342,28.30588235,"Brandon Brennan",13527,592165
"Nick Anderson","TBR",16.1,0.45614035,0.72357724,0.59493671,0.51923077,0.71910112,0.64539007,0.51898734,28.25,"Nick Anderson",18337,623433
"Tommy Kahnle","NYY",1,0.14285714,0.61538462,0.45,0,0.375,0.33333333,0.65,28.2,"Tommy Kahnle",11384,592454
"Ryan Sherriff","TBR",9.2,0.31034483,0.61764706,0.47619048,0.83333333,0.92857143,0.9,0.53968254,28.07608696,"Ryan Sherriff",12249,595411
"José Alvarado","TBR",9,0.23853211,0.65882353,0.42268041,0.65384615,0.80357143,0.75609756,0.43814433,28.06802721,"Jose Alvarado",17780,621237
"Miguel Del Pozo","PIT",3.2,0.25373134,0.56818182,0.37837838,0.52941176,0.88,0.73809524,0.3963964,27.98809524,"Miguel Del Pozo",18792,600887
"Juan Nicasio","TEX",1.1,0.125,0.63636364,0.36956522,0.66666667,0.85714286,0.82352941,0.47826087,27.97142857,"Juan Nicasio",7731,504379
"Dany Jiménez","SFG",1.1,0.0952381,0.5625,0.2972973,0,0.88888889,0.72727273,0.43243243,27.89285714,"Dany Jimenez",21170,666204
"Brad Hand","CLE",22,0.2345679,0.595,0.43370166,0.55263158,0.82352941,0.75796178,0.55248619,27.88970588,"Brad Hand",9111,543272
"Blake Parker","PHI",16,0.26857143,0.63571429,0.43174603,0.55319149,0.80898876,0.72058824,0.44444444,27.88333333,"Blake Parker",5224,453284
"Chaz Roe","TBR",9.1,0.28947368,0.55421687,0.42767296,0.68181818,0.84782609,0.79411765,0.52201258,27.84210526,"Chaz Roe",9866,475054
"Matt Andriese","LAA",32,0.27935223,0.65612648,0.47,0.50724638,0.89156627,0.7787234,0.506,27.78021978,"Matt Andriese",12022,542882
"Yu Darvish","CHC",76,0.30177515,0.64551084,0.49436253,0.4379085,0.80815348,0.70877193,0.56027754,27.74185766,"Yu Darvish",13074,506433
"Bryan Garcia","DET",21.2,0.25,0.75625,0.4939759,0.6744186,0.88429752,0.82926829,0.48192771,27.70338983,"Bryan Garcia",19457,650530
"Rex Brothers","CHC",3.1,0.2962963,0.81818182,0.44736842,0.375,0.66666667,0.52941176,0.28947368,27.68965517,"Rex Brothers",9794,571521
"Giovanny Gallegos","STL",15,0.44036697,0.71666667,0.58515284,0.3125,0.84883721,0.65671642,0.52401747,27.68823529,"Giovanny Gallegos",14986,606149
"Tyler Clippard","MIN",26,0.26415094,0.66176471,0.45913462,0.64285714,0.77037037,0.73298429,0.49038462,27.66559486,"Tyler Clippard",5640,461325
"Alex Vesia","MIA",4.1,0.1875,0.69565217,0.45112782,0.83333333,0.72916667,0.75,0.51879699,27.59433962,"Alex Vesia",25007,681911
"Deolis Guerra","PHI",7.1,0.33802817,0.69491525,0.5,0.5,0.80487805,0.69230769,0.45384615,27.52747253,"Deolis Guerra",8410,500610
"Ian Hamilton","CHW",4,0.13953488,0.675,0.39759036,0.16666667,0.77777778,0.66666667,0.48192771,27.49206349,"Ian Hamilton",19261,641656
"Matt Barnes","BOS",23,0.31048387,0.57487923,0.43076923,0.57142857,0.84033613,0.73469388,0.45494505,27.49132948,"Matt Barnes",12863,598264
"Darren O'Day","ATL",16.1,0.33571429,0.59504132,0.4559387,0.59574468,0.75,0.68907563,0.46360153,27.453125,"Darren O'Day",3321,503285
"Ian Kennedy","KCR",14,0.31147541,0.69784173,0.51724138,0.76315789,0.82474227,0.80740741,0.53256705,27.42021277,"Ian Kennedy",6986,453178
"Clay Holmes","PIT",1.1,0.28571429,0.625,0.40909091,0,1,0.55555556,0.36363636,27.3125,"Clay Holmes",13649,605280
"Emilio Pagán","SDP",22,0.25,0.70053476,0.47956403,0.55555556,0.82442748,0.75568182,0.50953678,27.31021898,"Emilio Pagan",14771,641941
"Jacob Barnes","LAA",18,0.29714286,0.70149254,0.47249191,0.48076923,0.78723404,0.67808219,0.43365696,27.30396476,"Jacob Barnes",12323,606930
"Kirby Yates","SDP",4.1,0.22,0.68627451,0.45544554,0.18181818,0.71428571,0.58695652,0.5049505,27.27777778,"Kirby Yates",9073,489446
"Joey Lucchesi","SDP",5.2,0.3220339,0.59375,0.46341463,0.52631579,0.78947368,0.70175439,0.5203252,27.25842697,"Joey Lucchesi",19320,664192
"Angel Perdomo","MIL",2.2,0.26923077,0.57575758,0.38823529,0.42857143,0.84210526,0.66666667,0.38823529,27.25373134,"Angel Perdomo",17759,622780
"Domingo Tapia","BOS",4.1,0.24390244,0.69230769,0.4625,0.7,0.74074074,0.72972973,0.4875,27.18032787,"Domingo Tapia",12178,593619
"Robinson Leyer","BOS",4.2,0.2371134,0.64615385,0.40123457,0.34782609,0.78571429,0.63076923,0.40123457,27.17741935,"Robinson Leyer",14399,622490
"Tyler Kinley","COL",23.2,0.2970297,0.65895954,0.464,0.4,0.78070175,0.64942529,0.46133333,27.11111111,"Tyler Kinley",18297,641755
"Ryan Brasier","BOS",25,0.31443299,0.7173913,0.53301887,0.42622951,0.8,0.69911504,0.54245283,27.10032362,"Ryan Brasier",5615,518489
"Wilmer Font","TOR",16.1,0.2826087,0.70108696,0.49184783,0.76923077,0.8372093,0.81767956,0.5,27.07246377,"Wilmer Font",5257,521655
"Shohei Ohtani","LAA",1.2,0.19565217,0.47058824,0.3125,0.77777778,0.875,0.84,0.425,27.06451613,"Shohei Ohtani",19755,660271
"Sean Reid-Foley","TOR",6.2,0.32926829,0.64705882,0.45112782,0.55555556,0.84848485,0.71666667,0.38345865,26.98058252,"Sean Reid-Foley",17034,656887
"Shun Yamaguchi","TOR",25.2,0.27443609,0.72765957,0.48702595,0.53424658,0.8128655,0.7295082,0.46906188,26.92572944,"Shun Yamaguchi",27460,685493
"Hunter Strickland","NYM",3.1,0.27586207,0.75,0.52459016,0.875,0.79166667,0.8125,0.52459016,26.88888889,"Hunter Strickland",7836,519326
"Jesus Cruz","STL",1,0.21052632,0.75,0.48717949,0.25,0.8,0.68421053,0.51282051,26.86666667,"Jesus Cruz",20042,672911
"Junior Fernández","STL",3,0.20588235,0.66666667,0.40983607,0.42857143,0.94444444,0.8,0.44262295,26.8372093,"Junior Fernandez",18496,658551
"Luis Garcia","HOU",12.1,0.22429907,0.66666667,0.43349754,0.33333333,0.90625,0.75,0.4729064,26.7987013,"Luis Garcia",23735,677651
"Taylor Williams","- - -",14.2,0.24324324,0.64516129,0.42647059,0.5,0.8,0.70689655,0.45588235,26.74257426,"Taylor Williams",14899,592865
"Seth Elledge","STL",11.2,0.21875,0.55769231,0.37068966,0.39285714,0.9137931,0.74418605,0.44827586,26.74137931,"Seth Elledge",19766,676220
"Mark Melancon","ATL",22.2,0.26086957,0.65432099,0.45820433,0.54761905,0.91509434,0.81081081,0.50154799,26.74090909,"Mark Melancon",4264,453343
"Nik Turley","PIT",21.2,0.25388601,0.61111111,0.42627346,0.55102041,0.87272727,0.77358491,0.48257373,26.72363636,"Nik Turley",5530,543867
"Jeremy Jeffress","CHC",23.1,0.21142857,0.56969697,0.38529412,0.40540541,0.91489362,0.77099237,0.48529412,26.71836735,"Jeremy Jeffress",9490,502026
"Trevor May","MIN",23.1,0.2706422,0.69791667,0.47073171,0.33898305,0.7238806,0.60621762,0.46829268,26.69480519,"Trevor May",6398,543507
"Kelvin Herrera","CHW",2.1,0.27272727,0.66666667,0.43243243,0.33333333,0.8,0.625,0.40540541,26.69230769,"Kelvin Herrera",6033,516969
"Jeurys Familia","NYM",26.2,0.24894515,0.59174312,0.41318681,0.55932203,0.81395349,0.73404255,0.47912088,26.6728972,"Jeurys Familia",5114,544727
"James Hoyt","MIA",14.2,0.37323944,0.61165049,0.47346939,0.52830189,0.79365079,0.67241379,0.42040816,26.63583815,"James Hoyt",14605,624586
"Nick Goody","TEX",11,0.21186441,0.65625,0.44308943,0.68,0.78571429,0.76146789,0.5203252,26.61702128,"Nick Goody",13685,580792
"Ryan Pressly","HOU",21,0.3655914,0.65868263,0.50424929,0.41176471,0.80909091,0.65730337,0.47308782,26.56976744,"Ryan Pressly",7005,519151
"Matt Foster","CHW",28.2,0.25480769,0.69298246,0.48394495,0.60377358,0.76582278,0.72511848,0.52293578,26.56307692,"Matt Foster",19647,641582
"Demarcus Evans","TEX",4,0.41935484,0.60869565,0.5,0.61538462,0.78571429,0.7037037,0.42592593,26.55,"Demarcus Evans",21087,663770
"Marcus Walden","BOS",13.1,0.23076923,0.7751938,0.47719298,0.55555556,0.93,0.83088235,0.45263158,26.54326923,"Marcus Walden",8004,519393
"Tyler Bashlor","PIT",8.1,0.12903226,0.70422535,0.43609023,0.625,0.82,0.79310345,0.53383459,26.53763441,"Tyler Bashlor",15203,641341
"Mike Morin","MIA",4,0.22222222,0.68181818,0.475,1,0.86666667,0.89473684,0.55,26.5,"Mike Morin",13442,573046
"Dovydas Neverauskas","PIT",19,0.25490196,0.64285714,0.42178771,0.42307692,0.83838384,0.69536424,0.4301676,26.47908745,"Dovydas Neverauskas",11604,596720
"Taylor Rogers","MIN",20,0.33333333,0.62376238,0.4972067,0.48076923,0.9047619,0.78089888,0.56424581,26.46415094,"Taylor Rogers",13449,573124
"Scott Barlow","KCR",30,0.34532374,0.61572052,0.46745562,0.39583333,0.80141844,0.6371308,0.45167653,26.41798942,"Scott Barlow",14993,605130
"Sergio Romo","MIN",20,0.32075472,0.61184211,0.44230769,0.55882353,0.82795699,0.71428571,0.41758242,26.41391941,"Sergio Romo",9817,489265
"Phil Bickford","MIL",1,0.26666667,0.88888889,0.60606061,0.75,0.75,0.75,0.54545455,26.39130435,"Phil Bickford",18519,641360
"Victor González","LAD",20.1,0.39072848,0.60431655,0.49310345,0.42372881,0.86904762,0.68531469,0.47931034,26.38277512,"Victor Gonzalez",16408,624647
"Adam Ottavino","NYY",18.1,0.2027972,0.54591837,0.40117994,0.48275862,0.85046729,0.77205882,0.57817109,26.34453782,"Adam Ottavino",1247,493603
"Heath Hembree","- - -",19,0.30054645,0.70555556,0.50137741,0.63636364,0.79527559,0.74725275,0.49586777,26.34082397,"Heath Hembree",11632,592390
"Randy Rosario","KCR",3.1,0.2,0.6,0.38823529,0.66666667,0.875,0.81818182,0.47058824,26.33333333,"Randy Rosario",14508,600968
"Luis Avilán","NYY",8.1,0.31578947,0.53731343,0.40740741,0.46666667,0.86111111,0.68181818,0.41358025,26.325,"Luis Avilan",2882,501593
"Joely Rodríguez","TEX",12.2,0.31623932,0.50434783,0.40948276,0.59459459,0.82758621,0.73684211,0.49568966,26.31213873,"Joely Rodriguez",11487,570257
"Ryan Helsley","STL",12,0.26732673,0.68817204,0.46907216,0.25925926,0.875,0.69230769,0.47938144,26.29787234,"Ryan Helsley",18138,664854
"Ryne Stanek","MIA",10,0.24528302,0.75903614,0.47089947,0.38461538,0.79365079,0.6741573,0.43915344,26.28368794,"Ryne Stanek",15947,592773
"Justin Wilson","NYM",19.2,0.30357143,0.67231638,0.49275362,0.7254902,0.78991597,0.77058824,0.51304348,26.27906977,"Justin Wilson",4301,458677
"Greg Holland","KCR",28.1,0.30379747,0.60952381,0.44742729,0.38888889,0.8828125,0.705,0.46979866,26.27878788,"Greg Holland",7196,518813
"A.J. Cole","TOR",23.1,0.28571429,0.70555556,0.47948718,0.61666667,0.80314961,0.74331551,0.46153846,26.27368421,"A.J. Cole",11467,595918
"Wade Davis","COL",4.1,0.26984127,0.60714286,0.42857143,0.76470588,0.91176471,0.8627451,0.47058824,26.25806452,"Wade Davis",7441,451584
"Ross Detwiler","CHW",19.2,0.26415094,0.73684211,0.49517685,0.52380952,0.8125,0.73376623,0.48874598,26.24017467,"Ross Detwiler",2859,446321
"Rico Garcia","SFG",10,0.19101124,0.77272727,0.48022599,0.52941176,0.85294118,0.78823529,0.49717514,26.23846154,"Rico Garcia",20023,670329
"Noé Ramirez","LAA",21,0.2752809,0.63924051,0.44642857,0.69387755,0.78217822,0.75333333,0.4702381,26.14516129,"Noe Ramirez",12800,598287
"Andrew Kittredge","TBR",8,0.29787234,0.67647059,0.52173913,0.64285714,0.93478261,0.86666667,0.59130435,26.13253012,"Andrew Kittredge",12828,552640
"Cory Gearrin","MIN",2,0.17647059,0.76923077,0.43333333,0.66666667,0.7,0.69230769,0.43333333,26.13043478,"Cory Gearrin",7947,518715
"Joakim Soria","OAK",22.1,0.25824176,0.67692308,0.47480106,0.70212766,0.81818182,0.7877095,0.51724138,26.10714286,"Joakim Soria",6941,465657
"Shane Greene","ATL",27.2,0.21717172,0.585,0.40201005,0.53488372,0.92307692,0.81875,0.50251256,26.10469314,"Shane Greene",10756,572888
"Mauricio Llovera","PHI",1,0.05882353,0.75,0.46341463,1,1,1,0.58536585,26.1,"Mauricio Llovera",20080,661440
"Craig Stammen","SDP",24,0.28648649,0.609375,0.45092838,0.54716981,0.88888889,0.78235294,0.50928382,26.04528302,"Craig Stammen",7274,489334
"Ryan Yarbrough","TBR",55.2,0.36724566,0.6627907,0.51980792,0.60810811,0.81754386,0.74595843,0.51620648,26.0321489,"Ryan Yarbrough",16502,642232
"Jake McGee","LAD",20.1,0.25862069,0.76388889,0.5873494,0.63333333,0.6969697,0.68717949,0.65060241,26.024,"Jake McGee",7550,459429
"Hansel Robles","LAA",16.2,0.25641026,0.68322981,0.47318612,0.575,0.77272727,0.72,0.50788644,26.0212766,"Hansel Robles",11801,570663
"Adam Morgan","PHI",13,0.29565217,0.65384615,0.46575342,0.5,0.76470588,0.67647059,0.47488584,26.01886792,"Adam Morgan",12580,605388
"Brandon Bailey","HOU",7.1,0.22916667,0.73469388,0.48453608,0.36363636,0.91666667,0.78723404,0.50515464,26.01515152,"Brandon Bailey",19582,669064
"Rafael Montero","TEX",17.2,0.23484848,0.6433121,0.4567474,0.77419355,0.8019802,0.79545455,0.5432526,26.00469484,"Rafael Montero",12760,606160
"Keone Kela","PIT",2,0.31034483,0.68,0.48148148,0.44444444,0.88235294,0.73076923,0.46296296,26,"Keone Kela",14696,605309
"Zack Britton","NYY",19,0.32352941,0.61344538,0.44290657,0.56363636,0.90410959,0.7578125,0.41176471,25.9952381,"Zack Britton",3240,502154
"Jonathan Hernández","TEX",31,0.27413127,0.61666667,0.43887776,0.42253521,0.80405405,0.6803653,0.48096192,25.97820163,"Jonathan Hernandez",17464,642546
"Evan Marshall","CHW",22.2,0.39719626,0.63529412,0.50260417,0.52941176,0.82407407,0.69430052,0.44270833,25.97560976,"Evan Marshall",12297,605359
"Walker Lockett","- - -",16.1,0.31958763,0.63909774,0.50434783,0.70967742,0.82352941,0.79310345,0.57826087,25.96774194,"Walker Lockett",13804,621141
"Edgar García","TBR",3.1,0.2,0.6875,0.41666667,0.875,0.81818182,0.83333333,0.44444444,25.96296296,"Edgar Garcia",19276,658305
"James Karinchak","CLE",27,0.31226766,0.52763819,0.40384615,0.44047619,0.6952381,0.58201058,0.42521368,25.94571429,"James Karinchak",20151,675916
"Aaron Nola","PHI",71.1,0.38064516,0.57575758,0.47038328,0.54661017,0.83881579,0.71111111,0.45993031,25.94131455,"Aaron Nola",16149,605400
"Craig Kimbrel","CHC",15.1,0.2375,0.53571429,0.37666667,0.52631579,0.72,0.65486726,0.46666667,25.94117647,"Craig Kimbrel",6655,518886
"Scott Alexander","LAD",12.1,0.24038462,0.71428571,0.47029703,0.56,0.85714286,0.77894737,0.48514851,25.92567568,"Scott Alexander",10591,518397
"Pedro Báez","LAD",17,0.32758621,0.67424242,0.47712418,0.57894737,0.84269663,0.73972603,0.43137255,25.89699571,"Pedro Baez",5420,520980
"Vince Velasquez","PHI",34,0.26182965,0.69369369,0.48307692,0.56626506,0.83549784,0.76433121,0.51230769,25.87295082,"Vince Velasquez",11189,592826
"Daniel Bard","COL",24.2,0.24404762,0.65254237,0.48267327,0.46341463,0.7987013,0.72820513,0.58415842,25.86476868,"Daniel Bard",7115,453268
"Nick Tropeano","PIT",15.2,0.234375,0.68421053,0.44628099,0.3,0.80769231,0.66666667,0.47107438,25.84883721,"Nick Tropeano",12385,607374
"Dominic Leone","CLE",9.2,0.35344828,0.72,0.4973822,0.36585366,0.87037037,0.65263158,0.39267016,25.82517483,"Dominic Leone",13763,608678
"Ryan Buchter","LAA",6,0.15384615,0.69354839,0.44736842,0.625,0.79069767,0.76470588,0.54385965,25.79518072,"Ryan Buchter",9456,488748
"Will Harris","WSN",17.2,0.33519553,0.66470588,0.49570201,0.5,0.84955752,0.7283237,0.48710602,25.79007634,"Will Harris",3192,501789
"Sam Howard","PIT",21,0.28971963,0.70068027,0.45706371,0.4516129,0.7961165,0.66666667,0.40720222,25.77819549,"Sam Howard",16265,607572
"Tyler Zuber","KCR",22,0.20524017,0.61290323,0.38795181,0.65957447,0.81578947,0.77018634,0.44819277,25.75483871,"Tyler Zuber",20379,676604
"Silvino Bracho","ARI",1,0.30769231,0.625,0.42857143,0.75,1,0.88888889,0.38095238,25.75,"Silvino Bracho",15051,611093
"Josh Taylor","BOS",7.1,0.23684211,0.7,0.45890411,0.66666667,0.75510204,0.73134328,0.47945205,25.75,"Josh Taylor",17359,657031
"Liam Hendriks","OAK",25.1,0.36666667,0.74210526,0.55945946,0.45454545,0.75177305,0.65700483,0.51351351,25.72794118,"Liam Hendriks",3548,521230
"James Pazos","COL",5.1,0.1875,0.70149254,0.45038168,0.83333333,0.91489362,0.89830508,0.51145038,25.71287129,"James Pazos",13323,572021
"Conner Menez","SFG",11.1,0.26136364,0.69135802,0.46745562,0.43478261,0.94642857,0.79746835,0.47928994,25.70731707,"Conner Menez",19199,669214
"Julio Teheran","LAA",31.1,0.27609428,0.62545455,0.44405594,0.74390244,0.9127907,0.85826772,0.48076923,25.69928401,"Julio Teheran",6797,527054
"Humberto Castellanos","HOU",10.2,0.17977528,0.6779661,0.46376812,0.625,0.8375,0.80208333,0.57004831,25.68831169,"Humberto Castellanos",21183,528748
"Junior Guerra","ARI",23.2,0.25592417,0.72020725,0.47772277,0.55555556,0.82014388,0.74611399,0.47772277,25.64983165,"Junior Guerra",5702,448855
"Kyle Gibson","TEX",67.1,0.26129032,0.59537572,0.41352063,0.51851852,0.91262136,0.77707006,0.45566286,25.64575646,"Kyle Gibson",10123,502043
"Joe Musgrove","PIT",39.2,0.32069971,0.61212121,0.46359584,0.42727273,0.83663366,0.69230769,0.49034175,25.61122244,"Joe Musgrove",12970,605397
"Jason Adam","CHC",13.2,0.30136986,0.62280702,0.44230769,0.34090909,0.77464789,0.60869565,0.43846154,25.59693878,"Jason Adam",11861,592094
"Luis García","TEX",8.1,0.2244898,0.58139535,0.39130435,0.45454545,0.88,0.75,0.4673913,25.58695652,"Luis Garcia",6984,472610
"Chris Stratton","PIT",30,0.2885906,0.66135458,0.45901639,0.43023256,0.79518072,0.67063492,0.4571949,25.58088235,"Chris Stratton",13761,608717
"AJ Ramos","COL",2.2,0.25,0.73333333,0.46969697,0.77777778,0.86363636,0.83870968,0.45454545,25.58,"AJ Ramos",8350,573109
"Cody Stashak","MIN",15,0.32758621,0.71171171,0.5154185,0.63157895,0.74683544,0.70940171,0.48898678,25.56024096,"Cody Stashak",18088,664054
"Ryne Harper","WSN",23.2,0.33830846,0.58293839,0.46359223,0.64705882,0.90243902,0.81151832,0.51213592,25.52188552,"Ryne Harper",12680,607560
"Stephen Strasburg","WSN",5,0.28888889,0.65789474,0.45783133,0.61538462,0.84,0.76315789,0.45783133,25.51666667,"Stephen Strasburg",10131,544931
"Jake Odorizzi","MIN",13.2,0.30872483,0.6870229,0.48571429,0.69565217,0.87777778,0.81617647,0.46785714,25.50691244,"Jake Odorizzi",6397,543606
"Ryan Tepera","CHC",20.2,0.30088496,0.68531469,0.4498645,0.27941176,0.76530612,0.56626506,0.38753388,25.50181818,"Ryan Tepera",10291,572193
"Ian Gibaut","TEX",12.1,0.175,0.67768595,0.42738589,0.57142857,0.81707317,0.76699029,0.50207469,25.49723757,"Ian Gibaut",17871,664139
"Jarlín García","SFG",18.1,0.16666667,0.56287425,0.39721254,0.8,0.85106383,0.84210526,0.58188153,25.47087379,"Jarlin Garcia",18282,606424
"Sam Coonrod","SFG",14.2,0.21126761,0.62580645,0.42760943,0.53333333,0.81443299,0.7480315,0.52188552,25.45833333,"Sam Coonrod",17264,656322
"Taylor Clarke","ARI",43.1,0.24109589,0.64201183,0.43385491,0.57954545,0.88940092,0.8,0.48079659,25.45348837,"Taylor Clarke",17611,664199
"Albert Abreu","NYY",1.1,0.24,0.66666667,0.41860465,0.5,0.91666667,0.77777778,0.41860465,25.4375,"Albert Abreu",17485,656061
"Blake Snell","TBR",50,0.32924335,0.65535248,0.47247706,0.45341615,0.8247012,0.67961165,0.43922018,25.42791411,"Blake Snell",13543,605483
"Corbin Burnes","MIL",59.2,0.29369369,0.64096916,0.44995045,0.46625767,0.79725086,0.6784141,0.44995045,25.4233871,"Corbin Burnes",19361,669203
"Brett Eibner","MIA",3.1,0.1875,0.72222222,0.47058824,0.5,0.88461538,0.8125,0.52941176,25.39583333,"Brett Eibner",11369,518649
"Jonathan Loáisiga","NYY",23,0.28888889,0.62149533,0.46954315,0.57692308,0.86466165,0.78378378,0.54314721,25.36013986,"Jonathan Loaisiga",19753,642528
"Yusmeiro Petit","OAK",21.2,0.26896552,0.73529412,0.52063492,0.61538462,0.792,0.75,0.53968254,25.34529148,"Yusmeiro Petit",4020,433589
"Jonathan Holder","NYY",21.2,0.29047619,0.69518717,0.48110831,0.60655738,0.86923077,0.78534031,0.47103275,25.34482759,"Jonathan Holder",16588,656547
"Yimi García","MIA",15,0.26666667,0.66942149,0.46887967,0.59375,0.81481481,0.75221239,0.50207469,25.31638418,"Yimi Garcia",12095,554340
"Justin Topa","MIL",7.2,0.32,0.71014493,0.54621849,0.625,0.81632653,0.76923077,0.57983193,25.31460674,"Justin Topa",15145,623437
"Dylan Covey","BOS",14,0.31481481,0.69158879,0.50232558,0.64705882,0.91891892,0.83333333,0.49767442,25.31168831,"Dylan Covey",14825,592229
"James Bourque","WSN",4,0.25581395,0.56666667,0.38356164,0.72727273,0.88235294,0.82142857,0.4109589,25.30188679,"James Bourque",16668,630263
"Chance Adams","KCR",8.2,0.25,0.6375,0.42613636,0.66666667,0.96078431,0.86666667,0.45454545,25.2406015,"Chance Adams",18135,664856
"Keynan Middleton","LAA",12,0.28846154,0.69811321,0.4952381,0.56666667,0.83783784,0.75961538,0.5047619,25.22435897,"Keynan Middleton",15264,641871
"Josh A. Smith","MIA",26.1,0.32900433,0.69191919,0.4965035,0.59210526,0.89781022,0.78873239,0.46153846,25.1986755,"Josh A. Smith",10946,595001
"Hyun Jin Ryu","TOR",67,0.31588133,0.66368515,0.48763251,0.60773481,0.83557951,0.76086957,0.49381625,25.19070322,"Hyun Jin Ryu",14444,547943
"Josh Sborz","LAD",4.1,0.46666667,0.75862069,0.65909091,0.57142857,0.86363636,0.79310345,0.65909091,25.17857143,"Josh Sborz",18323,622250
"Javy Guerra","WSN",15.2,0.21014493,0.75510204,0.49122807,0.62068966,0.81981982,0.77857143,0.51578947,25.17757009,"Javy Guerra",7407,457915
"Austin Voth","WSN",49.2,0.23877069,0.68432203,0.47374302,0.68316832,0.84520124,0.80660377,0.5273743,25.15465465,"Austin Voth",15047,608723
"Danny Coulombe","MIN",2.2,0.04347826,0.66666667,0.38,0,0.94444444,0.89473684,0.54,25.13513514,"Danny Coulombe",13293,543056
"Dillon Maples","CHC",1,0.17857143,0.41666667,0.25,0,0.8,0.4,0.3,25.12903226,"Dillon Maples",14672,596027
"José Suarez","LAA",2.1,0.28070175,0.67741935,0.42045455,0.4375,0.85714286,0.67567568,0.35227273,25.12307692,"Jose Suarez",19911,660761
"Evan Phillips","BAL",14.1,0.16793893,0.59459459,0.39426523,0.59090909,0.79545455,0.75454545,0.53046595,25.12254902,"Evan Phillips",17734,623465
"Austin Brice","BOS",19.2,0.25773196,0.64848485,0.43732591,0.5,0.75700935,0.67515924,0.45961003,25.09090909,"Austin Brice",17237,592169
"Blake Treinen","LAD",25.2,0.31122449,0.7,0.50757576,0.57377049,0.87142857,0.78109453,0.50505051,25.08480565,"Blake Treinen",12572,595014
"Pierce Johnson","SDP",20,0.28205128,0.59090909,0.43548387,0.29545455,0.75824176,0.60740741,0.49677419,25.07826087,"Pierce Johnson",13435,572955
"Kevin Ginkel","ARI",16,0.25806452,0.67532468,0.44705882,0.375,0.82692308,0.68421053,0.45294118,25.04280156,"Kevin Ginkel",19876,656464
"Dakota Hudson","STL",39,0.2745098,0.67137809,0.46519525,0.54761905,0.90526316,0.79562044,0.48047538,25.03016241,"Dakota Hudson",19206,641712
"Zack Burdi","CHW",7.1,0.2967033,0.74025974,0.5,0.44444444,0.73684211,0.64285714,0.45833333,25.015625,"Zack Burdi",19159,641420
"Chasen Shreve","NYM",25,0.31932773,0.67934783,0.47630332,0.43421053,0.768,0.64179104,0.43601896,25.00955414,"Chasen Shreve",10855,592741
"Sal Romano","CIN",1.1,0,0.6,0.46153846,,1,1,0.76923077,25,"Sal Romano",13690,607219
"Josh Osich","- - -",18.1,0.26143791,0.70860927,0.48355263,0.475,0.8317757,0.73469388,0.49671053,24.96682464,"Josh Osich",11528,592612
"Oliver Drake","TBR",11,0.27848101,0.67391304,0.49122807,0.59090909,0.75806452,0.71428571,0.5380117,24.928,"Oliver Drake",8823,543118
"Tyler Matzek","ATL",29,0.31355932,0.69918699,0.51037344,0.51351351,0.8372093,0.7398374,0.51037344,24.92676056,"Tyler Matzek",10058,554431
"Jeff Hoffman","COL",21.1,0.25380711,0.66831683,0.46365915,0.64,0.85925926,0.8,0.50626566,24.92413793,"Jeff Hoffman",17432,656546
"Ryan Thompson","TBR",26.1,0.24137931,0.6,0.45107399,0.54761905,0.85714286,0.78835979,0.58472554,24.90819672,"Ryan Thompson",16647,657044
"Chris Devenski","HOU",3.2,0.32653061,0.57142857,0.43956044,0.5625,0.79166667,0.7,0.46153846,24.88405797,"Chris Devenski",12763,606965
"Blake Taylor","HOU",20.2,0.19277108,0.65142857,0.42815249,0.65625,0.85087719,0.80821918,0.51319648,24.85657371,"Blake Taylor",16418,642130
"Colten Brewer","BOS",25.2,0.30278884,0.6745098,0.49011858,0.57894737,0.88372093,0.79032258,0.50395257,24.83464567,"Colten Brewer",12997,605155
"J.B. Wendelken","OAK",25,0.25961538,0.62100457,0.44496487,0.48148148,0.85294118,0.74736842,0.51288056,24.83121019,"J.B. Wendelken",14506,605525
"Josh Lindblom","MIL",45.1,0.27251185,0.62771739,0.43797468,0.53043478,0.80952381,0.71676301,0.46582278,24.82939189,"Josh Lindblom",7882,458676
"Shaun Anderson","SFG",15.1,0.25641026,0.61788618,0.41577061,0.35,0.84210526,0.67241379,0.44086022,24.8277512,"Shaun Anderson",19453,641312
"Matt Wisler","MIN",25.1,0.27962085,0.60330579,0.45253863,0.47457627,0.78082192,0.69268293,0.53421634,24.81710914,"Matt Wisler",12804,605538
"Johan Quezada","MIA",3,0.33333333,0.67741935,0.51724138,0.77777778,0.85714286,0.83333333,0.53448276,24.80434783,"Johan Quezada",20643,629498
"Kyle Keller","LAA",2.1,0.14285714,0.55,0.34146341,0.66666667,1,0.92857143,0.48780488,24.77777778,"Kyle Keller",18890,664918
"Masahiro Tanaka","NYY",48,0.32658228,0.71657754,0.51625488,0.50387597,0.8358209,0.7279597,0.4863459,24.77758007,"Masahiro Tanaka",15764,547888
"Darwinzon Hernández","BOS",8.1,0.25581395,0.64444444,0.45454545,0.45454545,0.87931034,0.7625,0.51136364,24.76119403,"Darwinzon Hernandez",19848,650382
"Seth Romero","WSN",2.2,0.28571429,0.74193548,0.5,0.4,0.73913043,0.63636364,0.46969697,24.75,"Seth Romero",21333,656913
"Geoff Hartlieb","PIT",22.1,0.23423423,0.62566845,0.41320293,0.61538462,0.82905983,0.76331361,0.45721271,24.71854305,"Geoff Hartlieb",19558,664129
"Tanner Rainey","WSN",20.1,0.33974359,0.67832168,0.50167224,0.26415094,0.73195876,0.56666667,0.47826087,24.71748879,"Tanner Rainey",17610,663432
"Kyle McGowin","WSN",11,0.32352941,0.64948454,0.48241206,0.24242424,0.84126984,0.63541667,0.48743719,24.7114094,"Kyle McGowin",15071,641851
"Miguel Castro","- - -",24.2,0.28806584,0.64102564,0.46121593,0.47142857,0.82,0.70909091,0.49056604,24.6713881,"Miguel Castro",15684,612434
"Jeffrey Springs","BOS",20.1,0.28282828,0.68115942,0.48641975,0.44642857,0.73049645,0.64974619,0.51111111,24.65245902,"Jeffrey Springs",17677,605488
"Alex McRae","CHW",3,0.26666667,0.66666667,0.48484848,0.75,0.83333333,0.8125,0.54545455,24.65217391,"Alex McRae",16317,656725
"Diego Castillo","TBR",21.2,0.29012346,0.56329114,0.425,0.36170213,0.78651685,0.63970588,0.49375,24.65065502,"Diego Castillo",17496,650895
"Jake Woodford","STL",21,0.22857143,0.65945946,0.45,0.7,0.87704918,0.83333333,0.51388889,24.63868613,"Jake Woodford",18674,663765
"Phillips Valdez","BOS",30.1,0.20689655,0.59677419,0.39685658,0.5,0.83108108,0.74257426,0.48722986,24.63760218,"Phillips Valdez",15605,570488
"Trevor Williams","PIT",55.1,0.28597122,0.71800434,0.48180924,0.59119497,0.87311178,0.78163265,0.453294,24.63359788,"Trevor Williams",16977,592866
"J.P. Feyereisen","MIL",9.1,0.32954545,0.69354839,0.48,0.5862069,0.69767442,0.65277778,0.41333333,24.625,"J.P. Feyereisen",16610,656420
"Joe Harvey","COL",3.1,0.33333333,0.68965517,0.54,0.42857143,0.8,0.7037037,0.58,24.61111111,"Joe Harvey",16459,642840
"Matt Magill","SEA",10.1,0.1978022,0.60465116,0.39548023,0.22222222,0.92307692,0.74285714,0.48587571,24.61068702,"Matt Magill",3950,543483
"Taylor Guilbeau","SEA",7.2,0.1875,0.60606061,0.4,0.66666667,0.925,0.86538462,0.50769231,24.60215054,"Taylor Guilbeau",18306,607555
"David Phelps","- - -",20.2,0.25862069,0.61202186,0.43977591,0.51111111,0.83928571,0.74522293,0.51260504,24.6,"David Phelps",6316,475479
"Dakota Bacus","WSN",11.1,0.26829268,0.69607843,0.46222222,0.54545455,0.88732394,0.77884615,0.45333333,24.6,"Dakota Bacus",14545,621290
"Mike Fiers","OAK",59,0.21040189,0.64503043,0.44432314,0.78651685,0.8836478,0.86240786,0.53820961,24.57728707,"Mike Fiers",7754,571666
"Tony Watson","SFG",18,0.37086093,0.62015504,0.48571429,0.625,0.8125,0.73529412,0.46071429,24.53731343,"Tony Watson",3132,453265
"Wander Suero","WSN",23.2,0.33333333,0.75,0.53018373,0.59701493,0.75555556,0.7029703,0.47244094,24.53479853,"Wander Suero",15855,593833
"Jeff Brigham","MIA",1,0.25,0.57142857,0.45454545,1,1,1,0.63636364,24.52941176,"Jeff Brigham",16631,656257
"Josh D. Smith","MIA",1.2,0.16666667,0.47368421,0.30232558,0.5,1,0.84615385,0.44186047,24.51515152,"Josh D. Smith",13629,605479
"Brandon Woodruff","MIL",73.2,0.2606383,0.67387944,0.48142031,0.56462585,0.78669725,0.73070326,0.5342692,24.51214128,"Brandon Woodruff",16162,605540
"Kenta Maeda","MIN",66.2,0.39478585,0.67928731,0.52434077,0.45754717,0.81967213,0.67117988,0.45537525,24.50206897,"Kenta Maeda",18498,628317
"Yoan López","ARI",19.2,0.30985915,0.69230769,0.50175439,0.38636364,0.90909091,0.74825175,0.50175439,24.5,"Yoan Lopez",17181,661255
"Michael Feliz","PIT",1.2,0.18918919,0.47826087,0.3,0.71428571,0.72727273,0.72222222,0.38333333,24.4893617,"Michael Feliz",11903,593140
"Nivaldo Rodriguez","HOU",8.2,0.2,0.73563218,0.44919786,0.5,0.859375,0.77380952,0.46524064,24.47887324,"Nivaldo Rodriguez",22449,670550
"Sean Poppen","MIN",7.2,0.27710843,0.6,0.4248366,0.39130435,0.85714286,0.69230769,0.45751634,24.47457627,"Sean Poppen",19583,664092
"Michel Baez","SDP",4.2,0.27777778,0.68888889,0.46464646,0.46666667,0.90322581,0.76086957,0.45454545,24.47297297,"Michel Baez",20100,673258
"Nick Burdi","PIT",2.1,0.29166667,0.59090909,0.43478261,0.42857143,0.76923077,0.65,0.47826087,24.45714286,"Nick Burdi",16074,595897
"Codi Heuer","CHW",23.2,0.27173913,0.66492147,0.472,0.5,0.77165354,0.69491525,0.50933333,24.44444444,"Codi Heuer",23293,676051
"Kyle Ryan","CHC",15.2,0.20979021,0.72,0.44776119,0.56666667,0.94444444,0.85,0.46641791,24.44059406,"Kyle Ryan",11753,594986
"Lance Lynn","TEX",84,0.25766871,0.69933775,0.49466951,0.60714286,0.82575758,0.77298851,0.5366027,24.42120344,"Lance Lynn",2520,458681
"Robbie Ray","- - -",51.2,0.26359143,0.59737418,0.40695489,0.45625,0.82783883,0.69053118,0.42951128,24.42118537,"Robbie Ray",11486,592662
"Jordan Romano","TOR",14.2,0.33884298,0.6173913,0.47457627,0.34146341,0.73239437,0.58928571,0.48728814,24.41242938,"Jordan Romano",16122,605447
"Anthony Misiewicz","SEA",20,0.29545455,0.65789474,0.46341463,0.46153846,0.81,0.69078947,0.46341463,24.41101695,"Anthony Misiewicz",18152,664948
"Nick Wittgren","CLE",23.2,0.26086957,0.66321244,0.4668435,0.5625,0.8046875,0.73863636,0.51193634,24.39208633,"Nick Wittgren",15594,621295
"Will Smith","ATL",16,0.29323308,0.68067227,0.47619048,0.38461538,0.75308642,0.63333333,0.47222222,24.37894737,"Will Smith",8048,519293
"Michael Pineda","MIN",26.2,0.34061135,0.71238938,0.52527473,0.5,0.83850932,0.72803347,0.4967033,24.37536657,"Michael Pineda",5372,501381
"Brandon Kintzler","MIA",24.1,0.25,0.60655738,0.44023324,0.625,0.93693694,0.85430464,0.5335277,24.36099585,"Brandon Kintzler",9939,445213
"Trent Thornton","TOR",5.2,0.31818182,0.72307692,0.51908397,0.66666667,0.89361702,0.82352941,0.49618321,24.36082474,"Trent Thornton",17948,663423
"Rob Kaminsky","STL",4.2,0.2826087,0.56410256,0.41176471,0.76923077,0.90909091,0.85714286,0.45882353,24.34920635,"Rob Kaminsky",15792,641739
"Joe Biagini","HOU",4.1,0.1641791,0.68627451,0.38983051,0.54545455,0.82857143,0.76086957,0.43220339,24.33707865,"Joe Biagini",13194,607352
"Max Scherzer","WSN",67.1,0.28899836,0.71357616,0.5004122,0.53409091,0.77262181,0.70345964,0.49793899,24.33481153,"Max Scherzer",3137,453286
"Jared Hughes","NYM",22.1,0.33195021,0.61988304,0.45145631,0.5625,0.80188679,0.69892473,0.41504854,24.32890365,"Jared Hughes",9325,453172
"Brandon Workman","- - -",19.2,0.22580645,0.66853933,0.42531646,0.55102041,0.83193277,0.75,0.45063291,24.32302405,"Brandon Workman",11428,519443
"Jacob Waguespack","TOR",17.2,0.24285714,0.70053476,0.45843829,0.56862745,0.83969466,0.76373626,0.47103275,24.3,"Jacob Waguespack",18318,621097
"Ross Stripling","- - -",49.1,0.22311828,0.60045147,0.42822086,0.62650602,0.89473684,0.83094556,0.54355828,24.29202037,"Ross Stripling",13273,548389
"Zack Greinke","HOU",67,0.2766323,0.56694561,0.40754717,0.54658385,0.85608856,0.74074074,0.4509434,24.28608247,"Zack Greinke",1943,425844
"Buck Farmer","DET",21.1,0.32596685,0.66875,0.48680352,0.71186441,0.85981308,0.80722892,0.46920821,24.28174603,"Buck Farmer",14814,571656
"Kevin Gausman","SFG",59.2,0.29872881,0.70377734,0.50769231,0.44680851,0.80225989,0.7010101,0.51589744,24.26462396,"Kevin Gausman",14107,592332
"John Gant","STL",15,0.27433628,0.6031746,0.44769874,0.48387097,0.80263158,0.71028037,0.52719665,24.25581395,"John Gant",13684,607231
"Martín Pérez","BOS",62,0.22787194,0.64143426,0.42884802,0.70247934,0.83850932,0.8013544,0.48596321,24.25232404,"Martin Perez",6902,527048
"Chase Anderson","TOR",33.2,0.24624625,0.67398119,0.45552147,0.6097561,0.8,0.74747475,0.4892638,24.24180328,"Chase Anderson",6895,502624
"Madison Bumgarner","ARI",41.2,0.28189911,0.68632708,0.4943662,0.69473684,0.8984375,0.84330484,0.52535211,24.23166023,"Madison Bumgarner",5524,518516
"Jose Quintana","CHC",10,0.25688073,0.64864865,0.41530055,0.5,0.875,0.73684211,0.40437158,24.21276596,"Jose Quintana",11423,500779
"Casey Sadler","- - -",19.1,0.3015873,0.58490566,0.43103448,0.45614035,0.84946237,0.7,0.45689655,24.18146718,"Casey Sadler",11209,594987
"Thomas Hatch","TOR",26.1,0.25819672,0.73604061,0.47165533,0.57142857,0.76551724,0.70673077,0.44671202,24.17391304,"Thomas Hatch",19264,641672
"Jake Diekman","OAK",21.1,0.24223602,0.61139896,0.44350282,0.33333333,0.70338983,0.61146497,0.54519774,24.15241636,"Jake Diekman",5003,518617
"Mike Mayers","LAA",30,0.27737226,0.64705882,0.44921875,0.42105263,0.77272727,0.65652174,0.46484375,24.14360313,"Mike Mayers",15451,594577
"Drew Rasmussen","MIL",15.1,0.2611465,0.6,0.42384106,0.56097561,0.77011494,0.703125,0.48013245,24.13392857,"Drew Rasmussen",25385,656876
"Griffin Canning","LAA",56.1,0.27151052,0.66063348,0.44974093,0.53521127,0.83561644,0.73732719,0.45803109,24.11904762,"Griffin Canning",19867,656288
"Nate Jones","CIN",18.2,0.26966292,0.73224044,0.50415512,0.27083333,0.84328358,0.69230769,0.50692521,24.11764706,"Nate Jones",4696,518858
"Dylan Floro","LAD",24.1,0.32178218,0.63313609,0.46361186,0.63076923,0.85981308,0.77325581,0.45552561,24.09489051,"Dylan Floro",13394,571670
"Jose Alvarez","PHI",6.1,0.33802817,0.68965517,0.49612403,0.66666667,0.8,0.75,0.4496124,24.09183673,"Jose Alvarez",5358,501625
"Jacob Webb","ATL",10,0.27160494,0.68965517,0.48809524,0.54545455,0.75,0.69512195,0.51785714,24.08527132,"Jacob Webb",19274,657097
"Chris Bassitt","OAK",63,0.23459716,0.64885496,0.4640592,0.63636364,0.82647059,0.78359909,0.55391121,24.08295626,"Chris Bassitt",12304,605135
"Matt Grace","ARI",1,0.33333333,0.8,0.52777778,0.42857143,0.91666667,0.73684211,0.41666667,24.07692308,"Matt Grace",11449,594840
"Jake Newberry","KCR",22,0.30044843,0.58536585,0.42118863,0.43283582,0.78125,0.63803681,0.42377261,24.05517241,"Jake Newberry",15136,623470
"Jake Arrieta","PHI",44.1,0.22701149,0.58005249,0.41152263,0.55696203,0.91402715,0.82,0.52263374,24.05075188,"Jake Arrieta",4153,453562
"Cionel Pérez","HOU",6.1,0.29333333,0.60377358,0.421875,0.45454545,0.875,0.7037037,0.4140625,24.04166667,"Cionel Perez",19614,672335
"Caleb Ferguson","LAD",18.2,0.38888889,0.73033708,0.58881579,0.53061224,0.82307692,0.74301676,0.58552632,24.03982301,"Caleb Ferguson",19349,657571
"Jimmy Yacabonis","SEA",2.1,0.04166667,0.64285714,0.36538462,1,0.88888889,0.89473684,0.53846154,24.02702703,"Jimmy Yacabonis",15157,642231
"Nathan Eovaldi","BOS",48.1,0.30722892,0.71394231,0.53342246,0.50980392,0.84175084,0.75689223,0.55614973,24.02568807,"Nathan Eovaldi",9132,543135
"Kevin McCarthy","KCR",6,0.30909091,0.62222222,0.45,0.76470588,0.92857143,0.86666667,0.45,23.98591549,"Kevin McCarthy",15240,641838
"Reynaldo López","CHW",26.1,0.20987654,0.68774704,0.45362903,0.56862745,0.86781609,0.8,0.51008065,23.98097826,"Reynaldo Lopez",16400,625643
"Joe Palumbo","TEX",2.1,0.22222222,0.46875,0.3559322,0.5,0.66666667,0.61904762,0.54237288,23.97727273,"Joe Palumbo",17035,643478
"Mychal Givens","- - -",22.1,0.25257732,0.71040724,0.49638554,0.69387755,0.75796178,0.74271845,0.53253012,23.95833333,"Mychal Givens",10430,571710
"Sam Gaviglio","TOR",3,0.12195122,0.53846154,0.28358209,0.8,1,0.94736842,0.3880597,23.95833333,"Sam Gaviglio",12778,543208
"Chris Rusin","ATL",3.1,0.14285714,0.67741935,0.42372881,0.75,0.9047619,0.88,0.52542373,23.95238095,"Chris Rusin",9895,543734
"Dereck Rodríguez","SFG",4,0.13953488,0.73469388,0.45652174,0.66666667,0.97222222,0.92857143,0.5326087,23.93939394,"Dereck Rodriguez",14509,605446
"Caleb Baragar","SFG",22.1,0.23809524,0.68316832,0.49570201,0.68571429,0.84782609,0.8150289,0.57879656,23.9372549,"Caleb Baragar",19231,670056
"José Ruiz","CHW",4,0.28571429,0.65625,0.48333333,0.625,0.85714286,0.79310345,0.53333333,23.93478261,"Jose Ruiz",14552,614179
"Bryan Shaw","SEA",6,0.20481928,0.61643836,0.3974359,0.58823529,0.91111111,0.82258065,0.46794872,23.93043478,"Bryan Shaw",8110,543766
"Connor Brogdon","PHI",11.1,0.35416667,0.69318182,0.51630435,0.5,0.78688525,0.68421053,0.47826087,23.92086331,"Connor Brogdon",21205,641401
"Shawn Armstrong","BAL",15,0.325,0.70940171,0.51476793,0.58974359,0.85542169,0.7704918,0.49367089,23.91011236,"Shawn Armstrong",12857,542888
"Chad Green","NYY",25.2,0.3125,0.68669528,0.51764706,0.6,0.7375,0.7,0.54823529,23.90432099,"Chad Green",15552,643338
"Tommy Doyle","COL",2.1,0.19565217,0.56666667,0.34210526,0.44444444,0.76470588,0.65384615,0.39473684,23.89830508,"Tommy Doyle",21281,656382
"Yoshihisa Hirano","SEA",12.1,0.34,0.66326531,0.46774194,0.60784314,0.84615385,0.74137931,0.39516129,23.89673913,"Yoshihisa Hirano",19756,673633
"Logan Allen","CLE",10.2,0.16842105,0.59340659,0.37634409,0.5625,0.83333333,0.77142857,0.48924731,23.87591241,"Logan Allen",18555,663531
"Caleb Thielbar","MIN",20,0.23636364,0.68446602,0.4851752,0.48717949,0.80141844,0.73333333,0.55525606,23.87368421,"Caleb Thielbar",10078,573204
"Alex Reyes","STL",19.2,0.27317073,0.62804878,0.43089431,0.46428571,0.77669903,0.66666667,0.44444444,23.86594203,"Alex Reyes",15015,621052
"Brett Martin","TEX",14.2,0.25423729,0.76923077,0.4954955,0.56666667,0.9375,0.83636364,0.46846847,23.85,"Brett Martin",17369,656685
"Andrew Chafin","- - -",9.2,0.25252525,0.56470588,0.39673913,0.44,0.91666667,0.75342466,0.46195652,23.83941606,"Andrew Chafin",12988,605177
"John Curtiss","TBR",25,0.32748538,0.7370892,0.5546875,0.55357143,0.85350318,0.77464789,0.5546875,23.83754513,"John Curtiss",16128,595928
"José Cisnero","DET",29.2,0.29285714,0.70292887,0.48169557,0.47560976,0.79761905,0.692,0.46050096,23.83120205,"Jose Cisnero",6399,542585
"Devin Smeltzer","MIN",16,0.23703704,0.66165414,0.44776119,0.59375,0.84090909,0.775,0.49626866,23.82989691,"Devin Smeltzer",19487,656970
"Glenn Sparkman","KCR",5,0.29268293,0.75510204,0.54444444,0.58333333,0.83783784,0.7755102,0.54444444,23.80952381,"Glenn Sparkman",15200,642098
"Justin Verlander","HOU",6,0.16129032,0.71428571,0.47945205,0.6,0.76666667,0.74285714,0.57534247,23.80769231,"Justin Verlander",8700,434378
"Adam Kolarek","LAD",19,0.27007299,0.70434783,0.46825397,0.78378378,0.86419753,0.83898305,0.45634921,23.80555556,"Adam Kolarek",10843,592473
"Mike Kickham","BOS",14,0.37795276,0.62222222,0.50381679,0.54166667,0.8452381,0.73484848,0.51526718,23.80208333,"Mike Kickham",11618,592464
"Humberto Mejía","MIA",10,0.32352941,0.65048544,0.48780488,0.63636364,0.86567164,0.79,0.50243902,23.77922078,"Humberto Mejia",20739,650668
"Taylor Hearn","TEX",17.1,0.23255814,0.59444444,0.41761364,0.75,0.80373832,0.78911565,0.51136364,23.77454545,"Taylor Hearn",18325,621368
"Chris Mazza","BOS",30,0.26923077,0.66906475,0.47583643,0.44285714,0.83870968,0.73046875,0.51672862,23.77329975,"Chris Mazza",14151,607391
"Garrett Richards","SDP",51.1,0.26463104,0.67341772,0.46954315,0.47115385,0.87593985,0.76216216,0.50126904,23.76357268,"Garrett Richards",9784,572070
"Drew Smith","NYM",7,0.34920635,0.73913043,0.51376147,0.31818182,0.82352941,0.625,0.42201835,23.7625,"Drew Smith",17755,622098
"Zack Wheeler","PHI",71,0.28429423,0.74216028,0.52831941,0.62237762,0.85211268,0.7943761,0.53296193,23.74903969,"Zack Wheeler",10310,554430
"Josh James","HOU",17.1,0.19047619,0.56291391,0.35588235,0.41666667,0.84705882,0.71900826,0.44411765,23.748,"Josh James",16794,657624
"Max Fried","ATL",56,0.29094828,0.66896552,0.47385984,0.54074074,0.86597938,0.7629108,0.48387097,23.73932927,"Max Fried",13743,608331
"Brad Peacock","HOU",2.1,0.29411765,0.48,0.37288136,0.6,0.91666667,0.77272727,0.42372881,23.73913043,"Brad Peacock",5401,502748
"Patrick Sandoval","LAA",36.2,0.28040541,0.66225166,0.47324415,0.5060241,0.825,0.73144876,0.50501672,23.7372093,"Patrick Sandoval",19447,663776
"Robert Gsellman","NYM",14,0.24,0.6984127,0.44927536,0.72222222,0.89772727,0.84677419,0.45652174,23.73399015,"Robert Gsellman",13696,607229
"JT Brubaker","PIT",47.1,0.27360775,0.63682864,0.45024876,0.50442478,0.86345382,0.75138122,0.48631841,23.73220339,"JT Brubaker",17578,664141
"Keury Mella","ARI",10,0.2625,0.70512821,0.48101266,0.42857143,0.90909091,0.77631579,0.49367089,23.72173913,"Keury Mella",15964,622492
"Zac Grotz","SEA",7.1,0.24576271,0.5,0.35148515,0.65517241,0.92857143,0.81690141,0.41584158,23.70779221,"Zac Grotz",18256,665093
"Anthony Bass","TOR",25.2,0.25123153,0.63934426,0.43523316,0.41176471,0.87179487,0.73214286,0.47409326,23.70567376,"Anthony Bass",7982,542914
"Tanner Houck","BOS",17,0.29861111,0.61983471,0.44528302,0.48837209,0.90666667,0.75423729,0.45660377,23.6969697,"Tanner Houck",19879,656557
"Yusei Kikuchi","SEA",47,0.25706941,0.65763547,0.46163522,0.55,0.80898876,0.73841962,0.51069182,23.6969697,"Yusei Kikuchi",20633,579328
"Cy Sneed","HOU",17.1,0.26973684,0.63783784,0.47181009,0.58536585,0.8559322,0.78616352,0.54896142,23.67193676,"Cy Sneed",16106,605482
"Sean Doolittle","WSN",7.2,0.25,0.85915493,0.59055118,0.64285714,0.8852459,0.84,0.55905512,23.65934066,"Sean Doolittle",1581,448281
"Yohan Ramírez","SEA",20.2,0.14798206,0.60913706,0.36428571,0.42424242,0.80833333,0.7254902,0.46904762,23.65634675,"Yohan Ramirez",19444,670990
"Nate Pearson","TOR",18,0.23976608,0.62745098,0.42283951,0.48780488,0.84375,0.73722628,0.47222222,23.65560166,"Nate Pearson",20160,663878
"Yonny Chirinos","TBR",11.1,0.28828829,0.7721519,0.48947368,0.5625,0.78688525,0.70967742,0.41578947,23.65185185,"Yonny Chirinos",16401,630023
"Daniel Mengden","OAK",12.1,0.28571429,0.60714286,0.44155844,0.64705882,0.89705882,0.81372549,0.48484848,23.64912281,"Daniel Mengden",16980,596043
"Branden Kline","BAL",5,0.25,0.83333333,0.56818182,0.4,0.725,0.66,0.54545455,23.64705882,"Branden Kline",14101,571858
"Cristian Javier","HOU",54.1,0.22247706,0.63796909,0.43419573,0.59793814,0.86851211,0.80051813,0.5095613,23.64102564,"Cristian Javier",17606,664299
"Jairo Díaz","COL",20,0.25510204,0.69047619,0.45604396,0.5,0.87931034,0.76506024,0.46153846,23.6284585,"Jairo Diaz",12774,545064
"Carlos Carrasco","CLE",68,0.31785714,0.65988909,0.48592189,0.43820225,0.81512605,0.68971963,0.49137148,23.62576687,"Carlos Carrasco",6632,471911
"Antonio Santos","COL",6,0.28787879,0.6119403,0.45112782,0.84210526,0.90243902,0.88333333,0.5037594,23.62244898,"Antonio Santos",20383,665733
"Rowan Wick","CHC",17.1,0.27777778,0.63125,0.46381579,0.575,0.84158416,0.76595745,0.52631579,23.61946903,"Rowan Wick",14646,592858
"Jeff Samardzija","SFG",16.2,0.19014085,0.68589744,0.44966443,0.66666667,0.92523364,0.87313433,0.52348993,23.6,"Jeff Samardzija",3254,502188
"Ronald Bolaños","KCR",3.2,0.16666667,0.7027027,0.43835616,0.66666667,0.88461538,0.84375,0.50684932,23.59183673,"Ronald Bolanos",20041,671790
"Luke Jackson","ATL",26.1,0.30258303,0.68325792,0.47357724,0.62195122,0.87417219,0.78540773,0.44918699,23.58309859,"Luke Jackson",11752,592426
"Héctor Rondón","ARI",20,0.23913043,0.66019417,0.46153846,0.5,0.90441176,0.80555556,0.52820513,23.57586207,"Hector Rondon",2391,444468
"Paul Sewald","NYM",6,0.171875,0.67692308,0.42635659,0.90909091,0.86363636,0.87272727,0.50387597,23.57446809,"Paul Sewald",13892,623149
"Aaron Bummer","CHW",9.1,0.28235294,0.52173913,0.38961039,0.41666667,0.86111111,0.68333333,0.44805195,23.56896552,"Aaron Bummer",16258,607481
"Kyle Zimmer","KCR",23,0.36363636,0.56976744,0.45945946,0.51388889,0.8877551,0.72941176,0.46486486,23.56617647,"Kyle Zimmer",14169,622092
"Dan Altavilla","- - -",20.1,0.19444444,0.6557377,0.42699725,0.4,0.79166667,0.70322581,0.50413223,23.55882353,"Dan Altavilla",16507,656186
"Wil Crowe","WSN",8.1,0.1754386,0.65,0.37113402,0.75,0.86538462,0.83333333,0.41237113,23.54545455,"Wil Crowe",19800,640444
"Grant Dayton","ATL",27.1,0.32608696,0.66359447,0.47464503,0.58888889,0.84722222,0.74786325,0.44016227,23.54301075,"Grant Dayton",11203,594795
"Erasmo Ramírez","NYM",14.1,0.20408163,0.71134021,0.45641026,0.55,0.86956522,0.79775281,0.4974359,23.53900709,"Erasmo Ramirez",10314,541640
"Framber Valdez","HOU",70.2,0.25656566,0.61371841,0.44518589,0.54330709,0.85588235,0.77087794,0.52812202,23.53805073,"Framber Valdez",17295,664285
"James Kaprielian","OAK",3.2,0.23809524,0.75862069,0.45070423,0.6,0.72727273,0.6875,0.4084507,23.53703704,"James Kaprielian",18331,621076
"Brandon Leibrandt","MIA",9,0.19444444,0.69230769,0.45333333,0.92857143,0.88888889,0.89705882,0.52,23.53571429,"Brandon Leibrandt",16135,605335
"Robert Stephenson","CIN",10,0.34375,0.64634146,0.48314607,0.39393939,0.75471698,0.61627907,0.46067416,23.52631579,"Robert Stephenson",13594,596112
"Ian Anderson","ATL",32.1,0.26870748,0.59927798,0.4290718,0.53164557,0.81927711,0.72653061,0.48511384,23.52083333,"Ian Anderson",19951,666120
"Zack Littell","MIN",6.1,0.1875,0.73913043,0.51282051,0.66666667,0.94117647,0.9,0.58974359,23.51190476,"Zack Littell",15823,641793
"Blake Cederlind","PIT",4,0.23333333,0.56756757,0.41791045,0.28571429,0.80952381,0.67857143,0.55223881,23.50980392,"Blake Cederlind",20344,664977
"Justus Sheffield","SEA",55.1,0.26869159,0.59292035,0.43522727,0.59130435,0.9141791,0.81723238,0.51363636,23.50866142,"Justus Sheffield",17285,656954
"Tony Gonsolin","LAD",46.2,0.29597701,0.71708683,0.50921986,0.51456311,0.8046875,0.72144847,0.50638298,23.5047619,"Tony Gonsolin",19388,664062
"Enoli Paredes","HOU",20.2,0.2125,0.61386139,0.43646409,0.58823529,0.74193548,0.70886076,0.55801105,23.47924528,"Enoli Paredes",20447,660600
"Kyle Cody","TEX",22.2,0.24324324,0.59459459,0.41891892,0.57777778,0.87272727,0.78709677,0.5,23.47583643,"Kyle Cody",19686,621129
"Robert Dugger","MIA",10.2,0.20430108,0.65546218,0.45754717,0.84210526,0.91025641,0.89690722,0.56132075,23.47402597,"Robert Dugger",19191,667498
"Aaron Loup","TBR",25,0.25170068,0.67010309,0.48973607,0.67567568,0.87692308,0.83233533,0.56891496,23.46311475,"Aaron Loup",10343,571901
"Ryan Borucki","TOR",16.2,0.26229508,0.66906475,0.4378882,0.35416667,0.84946237,0.68085106,0.43167702,23.45381526,"Ryan Borucki",16350,621366
"Sterling Sharp","MIA",5.1,0.21212121,0.6,0.36936937,0.85714286,0.88888889,0.87804878,0.40540541,23.43209877,"Sterling Sharp",19671,643532
"Dustin May","LAD",56,0.2459893,0.65853659,0.48036952,0.63043478,0.87962963,0.82451923,0.56812933,23.41981132,"Dustin May",19716,669160
"J.A. Happ","NYY",49.1,0.25575448,0.69444444,0.47649301,0.66,0.82181818,0.77866667,0.50317662,23.40374787,"J.A. Happ",7410,457918
"Yacksel Ríos","PIT",4,0.25,0.6,0.41935484,0.5,0.72222222,0.65384615,0.48387097,23.38636364,"Yacksel Rios",15007,605441
"Kyle Crick","PIT",5.2,0.23809524,0.55769231,0.3826087,0.46666667,0.89655172,0.75,0.45217391,23.38095238,"Kyle Crick",13182,605195
"Zack Godley","BOS",28.2,0.26369863,0.64750958,0.44484629,0.48051948,0.8816568,0.75609756,0.47197107,23.38083538,"Zack Godley",14862,643327
"José Mujica","COL",4.1,0.22580645,0.63636364,0.46666667,0.71428571,0.92857143,0.88571429,0.58666667,23.32692308,"Jose Mujica",17821,620445
"Javy Guerra","SDP",13.1,0.22522523,0.70967742,0.48085106,0.6,0.86363636,0.80530973,0.52765957,23.32317073,"Javy Guerra",17292,642770
"Kyle Wright","ATL",38,0.2462908,0.64473684,0.43525741,0.59036145,0.85204082,0.77419355,0.47425897,23.31982942,"Kyle Wright",19665,657140
"Julian Merryweather","TOR",13,0.31578947,0.67226891,0.49785408,0.52777778,0.875,0.76724138,0.51072961,23.31073446,"Julian Merryweather",16703,657240
"Joe Mantiply","ARI",2.1,0.23076923,0.5483871,0.40350877,0.33333333,0.88235294,0.73913043,0.54385965,23.30952381,"Joe Mantiply",14857,573009
"Cal Quantrill","- - -",32,0.2745098,0.6184739,0.44444444,0.58571429,0.87012987,0.78125,0.49404762,23.30494505,"Cal Quantrill",19312,615698
"Daniel Castano","MIA",29.2,0.20888889,0.74698795,0.49156118,0.55319149,0.88709677,0.81974249,0.52531646,23.30029155,"Daniel Castano",19805,641447
"Luke Bard","LAA",5.1,0.2972973,0.5952381,0.4556962,0.18181818,0.88,0.66666667,0.53164557,23.29090909,"Luke Bard",14288,572703
"Travis Lakins Sr.","BAL",25.2,0.22173913,0.675,0.45319149,0.64705882,0.87037037,0.81690141,0.5106383,23.28366762,"Travis Lakins Sr.",18600,664042
"Ariel Jurado","NYM",4,0.35555556,0.64102564,0.48809524,0.5625,0.96,0.80487805,0.46428571,23.26229508,"Ariel Jurado",17030,642558
"Tucker Davidson","ATL",1.2,0.2,0.52173913,0.33962264,0.83333333,0.91666667,0.88888889,0.43396226,23.25,"Tucker Davidson",19871,656353
"Trevor Cahill","SFG",25,0.24796748,0.54589372,0.38410596,0.50819672,0.83185841,0.7183908,0.45695364,23.24926686,"Trevor Cahill",6249,502239
"Logan Webb","SFG",54.1,0.20647773,0.62896825,0.41983968,0.59803922,0.85173502,0.78997613,0.50501002,23.23283984,"Logan Webb",17995,657277
"Matt Strahm","SDP",20.2,0.2578125,0.62222222,0.47077922,0.66666667,0.83928571,0.8,0.58441558,23.21719457,"Matt Strahm",13799,621381
"Sam Freeman","WSN",5,0.24590164,0.63829787,0.41666667,0.73333333,0.83333333,0.8,0.43518519,23.21428571,"Sam Freeman",6832,518693
"Nick Vincent","MIA",22.1,0.16546763,0.75,0.49845201,0.43478261,0.85507246,0.79503106,0.56965944,23.1826087,"Nick Vincent",7555,543883
"Stefan Crichton","ARI",26,0.24120603,0.65024631,0.44776119,0.54166667,0.89393939,0.8,0.50497512,23.1799308,"Stefan Crichton",16058,592233
"Ben Heller","NYY",6,0.32758621,0.56603774,0.44144144,0.36842105,0.96666667,0.73469388,0.47747748,23.16666667,"Ben Heller",15100,621294
"Taylor Widener","ARI",20,0.21468927,0.6631016,0.44505495,0.65789474,0.76612903,0.74074074,0.51373626,23.16304348,"Taylor Widener",19266,642203
"Joe Jiménez","DET",22.2,0.28804348,0.70243902,0.50642674,0.47169811,0.84027778,0.74111675,0.52699229,23.1590106,"Joe Jimenez",15761,641729
"Mike Clevinger","- - -",41.2,0.25,0.66666667,0.45608629,0.48780488,0.80841121,0.71959459,0.49460709,23.15833333,"Mike Clevinger",12808,605182
"Sam Selman","SFG",19.1,0.22941176,0.56544503,0.40720222,0.58974359,0.76851852,0.72108844,0.52908587,23.15750916,"Sam Selman",13397,572125
"Kyle Hart","BOS",11,0.1958042,0.64102564,0.39615385,0.60714286,0.78666667,0.73786408,0.45,23.15625,"Kyle Hart",19646,606996
"Artie Lewicki","ARI",3.1,0.42857143,0.72413793,0.57894737,0.41666667,0.9047619,0.72727273,0.50877193,23.13157895,"Artie Lewicki",16731,592499
"Tanner Roark","TOR",47.2,0.24318658,0.66037736,0.43951165,0.61206897,0.81071429,0.75252525,0.47058824,23.12407681,"Tanner Roark",8753,543699
"Clarke Schmidt","NYY",6.1,0.2295082,0.63076923,0.43650794,0.35714286,0.95121951,0.8,0.51587302,23.12087912,"Clarke Schmidt",19899,657376
"David Bednar","SDP",6.1,0.27272727,0.79365079,0.55084746,0.73333333,0.76,0.75384615,0.53389831,23.11904762,"David Bednar",19569,670280
"Randy Dobnak","MIN",46.2,0.31127451,0.66764706,0.47326203,0.58267717,0.92951542,0.80508475,0.45454545,23.11460259,"Randy Dobnak",23798,677976
"Frankie Montas","OAK",53,0.27400468,0.59958932,0.44748359,0.4957265,0.83561644,0.73838631,0.53282276,23.08630952,"Frankie Montas",14309,593423
"Dinelson Lamet","SDP",69,0.30966469,0.62825279,0.47368421,0.42675159,0.82248521,0.6969697,0.51483254,23.08279431,"Dinelson Lamet",17186,659275
"Jaime Barria","LAA",32.1,0.27586207,0.65591398,0.48336595,0.59375,0.84699454,0.78137652,0.54598826,23.08244681,"Jaime Barria",18356,642545
"Daniel Norris","DET",27.2,0.32669323,0.62761506,0.47346939,0.57317073,0.83333333,0.74137931,0.4877551,23.05449591,"Daniel Norris",13475,596057
"Derek Holland","PIT",40.2,0.22701149,0.61994609,0.42976356,0.49367089,0.83913043,0.75080906,0.51599444,23.0505618,"Derek Holland",4141,502706
"Drew Pomeranz","SDP",18.2,0.2375,0.68711656,0.46439628,0.39473684,0.77678571,0.68,0.50464396,23.04938272,"Drew Pomeranz",11426,519141
"Trevor Rosenthal","- - -",23.2,0.29943503,0.59803922,0.45931759,0.41509434,0.74590164,0.64571429,0.53543307,23.04895105,"Trevor Rosenthal",10745,572096
"Danny Duffy","KCR",56.1,0.27848101,0.65031983,0.46341463,0.46969697,0.89180328,0.76430206,0.49734889,23.04591105,"Danny Duffy",3542,518633
"Cody Ponce","PIT",17,0.23966942,0.59722222,0.43396226,0.5862069,0.95348837,0.86086957,0.54339623,23.0255102,"Cody Ponce",17920,664074
"Luis Cessa","NYY",21.2,0.33497537,0.66878981,0.48055556,0.51470588,0.87619048,0.73410405,0.43611111,23,"Luis Cessa",13345,570666
"Lou Trivino","OAK",23.1,0.27083333,0.6741573,0.46486486,0.57692308,0.80833333,0.73837209,0.48108108,22.99264706,"Lou Trivino",15043,642152
"Ryan Weber","BOS",43,0.19661017,0.59714286,0.41395349,0.70689655,0.89473684,0.85393258,0.54263566,22.99120879,"Ryan Weber",10160,543901
"Sonny Gray","CIN",56,0.23900574,0.58426966,0.39772727,0.472,0.84230769,0.72207792,0.45971074,22.98898072,"Sonny Gray",12768,543243
"Brooks Kriske","NYY",3.2,0.25757576,0.6744186,0.42201835,0.52941176,0.65517241,0.60869565,0.39449541,22.98837209,"Brooks Kriske",21189,621139
"Reggie McClain","PHI",5.1,0.29411765,0.70212766,0.48979592,0.73333333,0.93939394,0.875,0.47959184,22.97058824,"Reggie McClain",19311,596035
"Michael Soroka","ATL",13.2,0.25806452,0.6509434,0.46733668,0.45833333,0.89855072,0.78494624,0.53266332,22.95744681,"Michael Soroka",18383,647336
"José Berríos","MIN",63,0.31205674,0.60966543,0.45735027,0.61363636,0.82012195,0.74801587,0.48820327,22.94160584,"Jose Berrios",14168,621244
"Duane Underwood Jr.","CHC",20.2,0.35555556,0.56129032,0.45074627,0.546875,0.74712644,0.66225166,0.46268657,22.92712551,"Duane Underwood Jr.",14677,621249
"Jesse Hahn","KCR",17.1,0.26206897,0.55782313,0.4109589,0.71052632,0.80487805,0.775,0.50342466,22.91891892,"Jesse Hahn",13287,534910
"Drew Smyly","SFG",26.1,0.27272727,0.63461538,0.46875,0.4,0.78181818,0.68,0.54166667,22.91256831,"Drew Smyly",11760,592767
"José Rodríguez","LAA",1.2,0.11111111,0.76190476,0.46153846,0.5,0.9375,0.88888889,0.53846154,22.90322581,"Jose Rodriguez",17860,642578
"Jhoulys Chacín","ATL",5,0.22916667,0.54545455,0.38043478,1,1,1,0.47826087,22.89705882,"Jhoulys Chacin",2608,468504
"Merrill Kelly","ARI",31.1,0.24299065,0.63706564,0.45877378,0.48076923,0.88484848,0.78801843,0.54756871,22.88888889,"Merrill Kelly",11156,518876
"Brady Lail","- - -",16.1,0.21383648,0.67375887,0.43,0.73529412,0.87368421,0.8372093,0.47,22.87610619,"Brady Lail",14707,621078
"Jimmy Herget","TEX",19.2,0.18471338,0.6373057,0.43428571,0.62068966,0.79674797,0.76315789,0.55142857,22.87356322,"Jimmy Herget",17556,623474
"Brad Wieck","CHC",1,0.1,0.5,0.3,0,1,0.83333333,0.5,22.86666667,"Brad Wieck",16390,623364
"Carlos Sanabria","HOU",2,0.15384615,0.52173913,0.32653061,0.75,0.75,0.75,0.46938776,22.86486486,"Carlos Sanabria",16634,656004
"Patrick Corbin","WSN",65.2,0.34567901,0.67864271,0.50187266,0.59693878,0.89411765,0.78544776,0.46910112,22.85992218,"Patrick Corbin",9323,571578
"Sean Gilmartin","TBR",4.1,0.13043478,0.54716981,0.35353535,0.33333333,0.75862069,0.68571429,0.53535354,22.85135135,"Sean Gilmartin",12781,543219
"Andrew Triggs","- - -",8.1,0.15909091,0.57142857,0.35151515,0.71428571,0.90909091,0.86206897,0.46666667,22.83870968,"Andrew Triggs",13533,592811
"Tyler Rogers","SFG",28,0.22058824,0.63779528,0.45196507,0.68888889,0.77777778,0.75845411,0.55458515,22.83841463,"Tyler Rogers",15541,643511
"Carson Fulmer","- - -",10.1,0.21568627,0.70930233,0.44148936,0.36363636,0.81967213,0.69879518,0.45744681,22.82142857,"Carson Fulmer",18311,608334
"Aaron Barrett","WSN",1.2,0.05555556,0.53846154,0.25806452,1,1,1,0.41935484,22.81818182,"Aaron Barrett",11243,502578
"Erik Swanson","SEA",7.2,0.20895522,0.69512195,0.47651007,0.78571429,0.73684211,0.74647887,0.55033557,22.81081081,"Erik Swanson",16587,657024
"Trevor Bauer","CIN",73,0.28243021,0.65467626,0.46008584,0.53488372,0.80769231,0.72014925,0.47725322,22.81028571,"Trevor Bauer",12703,545333
"Stephen Tarpley","MIA",11,0.21505376,0.60227273,0.40331492,0.45,0.90566038,0.78082192,0.48618785,22.79230769,"Stephen Tarpley",15859,605501
"Justin Shafer","MIA",5.2,0.24193548,0.66,0.42857143,0.53333333,0.87878788,0.77083333,0.44642857,22.7875,"Justin Shafer",16132,596101
"James Norwood","CHC",1.2,0.11764706,0.86666667,0.46875,1,0.92307692,0.93333333,0.46875,22.7826087,"James Norwood",16440,656803
"Tyler Mahle","CIN",47.2,0.3064877,0.61975309,0.45539906,0.51094891,0.79681275,0.69587629,0.47535211,22.77503852,"Tyler Mahle",16358,641816
"Huascar Ynoa","ATL",21.2,0.29326923,0.65775401,0.46582278,0.57377049,0.85365854,0.76086957,0.47341772,22.77474403,"Huascar Ynoa",20468,660623
"Bryan Abreu","HOU",3.1,0.06382979,0.48275862,0.22368421,0,0.92857143,0.76470588,0.38157895,22.76785714,"Bryan Abreu",16609,650556
"Edwin Díaz","NYM",25.2,0.27615063,0.67219917,0.475,0.37878788,0.61728395,0.54824561,0.50208333,22.75609756,"Edwin Diaz",14710,621242
"Caleb Smith","- - -",14,0.23809524,0.65,0.42322097,0.42857143,0.75641026,0.65486726,0.4494382,22.75490196,"Caleb Smith",14875,592761
"Josh Hader","MIL",19,0.27317073,0.67065868,0.4516129,0.42857143,0.75,0.64285714,0.44892473,22.75432526,"Josh Hader",14212,623352
"Paolo Espino","WSN",6,0.21428571,0.7037037,0.45454545,0.66666667,0.78947368,0.76,0.49090909,22.74390244,"Paolo Espino",8246,502179
"Phil Maton","CLE",21.2,0.30285714,0.64705882,0.48812665,0.41509434,0.74242424,0.64864865,0.53825858,22.73498233,"Phil Maton",18064,664208
"Corey Kluber","TEX",1,0.3,0.625,0.44444444,0.66666667,1,0.875,0.44444444,22.73333333,"Corey Kluber",2429,446372
"Zach Eflin","PHI",59,0.33712984,0.61814346,0.483023,0.62162162,0.87372014,0.78911565,0.51916758,22.72036474,"Zach Eflin",13774,621107
"T.J. McFarland","OAK",20.2,0.28865979,0.62043796,0.42598187,0.66071429,0.96470588,0.84397163,0.41389728,22.71729958,"T.J. McFarland",3237,519008
"Jacob deGrom","NYM",68,0.34797891,0.72791519,0.53744493,0.37878788,0.7038835,0.59836066,0.49867841,22.71713615,"Jacob deGrom",10954,594798
"Freddy Peralta","MIL",29.1,0.31446541,0.6212766,0.44484629,0.45,0.78082192,0.64634146,0.42495479,22.71021378,"Freddy Peralta",18679,642547
"Wandy Peralta","SFG",27.1,0.27380952,0.69067797,0.47540984,0.60869565,0.78527607,0.73275862,0.48360656,22.67567568,"Wandy Peralta",14295,593974
"Jimmy Cordero","CHW",26.2,0.30593607,0.69756098,0.49528302,0.6119403,0.88811189,0.8,0.48349057,22.65878378,"Jimmy Cordero",15690,622772
"Bobby Wahl","MIL",2.1,0.28571429,0.64705882,0.44736842,0.5,0.81818182,0.70588235,0.44736842,22.65384615,"Bobby Wahl",14832,592833
"Dennis Santana","LAD",17,0.29285714,0.54861111,0.42253521,0.65853659,0.7721519,0.73333333,0.50704225,22.65384615,"Dennis Santana",17878,642701
"Jordan Lyles","TEX",57.2,0.21442886,0.64777328,0.43001007,0.71028037,0.890625,0.84543326,0.49748238,22.65235457,"Jordan Lyles",7593,543475
"Gregory Soto","DET",23,0.21256039,0.59893048,0.39593909,0.47727273,0.82142857,0.72435897,0.47461929,22.64726027,"Gregory Soto",19677,642397
"Corey Oswalt","NYM",13,0.27731092,0.65384615,0.4529148,0.51515152,0.82352941,0.72277228,0.46636771,22.64457831,"Corey Oswalt",13677,621261
"Anthony Kay","TOR",21,0.18627451,0.69268293,0.4400978,0.63157895,0.8028169,0.76666667,0.50122249,22.63961039,"Anthony Kay",20387,641743
"Sean Manaea","OAK",54,0.28301887,0.6553288,0.48522167,0.57142857,0.88927336,0.80456853,0.54310345,22.6331058,"Sean Manaea",15873,640455
"Zac Gallen","ARI",72,0.30615641,0.57364341,0.42972247,0.49456522,0.85472973,0.71666667,0.46195166,22.62747525,"Zac Gallen",19291,668678
"Ranger Suárez","PHI",4,0.3220339,0.65714286,0.44680851,0.63157895,0.95652174,0.80952381,0.37234043,22.62686567,"Ranger Suarez",17277,624133
"Braxton Garrett","MIA",7.2,0.27160494,0.53571429,0.37956204,0.59090909,0.96666667,0.80769231,0.40875912,22.62626263,"Braxton Garrett",21844,666129
"Gabe Speier","KCR",5.2,0.22058824,0.57407407,0.37704918,0.46666667,0.87096774,0.73913043,0.44262295,22.625,"Gabe Speier",17170,642100
"Amir Garrett","CIN",18.1,0.32954545,0.55284553,0.42140468,0.39655172,0.72058824,0.57142857,0.41137124,22.60869565,"Amir Garrett",14375,607237
"Jordan Montgomery","NYY",44,0.32686981,0.65803109,0.49799197,0.60169492,0.7992126,0.73655914,0.5167336,22.59816514,"Jordan Montgomery",16511,656756
"Ben Braymer","WSN",7.1,0.21111111,0.62903226,0.38157895,0.68421053,0.87179487,0.81034483,0.40789474,22.59322034,"Ben Braymer",20175,664069
"Trevor Gott","SFG",11.2,0.15044248,0.65384615,0.39170507,0.52941176,0.82352941,0.76470588,0.47926267,22.57232704,"Trevor Gott",15046,641627
"Scott Blewett","KCR",3,0.2,0.625,0.41935484,0.33333333,0.85,0.73076923,0.51612903,22.56521739,"Scott Blewett",16427,656240
"Aaron Slegers","TBR",26,0.34391534,0.73232323,0.54263566,0.61538462,0.86206897,0.78571429,0.51162791,22.55438596,"Aaron Slegers",15231,642083
"Trevor Kelley","PHI",3.1,0.13793103,0.60416667,0.42857143,0.5,0.93103448,0.87878788,0.62337662,22.55357143,"Trevor Kelley",18454,665001
"Tanner Scott","BAL",20.2,0.23163842,0.62650602,0.42274052,0.48780488,0.74038462,0.66896552,0.48396501,22.5511811,"Tanner Scott",17586,656945
"Lewis Thorpe","MIN",16.1,0.17777778,0.7080292,0.44485294,0.5,0.87628866,0.80165289,0.50367647,22.54871795,"Lewis Thorpe",15906,626929
"Richard Rodríguez","PIT",23.1,0.2974359,0.6122449,0.45524297,0.48275862,0.75833333,0.66853933,0.50127877,22.53872054,"Richard Rodriguez",13549,593144
"Kyle Freeland","COL",70.2,0.30244755,0.61775362,0.45729537,0.62427746,0.89442815,0.80350195,0.4911032,22.52904821,"Kyle Freeland",16256,607536
"Brooks Raley","- - -",20,0.3190184,0.66473988,0.49702381,0.51923077,0.83478261,0.73652695,0.51488095,22.52610442,"Brooks Raley",10061,548384
"Deivi García","NYY",34.1,0.30672269,0.70748299,0.52819549,0.65753425,0.82692308,0.78291815,0.55263158,22.51724138,"Deivi Garcia",20276,665620
"Tyler Chatwood","CHC",18.2,0.23756906,0.69333333,0.44410876,0.44186047,0.83653846,0.72108844,0.45317221,22.50622407,"Tyler Chatwood",4338,543022
"Seth Lugo","NYM",36.2,0.31023102,0.63517915,0.47377049,0.5,0.81538462,0.71280277,0.50327869,22.49438202,"Seth Lugo",12447,607625
"Miguel Yajure","NYY",7,0.28787879,0.68965517,0.47580645,0.78947368,0.825,0.81355932,0.46774194,22.48421053,"Miguel Yajure",21111,664337
"Adam Cimber","CLE",11.1,0.30263158,0.75247525,0.55932203,0.69565217,0.85526316,0.81818182,0.57062147,22.48031496,"Adam Cimber",15288,643256
"Luis Patiño","SDP",17.1,0.22543353,0.61931818,0.42406877,0.51282051,0.8440367,0.75675676,0.50429799,22.46387833,"Luis Patino",22815,672715
"Asher Wojciechowski","BAL",37,0.23312883,0.68103448,0.46439169,0.56578947,0.82700422,0.76357827,0.51632047,22.4561753,"Asher Wojciechowski",10836,592879
"Jesus Tinoco","- - -",8.2,0.24175824,0.66037736,0.39583333,0.54545455,0.88571429,0.75438596,0.36805556,22.4537037,"Jesus Tinoco",16300,622786
"Tyler Anderson","SFG",59.2,0.24678112,0.6557377,0.45597484,0.62608696,0.834375,0.77931034,0.5115304,22.44412192,"Tyler Anderson",12880,542881
"Bryse Wilson","ATL",15.2,0.2962963,0.64900662,0.46645367,0.625,0.89795918,0.80821918,0.48242812,22.44166667,"Bryse Wilson",19990,669060
"Carl Edwards Jr.","SEA",4.2,0.31034483,0.55555556,0.42857143,0.33333333,0.86666667,0.66666667,0.48214286,22.43589744,"Carl Edwards Jr.",13607,605218
"Devin Williams","MIL",27,0.34677419,0.57377049,0.44315545,0.36046512,0.61904762,0.5026178,0.42459397,22.41337386,"Devin Williams",15816,642207
"Aaron Fletcher","SEA",4.1,0.14084507,0.56,0.31404959,0.6,0.78571429,0.73684211,0.41322314,22.40217391,"Aaron Fletcher",22052,667465
"Alex Cobb","BAL",52.1,0.26020408,0.61204819,0.44114002,0.48039216,0.8976378,0.77808989,0.51425031,22.39441536,"Alex Cobb",6562,502171
"Ramón Rosso","PHI",9.2,0.24,0.73404255,0.47938144,0.5,0.7826087,0.70967742,0.48453608,22.39310345,"Ramon Rosso",20368,665759
"Rick Porcello","NYM",59,0.24553571,0.67663551,0.48016277,0.80909091,0.8839779,0.86652542,0.54425229,22.39270687,"Rick Porcello",2717,519144
"Nick Mears","PIT",5,0.23529412,0.7173913,0.42982456,0.375,0.72727273,0.6122449,0.40350877,22.3908046,"Nick Mears",25376,683232
"Daniel Ponce de Leon","STL",32.2,0.26190476,0.68064516,0.4628483,0.61363636,0.75829384,0.71571906,0.47987616,22.38866397,"Daniel Ponce de Leon",16110,594965
"Spencer Turnbull","DET",56.2,0.23541247,0.64377682,0.43302181,0.55555556,0.81666667,0.74340528,0.48390447,22.375,"Spencer Turnbull",16207,605513
"Raisel Iglesias","CIN",23,0.32926829,0.6751269,0.51800554,0.42592593,0.72180451,0.63636364,0.54570637,22.37358491,"Raisel Iglesias",17130,628452
"Lucas Giolito","CHW",72.1,0.30179445,0.71381032,0.50576606,0.42702703,0.75524476,0.65635179,0.49505766,22.37336245,"Lucas Giolito",15474,608337
"Oliver Pérez","CLE",18,0.23387097,0.60126582,0.43971631,0.51724138,0.91578947,0.82258065,0.56028369,22.37089202,"Oliver Perez",1514,424144
"Nick Neidert","MIA",8.1,0.20967742,0.7,0.46969697,0.61538462,0.97959184,0.90322581,0.53030303,22.36458333,"Nick Neidert",18699,663734
"Austin Davis","- - -",6.2,0.39393939,0.59016393,0.48818898,0.57692308,0.80555556,0.70967742,0.48031496,22.35106383,"Austin Davis",17117,656354
"Trevor Richards","TBR",32,0.35409836,0.70848708,0.52083333,0.59259259,0.86458333,0.76666667,0.47048611,22.34515366,"Trevor Richards",19309,670950
"Brad Brach","NYM",12.1,0.32236842,0.66019417,0.45882353,0.55102041,0.85294118,0.72649573,0.40392157,22.33684211,"Brad Brach",6627,542960
"Alex Claudio","MIL",19,0.32105263,0.60283688,0.44108761,0.62295082,0.84705882,0.75342466,0.42598187,22.33467742,"Alex Claudio",12890,592222
"David Hale","- - -",17,0.28985507,0.66666667,0.4822695,0.575,0.875,0.78676471,0.5106383,22.33004926,"David Hale",9756,571735
"Jack Flaherty","STL",40.1,0.26666667,0.64534884,0.44784423,0.37,0.81981982,0.68012422,0.47844228,22.31734317,"Jack Flaherty",17479,656427
"Cole Irvin","PHI",3.2,0.28205128,0.74418605,0.52439024,0.54545455,0.96875,0.86046512,0.52439024,22.31666667,"Cole Irvin",19244,608344
"Tyler Lyons","NYY",1.2,0.15384615,0.625,0.4137931,1,0.9,0.91666667,0.55172414,22.31578947,"Tyler Lyons",11334,544928
"Jon Lester","CHC",61,0.25235405,0.65199161,0.44146825,0.67910448,0.90353698,0.83595506,0.47321429,22.27642276,"Jon Lester",4930,452657
"Richard Bleier","- - -",16.2,0.33636364,0.63888889,0.48623853,0.64864865,0.95652174,0.8490566,0.49541284,22.26845638,"Richard Bleier",7803,542947
"Shane Bieber","CLE",77.1,0.35674157,0.61596958,0.46688207,0.41338583,0.80555556,0.63321799,0.42487884,22.26587729,"Shane Bieber",19427,669456
"Matt Shoemaker","TOR",28.2,0.26267281,0.68558952,0.47982063,0.49122807,0.8343949,0.74299065,0.51345291,22.24923077,"Matt Shoemaker",4776,533167
"Tim Hill","SDP",18,0.25806452,0.63212435,0.46551724,0.725,0.81967213,0.7962963,0.5545977,22.23420074,"Tim Hill",16814,657612
"Dellin Betances","NYM",11.2,0.17073171,0.53389831,0.34854772,0.42857143,0.9047619,0.78571429,0.48962656,22.2122905,"Dellin Betances",6216,476454
"Héctor Neris","PHI",21.2,0.33777778,0.62068966,0.46115288,0.42105263,0.75,0.61413043,0.43609023,22.17808219,"Hector Neris",11804,593576
"Chase De Jong","HOU",7.1,0.275,0.66666667,0.44755245,0.27272727,0.95238095,0.71875,0.44055944,22.14423077,"Chase De Jong",15036,608328
"Iván Nova","DET",19,0.30215827,0.68965517,0.5,0.5952381,0.9,0.80985915,0.51056338,22.14285714,"Ivan Nova",1994,467100
"Tyler Glasnow","TBR",57.1,0.28336756,0.64360587,0.46161826,0.39855072,0.82736156,0.69438202,0.49481328,22.1424581,"Tyler Glasnow",14374,607192
"Carlos Hernández","KCR",14.2,0.23076923,0.704,0.4627451,0.46666667,0.86363636,0.76271186,0.49019608,22.12432432,"Carlos Hernandez",22713,672578
"Mike Minor","- - -",56.2,0.24463519,0.65692008,0.46067416,0.60526316,0.79821958,0.74944568,0.52400409,22.1215847,"Mike Minor",10021,501985
"Justin Grimm","MIL",4.2,0.29230769,0.48888889,0.37272727,0.52631579,0.95454545,0.75609756,0.40909091,22.12048193,"Justin Grimm",11720,518748
"Foster Griffin","KCR",1.2,0.35714286,0.88888889,0.56521739,0.4,0.875,0.69230769,0.39130435,22.11764706,"Foster Griffin",16432,656492
"Carlos Rodón","CHW",7.2,0.25757576,0.64179104,0.45112782,0.52941176,0.88372093,0.78333333,0.5037594,22.10526316,"Carlos Rodon",16137,607074
"Hunter Harvey","BAL",8.2,0.31428571,0.68,0.50344828,0.68181818,0.84313725,0.79452055,0.51724138,22.10280374,"Hunter Harvey",15507,640451
"Drew Anderson","CHW",1.1,0.14285714,0.81818182,0.44,0.75,0.88888889,0.86363636,0.44,22.1025641,"Drew Anderson",15130,623454
"Erick Fedde","WSN",50.1,0.24070022,0.61772152,0.41549296,0.78181818,0.89754098,0.86158192,0.46361502,22.1025641,"Erick Fedde",17425,607200
"Carlos Estévez","COL",24,0.26804124,0.67355372,0.49311927,0.65384615,0.80981595,0.77209302,0.55504587,22.10126582,"Carlos Estevez",14542,608032
"Adbert Alzolay","CHC",21.1,0.27692308,0.58854167,0.43152455,0.55555556,0.84070796,0.74850299,0.49612403,22.08813559,"Adbert Alzolay",17859,640470
"Tommy Hunter","PHI",24.2,0.31944444,0.58762887,0.44634146,0.55072464,0.90350877,0.7704918,0.47317073,22.08496732,"Tommy Hunter",1157,488984
"Justin Dunn","SEA",45.2,0.20149254,0.62155388,0.41073658,0.66666667,0.84274194,0.7993921,0.49812734,22.07718121,"Justin Dunn",19268,643290
"Mitch Keller","PIT",21.2,0.18719212,0.65555556,0.4073107,0.65789474,0.87288136,0.82051282,0.46997389,22.07241379,"Mitch Keller",17594,656605
"Travis Bergen","- - -",8.1,0.2037037,0.55882353,0.34090909,0.5,0.89473684,0.75,0.38636364,22.06569343,"Travis Bergen",18581,664157
"Jorge Alcala","MIN",24,0.22857143,0.69948187,0.45409429,0.54166667,0.77037037,0.71038251,0.47890819,22.04620462,"Jorge Alcala",19459,660896
"Dillon Peters","LAA",1.2,0.23076923,0.73913043,0.55555556,0.66666667,0.88235294,0.85,0.63888889,22.03846154,"Dillon Peters",18790,596071
"Patrick Murphy","TOR",6,0.23913043,0.63793103,0.46153846,0.81818182,0.78378378,0.79166667,0.55769231,22.03797468,"Patrick Murphy",19712,641907
"Cody Carroll","BAL",2,0.13953488,0.7,0.40963855,0.83333333,0.85714286,0.85294118,0.48192771,22.03225806,"Cody Carroll",17664,606944
"Kendall Graveman","SEA",18.2,0.19767442,0.60509554,0.39209726,0.70588235,0.86315789,0.82170543,0.47720365,22.02822581,"Kendall Graveman",15514,608665
"Brad Boxberger","MIA",18,0.19298246,0.66666667,0.43977591,0.63636364,0.7983871,0.76433121,0.5210084,22.01086957,"Brad Boxberger",10133,502202
"James Paxton","NYY",20.1,0.29545455,0.72777778,0.51404494,0.46153846,0.85496183,0.7431694,0.50561798,22,"James Paxton",11828,572020
"Kyle Funkhouser","DET",17.1,0.26785714,0.61589404,0.43260188,0.48888889,0.91397849,0.77536232,0.47335423,21.99578059,"Kyle Funkhouser",19456,608335
"JoJo Romero","PHI",10.2,0.34567901,0.70786517,0.53529412,0.46428571,0.84126984,0.72527473,0.52352941,21.99186992,"JoJo Romero",19574,668941
"Aníbal Sánchez","WSN",53,0.29365079,0.65738758,0.46858908,0.61486486,0.85016287,0.77362637,0.48094748,21.96809986,"Anibal Sanchez",3284,434671
"Eric Lauer","MIL",11,0.23880597,0.64545455,0.42213115,0.59375,0.83098592,0.75728155,0.45081967,21.96685083,"Eric Lauer",19316,641778
"Félix Peña","LAA",26.2,0.21610169,0.65625,0.43043478,0.43137255,0.84353741,0.73737374,0.48695652,21.96176471,"Felix Pena",13403,570240
"Corey Knebel","MIL",13.1,0.21481481,0.5625,0.38403042,0.5862069,0.90277778,0.81188119,0.48669202,21.94845361,"Corey Knebel",15010,608349
"Lance McCullers Jr.","HOU",55,0.27408994,0.54916067,0.40384615,0.4609375,0.8558952,0.71428571,0.47171946,21.94470046,"Lance McCullers Jr.",14120,621121
"Charlie Morton","TBR",38,0.29893238,0.67546174,0.51515152,0.53571429,0.84765625,0.77058824,0.57424242,21.92783505,"Charlie Morton",4676,450203
"Anthony DeSclafani","CIN",33.2,0.24850299,0.67164179,0.43687708,0.51807229,0.9,0.77946768,0.44518272,21.9266055,"Anthony DeSclafani",13050,543101
"Matt Hall","BOS",8.2,0.11428571,0.68571429,0.4,0.66666667,0.88888889,0.85714286,0.5,21.92258065,"Matt Hall",18076,664180
"Michael King","NYY",26.2,0.26359833,0.62337662,0.44042553,0.58730159,0.89583333,0.80193237,0.49148936,21.90350877,"Michael King",19853,650633
"Tyler Duffey","MIN",24,0.35096154,0.625,0.4701087,0.53424658,0.74,0.65317919,0.43478261,21.90145985,"Tyler Duffey",13758,608648
"Dan Winkler","CHC",18.1,0.31055901,0.6884058,0.48494983,0.56,0.85263158,0.75172414,0.46153846,21.87330317,"Dan Winkler",12237,595465
"Marco Gonzales","SEA",69.2,0.28227571,0.62103506,0.47443182,0.68217054,0.87365591,0.8243513,0.56723485,21.86381323,"Marco Gonzales",15467,594835
"Paul Fry","BAL",22,0.2364532,0.61271676,0.40957447,0.375,0.88679245,0.72727273,0.46010638,21.8540146,"Paul Fry",15832,643316
"Chad Kuhl","PIT",46.1,0.22528736,0.60169492,0.39416984,0.51020408,0.86384977,0.75241158,0.4486692,21.8419244,"Chad Kuhl",14975,641771
"Touki Toussaint","ATL",24.1,0.25925926,0.61187215,0.41717791,0.54285714,0.78358209,0.70098039,0.44785276,21.83106267,"Touki Toussaint",16929,657053
"Brandon Waddell","PIT",3.1,0.13333333,0.63157895,0.32653061,0.75,0.83333333,0.8125,0.3877551,21.8,"Brandon Waddell",18347,663399
"Luke Weaver","ARI",52,0.25902335,0.68410463,0.47727273,0.54098361,0.86176471,0.77705628,0.51342975,21.77884615,"Luke Weaver",16918,596133
"Michael Wacha","NYM",34,0.26618705,0.70996979,0.50738916,0.58108108,0.83829787,0.77669903,0.54351396,21.75831486,"Michael Wacha",14078,608379
"Mitch White","LAD",3,0.24,0.84210526,0.5,0.5,0.875,0.77272727,0.43181818,21.75757576,"Mitch White",19225,669952
"Kris Bubic","KCR",50,0.21166307,0.67521368,0.44468314,0.62244898,0.81329114,0.76811594,0.50268528,21.75319149,"Kris Bubic",21455,663460
"Hector Perez","TOR",1.2,0.10526316,0.71428571,0.36363636,0.5,0.7,0.66666667,0.42424242,21.73913043,"Hector Perez",18592,660431
"Elieser Hernández","MIA",25.2,0.27567568,0.68679245,0.51777778,0.54901961,0.7967033,0.74248927,0.58888889,21.73607038,"Elieser Hernandez",16933,622694
"Jalen Beeks","TBR",19.1,0.38194444,0.65714286,0.53291536,0.58181818,0.76521739,0.70588235,0.54858934,21.72649573,"Jalen Beeks",17192,656222
"Andre Scrubb","HOU",23.2,0.21777778,0.48351648,0.33660934,0.67346939,0.86363636,0.79562044,0.44717445,21.7124183,"Andre Scrubb",20329,668687
"Chad Sobotka","ATL",3.2,0.2195122,0.6,0.40740741,0.55555556,1,0.87878788,0.49382716,21.70491803,"Chad Sobotka",17470,656977
"Trevor Rogers","MIA",28,0.31690141,0.61971831,0.46830986,0.52222222,0.82386364,0.72180451,0.5,21.69954128,"Trevor Rogers",22286,669432
"Jordan Weems","OAK",14,0.2173913,0.6635514,0.43243243,0.48,0.76056338,0.6875,0.48198198,21.68322981,"Jordan Weems",13190,607179
"Andrew Heaney","LAA",66.2,0.31663327,0.65699659,0.50046083,0.57594937,0.82597403,0.75322284,0.54009217,21.67839196,"Andrew Heaney",15423,571760
"David Hess","BAL",7,0.30357143,0.78333333,0.55172414,0.82352941,0.9787234,0.9375,0.51724138,21.67058824,"David Hess",16130,605276
"Dylan Cease","CHW",58.1,0.21790541,0.65111562,0.41474654,0.58139535,0.84735202,0.77111111,0.45437788,21.66021765,"Dylan Cease",18525,656302
"Yency Almonte","COL",27.2,0.26359833,0.6763285,0.45515695,0.50793651,0.81428571,0.71921182,0.46412556,21.65963855,"Yency Almonte",15068,622075
"Hoby Milner","LAA",13.1,0.17924528,0.58156028,0.40890688,0.63157895,0.87804878,0.83168317,0.5708502,21.64171123,"Hoby Milner",13346,571948
"Clayton Kershaw","LAD",58.1,0.30434783,0.66455696,0.49662162,0.51587302,0.83174603,0.7414966,0.53378378,21.63746224,"Clayton Kershaw",2036,477132
"Nick Nelson","NYY",20.2,0.30882353,0.67647059,0.47593583,0.61904762,0.8,0.73595506,0.45454545,21.63250883,"Nick Nelson",20153,656793
"Pablo López","MIA",57.1,0.30463576,0.7,0.50166113,0.63768116,0.81269841,0.7593819,0.49833887,21.61187215,"Pablo Lopez",17085,641154
"Adam Plutko","CLE",27.2,0.24528302,0.78632479,0.52914798,0.69230769,0.83152174,0.80084746,0.52466368,21.59393939,"Adam Plutko",15846,592644
"Jon Gray","COL",39,0.28703704,0.64071856,0.46656535,0.5483871,0.89252336,0.78827362,0.50759878,21.57708333,"Jon Gray",14916,592351
"Chi Chi González","COL",19.2,0.24043716,0.64634146,0.43227666,0.70454545,0.88679245,0.83333333,0.47262248,21.57647059,"Chi Chi Gonzalez",14663,592346
"Josh Tomlin","ATL",39.2,0.29699248,0.66343042,0.49391304,0.56962025,0.87317073,0.78873239,0.5373913,21.57598039,"Josh Tomlin",9388,458708
"Kolby Allard","TEX",33.2,0.19727891,0.65659341,0.45136778,0.72413793,0.81171548,0.79461279,0.55319149,21.56886228,"Kolby Allard",18694,663465
"Colin Rea","CHC",14,0.24489796,0.62758621,0.47325103,0.70833333,0.9010989,0.86086957,0.59670782,21.56666667,"Colin Rea",12317,607067
"Joel Payamps","ARI",3,0.11764706,0.52,0.28813559,0.75,0.84615385,0.82352941,0.42372881,21.56521739,"Joel Payamps",14332,606303
"Matt Harvey","KCR",11.2,0.2,0.61538462,0.42040816,0.52173913,0.925,0.83495146,0.53061224,21.56179775,"Matt Harvey",11713,518774
"Tyler Alexander","DET",36.1,0.25483871,0.68858131,0.46410684,0.60759494,0.88944724,0.80935252,0.48247078,21.55855856,"Tyler Alexander",17735,641302
"Brian Moran","- - -",4.2,0.11666667,0.6,0.34782609,0.57142857,0.66666667,0.65,0.47826087,21.55294118,"Brian Moran",9646,572383
"Ryan Castellani","COL",43.1,0.22474747,0.6398892,0.42272127,0.53932584,0.87012987,0.778125,0.47688243,21.54867257,"Ryan Castellani",16377,624418
"Gio González","CHW",31.2,0.2734375,0.59166667,0.39583333,0.45714286,0.88028169,0.70040486,0.38461538,21.51502146,"Gio Gonzalez",7448,461829
"Pedro Strop","CIN",2.1,0.26190476,0.52380952,0.34920635,0.45454545,0.81818182,0.63636364,0.33333333,21.51020408,"Pedro Strop",4070,467008
"Michael Lorenzen","CIN",33.2,0.30945559,0.66023166,0.45888158,0.48148148,0.80701754,0.68100358,0.42598684,21.49561404,"Michael Lorenzen",14843,547179
"Spencer Howard","PHI",24.1,0.25252525,0.66390041,0.47835991,0.7,0.825,0.7952381,0.54897494,21.49538462,"Spencer Howard",23252,675921
"Lucas Sims","CIN",25.2,0.24705882,0.55868545,0.38888889,0.41269841,0.80672269,0.67032967,0.45512821,21.49166667,"Lucas Sims",13470,608371
"Austin Adams","SDP",4,0.26190476,0.4375,0.33783784,0.18181818,0.78571429,0.52,0.43243243,21.42105263,"Austin Adams",13801,613534
"Wade LeBlanc","BAL",22.1,0.26553672,0.61904762,0.44808743,0.65957447,0.81196581,0.76829268,0.51639344,21.41762452,"Wade LeBlanc",5221,453281
"José De León","CIN",6,0.21917808,0.55223881,0.37857143,0.5,0.7027027,0.64150943,0.47857143,21.41121495,"Jose De Leon",15463,592254
"Cole Sulser","BAL",22.2,0.27027027,0.73195876,0.48557692,0.61666667,0.76056338,0.71782178,0.46634615,21.3968254,"Cole Sulser",15256,642121
"Cole Hamels","ATL",3.1,0.30769231,0.65384615,0.48076923,0.75,0.76470588,0.76,0.5,21.39473684,"Cole Hamels",4972,430935
"Roberto Osuna","HOU",4.1,0.19047619,0.72727273,0.51851852,0.5,0.75,0.71428571,0.61111111,21.39473684,"Roberto Osuna",13764,532077
"Franklyn Kilome","NYM",11.1,0.21774194,0.65714286,0.41921397,0.59259259,0.76811594,0.71875,0.45851528,21.39411765,"Franklyn Kilome",17861,642584
"Brandon Bielak","HOU",32,0.25,0.67820069,0.45728643,0.50649351,0.86734694,0.76556777,0.4840871,21.37360179,"Brandon Bielak",19866,656232
"Johnny Cueto","SFG",63.1,0.25944171,0.6641791,0.4489083,0.65189873,0.88764045,0.8151751,0.46812227,21.37162954,"Johnny Cueto",6893,456501
"David Peterson","NYM",49.2,0.2370892,0.62953368,0.42364532,0.59405941,0.81069959,0.74709302,0.47536946,21.37086093,"David Peterson",20302,656849
"Tommy Milone","- - -",39,0.32162162,0.67278287,0.48637016,0.57142857,0.83636364,0.74336283,0.46915352,21.33138402,"Tommy Milone",7608,543548
"John Schreiber","DET",15.2,0.26896552,0.60294118,0.43060498,0.71794872,0.87804878,0.82644628,0.48398577,21.31578947,"John Schreiber",20020,670167
"Burch Smith","OAK",12,0.26388889,0.74074074,0.51633987,0.57894737,0.8,0.74683544,0.52941176,21.30188679,"Burch Smith",12784,572143
"Adam Wainwright","STL",65.2,0.29764454,0.61771058,0.45698925,0.55395683,0.86363636,0.76235294,0.49784946,21.29393939,"Adam Wainwright",2233,425794
"Matthew Boyd","DET",60.1,0.30902778,0.68235294,0.48434622,0.5505618,0.83333333,0.73764259,0.46961326,21.29295426,"Matthew Boyd",15440,571510
"Jordan Zimmermann","DET",5.2,0.24528302,0.72727273,0.49074074,0.69230769,0.9,0.8490566,0.50925926,21.29113924,"Jordan Zimmermann",4505,519455
"Robert Stock","BOS",13.1,0.20300752,0.65833333,0.41897233,0.44444444,0.86075949,0.75471698,0.4743083,21.25531915,"Robert Stock",6576,476594
"Casey Mize","DET",28.1,0.28767123,0.67330677,0.46593002,0.60714286,0.86982249,0.7826087,0.46224678,21.25307125,"Casey Mize",20492,663554
"Seth Frankoff","SEA",2.2,0.18181818,0.88571429,0.54411765,0.66666667,0.93548387,0.89189189,0.51470588,21.25,"Seth Frankoff",11346,571676
"Jorge Guzmán","MIA",1,0,0.6,0.31578947,,1,1,0.52631579,21.25,"Jorge Guzman",17505,660422
"Steven Brault","PIT",42.2,0.22384428,0.63880597,0.41018767,0.67391304,0.8271028,0.78104575,0.44906166,21.24955437,"Steven Brault",15291,643230
"Wes Benjamin","TEX",22.1,0.295,0.6984127,0.49100257,0.55932203,0.83333333,0.7486911,0.48586118,21.24125874,"Wes Benjamin",19243,605138
"Homer Bailey","MIN",8,0.26984127,0.67142857,0.48120301,0.70588235,0.85106383,0.8125,0.52631579,21.22,"Homer Bailey",8362,456701
"Dean Kremer","BAL",18.2,0.20754717,0.61497326,0.42774566,0.57575758,0.82608696,0.77027027,0.54046243,21.1954023,"Dean Kremer",19350,665152
"José Ureña","MIA",23.1,0.28140704,0.67005076,0.47474747,0.53571429,0.85606061,0.7606383,0.49747475,21.19163763,"Jose Urena",11589,570632
"Chris Paddack","SDP",59,0.27896996,0.65995976,0.47559709,0.6,0.82926829,0.76419214,0.51609553,21.15232722,"Chris Paddack",20099,663978
"Gerrit Cole","NYY",73,0.31506849,0.66558966,0.4954281,0.46195652,0.79368932,0.69127517,0.51454697,21.13259669,"Gerrit Cole",13125,543037
"Dallas Keuchel","CHW",63.1,0.25932836,0.69103774,0.45,0.64748201,0.84641638,0.78240741,0.44166667,21.05293276,"Dallas Keuchel",9434,572971
"Adrian Morejon","SDP",19.1,0.33540373,0.60248447,0.4689441,0.61111111,0.78350515,0.7218543,0.5,21.04132231,"Adrian Morejon",20039,670970
"Anthony Banda","TBR",7,0.2027027,0.61538462,0.39568345,0.66666667,0.85,0.8,0.4676259,21.01941748,"Anthony Banda",14706,607455
"Ray Black","MIL",3,0.15151515,0.61764706,0.3880597,0.8,0.76190476,0.76923077,0.50746269,21.01886792,"Ray Black",14244,605143
"José Urquidy","HOU",29.2,0.32178218,0.68281938,0.51282051,0.70769231,0.86451613,0.81818182,0.52913753,20.99354839,"Jose Urquidy",18413,664353
"Michael Fulmer","DET",27.2,0.23571429,0.65322581,0.43181818,0.59090909,0.91975309,0.8245614,0.46969697,20.98963731,"Michael Fulmer",13218,605242
"Zach Plesac","CLE",55.1,0.33053221,0.69689737,0.52835052,0.5,0.82191781,0.72926829,0.53994845,20.98591549,"Zach Plesac",19979,668676
"Luke Farrell","TEX",5.1,0.27419355,0.52631579,0.39495798,0.47058824,0.86666667,0.72340426,0.4789916,20.97826087,"Luke Farrell",15101,608652
"Brady Singer","KCR",64.1,0.26871401,0.56,0.41830065,0.5,0.8961039,0.77232143,0.51353875,20.96758105,"Brady Singer",25377,663903
"Eric Yardley","MIL",23.1,0.29017857,0.62694301,0.44604317,0.72307692,0.89256198,0.83333333,0.46282974,20.96518987,"Eric Yardley",15538,642233
"Ryan Meisinger","STL",2.2,0.13513514,0.64,0.33870968,0.6,0.875,0.80952381,0.40322581,20.9375,"Ryan Meisinger",18105,664682
"Sandy Alcantara","MIA",42,0.25566343,0.68271955,0.48338369,0.5443038,0.87136929,0.790625,0.53323263,20.93541667,"Sandy Alcantara",18684,645261
"Jordan Yamamoto","MIA",11.1,0.18881119,0.7007874,0.42962963,0.51851852,0.8988764,0.81034483,0.47037037,20.92424242,"Jordan Yamamoto",17585,657141
"Riley Smith","ARI",18.1,0.16842105,0.5483871,0.404,0.8125,0.89411765,0.88118812,0.62,20.92134831,"Riley Smith",19826,642092
"Walker Buehler","LAD",36.2,0.27645051,0.64169381,0.46333333,0.54320988,0.81218274,0.73381295,0.51166667,20.92017738,"Walker Buehler",19374,621111
"Andrew Miller","STL",13,0.25961538,0.57843137,0.41747573,0.51851852,0.76271186,0.68604651,0.49514563,20.9047619,"Andrew Miller",6785,453192
"Bernardo Flores Jr.","CHW",2,0.3,0.70588235,0.55555556,1,0.75,0.8,0.62962963,20.875,"Bernardo Flores Jr.",19561,641576
"Carlos Martinez","STL",20,0.31162791,0.65591398,0.4713217,0.68656716,0.90163934,0.82539683,0.4638404,20.86287625,"Carlos Martinez",11682,593372
"Ty Buttrey","LAA",26.1,0.24423963,0.72037915,0.47897196,0.67924528,0.86842105,0.8195122,0.49299065,20.86217949,"Ty Buttrey",14719,621142
"John King","TEX",10.1,0.24705882,0.6039604,0.44086022,0.66666667,0.85245902,0.80487805,0.54301075,20.85185185,"John King",22051,667463
"Julio Urías","LAD",55,0.30864198,0.65744681,0.496,0.632,0.81553398,0.76267281,0.53714286,20.8114374,"Julio Urias",14765,628711
"Johan Oviedo","STL",24.2,0.22727273,0.64732143,0.43918919,0.58,0.87586207,0.8,0.5045045,20.80923077,"Johan Oviedo",22487,670912
"Tyler Thornburg","CIN",7,0.25641026,0.58208955,0.40689655,0.6,0.74358974,0.69491525,0.46206897,20.80357143,"Tyler Thornburg",10688,592804
"César Valdez","BAL",14.1,0.35483871,0.57142857,0.46596859,0.51515152,0.83928571,0.71910112,0.51308901,20.7826087,"Cesar Valdez",9013,491624
"Génesis Cabrera","STL",22.1,0.2020202,0.59798995,0.40050378,0.5,0.73109244,0.67295597,0.50125945,20.78114478,"Genesis Cabrera",17490,650893
"Jorge López","- - -",39,0.19344262,0.63333333,0.42204724,0.49152542,0.88038278,0.79477612,0.51968504,20.77680525,"Jorge Lopez",14527,605347
"Zach Davies","SDP",69.1,0.2807309,0.59381898,0.41516588,0.6035503,0.85501859,0.75799087,0.42938389,20.76774194,"Zach Davies",13183,605200
"Robbie Erlin","- - -",26.2,0.25560538,0.6512605,0.45986985,0.63157895,0.90322581,0.83018868,0.51626898,20.75739645,"Robbie Erlin",10354,572362
"Kyle Hendricks","CHC",81.1,0.32688588,0.63665087,0.4973913,0.63905325,0.82630273,0.77097902,0.55043478,20.75,"Kyle Hendricks",12049,543294
"Kodi Whitley","STL",4.2,0.14634146,0.83333333,0.46753247,0.5,0.7,0.66666667,0.46753247,20.74576271,"Kodi Whitley",19731,676831
"Mike Montgomery","KCR",5.1,0.21052632,0.75,0.43298969,0.41666667,0.96666667,0.80952381,0.41237113,20.72972973,"Mike Montgomery",4869,543557
"Alec Mills","CHC",62.1,0.28418803,0.5932914,0.44021164,0.69924812,0.8869258,0.82692308,0.5047619,20.72423803,"Alec Mills",13834,621219
"Dylan Bundy","LAA",65.2,0.29361702,0.57664234,0.4459725,0.44927536,0.82278481,0.7092511,0.53831041,20.71967655,"Dylan Bundy",12917,605164
"Aaron Civale","CLE",74,0.28497409,0.61093248,0.45378851,0.56363636,0.86315789,0.77247706,0.51790175,20.71931818,"Aaron Civale",19479,650644
"Ashton Goudeau","COL",8.1,0.31147541,0.68518519,0.48695652,0.73684211,0.91891892,0.85714286,0.46956522,20.71621622,"Ashton Goudeau",15139,623485
"Kwang Hyun Kim","STL",39,0.26948052,0.63934426,0.45350734,0.63855422,0.92307692,0.8381295,0.49755302,20.7092511,"Kwang Hyun Kim",27458,547942
"Nick Pivetta","- - -",15.2,0.28472222,0.65068493,0.46896552,0.53658537,0.89473684,0.78676471,0.50344828,20.66055046,"Nick Pivetta",15454,601713
"Dane Dunning","CHW",34,0.24271845,0.66793893,0.43782837,0.4,0.88,0.736,0.45884413,20.65801887,"Dane Dunning",19409,641540
"Antonio Senzatela","COL",73.1,0.23603604,0.67814114,0.46214789,0.60305344,0.89593909,0.82285714,0.51144366,20.64975845,"Antonio Senzatela",15488,622608
"Andrew Suárez","SFG",9.2,0.18604651,0.70238095,0.44117647,0.625,0.91525424,0.85333333,0.49411765,20.6031746,"Andrew Suarez",18300,605498
"Luis Castillo","CIN",70,0.30520646,0.69798658,0.50823938,0.51764706,0.77163462,0.69795222,0.5169124,20.58060748,"Luis Castillo",15689,622491
"Austin Gomber","STL",29,0.24124514,0.59479554,0.42205323,0.59677419,0.8375,0.77027027,0.51140684,20.56857855,"Austin Gomber",16561,596295
"Bruce Zimmermann","BAL",7,0.27083333,0.66101695,0.48598131,0.53846154,0.92307692,0.82692308,0.55140187,20.56756757,"Bruce Zimmermann",20370,669145
"Adrian Houser","MIL",56,0.28481013,0.69866071,0.48590022,0.65925926,0.84984026,0.79241071,0.48590022,20.51047904,"Adrian Houser",12718,605288
"Steve Cishek","CHW",20,0.20812183,0.62146893,0.40374332,0.41463415,0.85454545,0.73509934,0.47326203,20.48028674,"Steve Cishek",6483,518553
"Adonis Medina","PHI",4,0.27272727,0.625,0.44047619,0.58333333,0.8,0.72972973,0.47619048,20.46969697,"Adonis Medina",19903,658431
"Phillip Diehl","COL",6,0.25757576,0.64,0.42241379,0.64705882,0.9375,0.83673469,0.43103448,20.46153846,"Phillip Diehl",20030,670426
"Daulton Jefferies","OAK",2,0.125,0.79310345,0.49056604,0.66666667,0.7826087,0.76923077,0.54716981,20.45,"Daulton Jefferies",19345,641726
"Ljay Newsome","SEA",15.2,0.34259259,0.65306122,0.52156863,0.64864865,0.85416667,0.79699248,0.57647059,20.44385027,"Ljay Newsome",19942,664714
"Germán Márquez","COL",81.2,0.28896673,0.66412214,0.48939641,0.46060606,0.85977011,0.75,0.53425775,20.44355758,"German Marquez",15038,608566
"Jesse Chavez","TEX",17,0.17857143,0.59393939,0.40327869,0.8,0.91836735,0.89430894,0.54098361,20.43859649,"Jesse Chavez",5448,445926
"Joel Kuhnel","CIN",3,0.13793103,0.53571429,0.33333333,0.75,0.93333333,0.89473684,0.49122807,20.36363636,"Joel Kuhnel",19995,669270
"Luis Perdomo","SDP",17.1,0.27272727,0.61654135,0.4384058,0.46153846,0.90243902,0.76033058,0.48188406,20.36138614,"Luis Perdomo",14682,606131
"Jakob Junis","KCR",25.1,0.25862069,0.65909091,0.4822335,0.57777778,0.87586207,0.80526316,0.55837563,20.29963899,"Jakob Junis",13619,596001
"Triston McKenzie","CLE",33.1,0.33098592,0.62406015,0.47272727,0.60638298,0.81325301,0.73846154,0.48363636,20.25714286,"Triston McKenzie",18000,663474
"Brusdar Graterol","LAD",23.1,0.29411765,0.63953488,0.49828179,0.77142857,0.90909091,0.87586207,0.59106529,20.19,"Brusdar Graterol",20367,660813
"John Means","BAL",43.2,0.26361032,0.71969697,0.50604027,0.66304348,0.78596491,0.75596817,0.53154362,20.18938053,"John Means",16269,607644
"Rich Hill","MIN",38.2,0.25,0.57798165,0.42326333,0.78082192,0.87301587,0.84732824,0.52827141,20.16483516,"Rich Hill",4806,448179
"Tyler Webb","STL",21.2,0.26451613,0.7382199,0.52601156,0.68292683,0.81560284,0.78571429,0.55202312,20.1372549,"Tyler Webb",14974,643778
"Alex Wood","LAD",12.2,0.28378378,0.64925373,0.45744681,0.5952381,0.7816092,0.72093023,0.4751773,20.11162791,"Alex Wood",13781,622072
"Richard Lovelady","KCR",1,0.22222222,0.5,0.30769231,1,1,1,0.30769231,20.11111111,"Richard Lovelady",19337,663992
"Steven Matz","NYM",30.2,0.28526646,0.66242038,0.47235387,0.58241758,0.86538462,0.77926421,0.49605055,20.08997955,"Steven Matz",13361,571927
"Thomas Eshelman","BAL",34.2,0.25403226,0.63066202,0.45607477,0.6031746,0.93370166,0.84836066,0.5364486,20.08831169,"Thomas Eshelman",18361,664045
"Alex Young","ARI",46.1,0.31529412,0.69354839,0.49184442,0.6119403,0.8372093,0.76020408,0.46675031,20.06779661,"Alex Young",18333,622065
"Tarik Skubal","DET",32,0.29605263,0.71428571,0.49915398,0.58888889,0.8097561,0.74237288,0.4856176,20.04824561,"Tarik Skubal",22267,669373
"Josh Fleming","TBR",32.1,0.28063241,0.7235023,0.48510638,0.56338028,0.91719745,0.80701754,0.46170213,20.01186944,"Josh Fleming",20418,676596
"Brad Keller","KCR",54.2,0.25531915,0.65977011,0.46037296,0.57407407,0.91289199,0.82025316,0.50699301,19.93730408,"Brad Keller",15734,641745
"T.J. Zeuch","TOR",11.1,0.24,0.64705882,0.42702703,0.83333333,0.87272727,0.86075949,0.45945946,19.89705882,"T.J. Zeuch",19269,643615
"Archie Bradley","- - -",18.1,0.27972028,0.64661654,0.45652174,0.65,0.86046512,0.79365079,0.48188406,19.84653465,"Archie Bradley",12918,605151
"Cam Hill","CLE",18.1,0.26056338,0.63087248,0.45017182,0.51351351,0.79787234,0.71755725,0.51202749,19.82488479,"Cam Hill",16840,657611
"Paul Blackburn","OAK",2.1,0.2,0.60869565,0.39583333,0.6,1,0.89473684,0.47916667,19.8125,"Paul Blackburn",14739,621112
"Jace Fry","CHW",19.2,0.26865672,0.60144928,0.40412979,0.35185185,0.86746988,0.66423358,0.40707965,19.75294118,"Jace Fry",16159,605240
"Mike Foltynewicz","ATL",3.1,0.11428571,0.68571429,0.4,0.75,0.875,0.85714286,0.5,19.74074074,"Mike Foltynewicz",10811,592314
"Anthony Castro","DET",1,0.22222222,0.75,0.47058824,0,0.83333333,0.625,0.47058824,19.66666667,"Anthony Castro",19789,621593
"Sean Newcomb","ATL",13.2,0.19135802,0.66666667,0.41,0.70967742,0.86956522,0.82926829,0.46,19.62173913,"Sean Newcomb",16943,656794
"Nick Ramirez","DET",10.2,0.25663717,0.71232877,0.43548387,0.65517241,0.84615385,0.77777778,0.39247312,19.57142857,"Nick Ramirez",12575,598286
"Jimmy Lambert","CHW",2,0.1875,0.64705882,0.42424242,0.66666667,0.72727273,0.71428571,0.51515152,19.56,"Jimmy Lambert",19541,669424
"Dillon Tate","BAL",16.2,0.24183007,0.59848485,0.40701754,0.59459459,0.86075949,0.77586207,0.46315789,19.50230415,"Dillon Tate",17796,622253
"Logan Forsythe","MIA",1,0.4375,0.81818182,0.59259259,1,1,1,0.40740741,19.5,"Logan Forsythe",7185,523253
"Taijuan Walker","- - -",53.1,0.21461187,0.63288288,0.42517007,0.61702128,0.88256228,0.816,0.50340136,19.40275651,"Taijuan Walker",11836,592836
"Tyson Miller","CHC",5,0.25,0.725,0.5,0.88888889,0.93103448,0.92105263,0.52631579,19.375,"Tyson Miller",19976,668338
"Pat Venditte","MIA",4.1,0.2,0.62068966,0.42592593,0.2,0.66666667,0.56521739,0.53703704,19.35897436,"Pat Venditte",7108,519381
"Tejay Antone","CIN",35.1,0.27586207,0.53135314,0.40640809,0.4625,0.80124224,0.68879668,0.51096121,19.32444444,"Tejay Antone",16233,622088
"Nick Margevicius","SEA",41.1,0.25304878,0.61206897,0.43786982,0.68674699,0.87793427,0.82432432,0.5147929,19.22420635,"Nick Margevicius",20395,676606
"Jonathan Stiever","CHW",6.1,0.12307692,0.75,0.45255474,0.875,0.88888889,0.88709677,0.52554745,19.19626168,"Jonathan Stiever",24584,680692
"Cody Reed","- - -",12,0.18110236,0.56880734,0.36016949,0.30434783,0.88709677,0.72941176,0.46186441,19.16759777,"Cody Reed",15232,642003
"Nabil Crismatt","STL",8.1,0.4137931,0.67857143,0.54385965,0.58333333,0.89473684,0.77419355,0.49122807,19.03571429,"Nabil Crismatt",17732,622503
"Matt Dermody","CHC",1,0,0.83333333,0.55555556,,0.8,0.8,0.66666667,19,"Matt Dermody",14844,571616
"Sixto Sánchez","MIA",39,0.30566038,0.73809524,0.53309481,0.54320988,0.83870968,0.75838926,0.52593918,18.9273183,"Sixto Sanchez",19680,664350
"Jesús Luzardo","OAK",59,0.25536481,0.6371308,0.44787234,0.46218487,0.81456954,0.71496437,0.50425532,18.92162554,"Jesus Luzardo",19959,666200
"Beau Burrows","DET",6.2,0.22222222,0.69642857,0.46363636,0.66666667,0.87179487,0.82352941,0.50909091,18.91139241,"Beau Burrows",18873,663366
"Nestor Cortes","SEA",7.2,0.18421053,0.56179775,0.38787879,0.64285714,0.86,0.8125,0.53939394,18.85950413,"Nestor Cortes",17874,641482
"Ricardo Sánchez","STL",5.1,0.30769231,0.59615385,0.43589744,0.6,0.90322581,0.78431373,0.44444444,18.76666667,"Ricardo Sanchez",17581,645307
"Garrett Crochet","CHW",6,0.26315789,0.68085106,0.49411765,0.6,0.6875,0.66666667,0.55294118,18.42857143,"Garrett Crochet",27463,676979
"Erik Kratz","NYY",2,0.26315789,0.73684211,0.5,1,0.92857143,0.94736842,0.5,18.37931034,"Erik Kratz",4403,456124
"Keegan Akin","BAL",25.2,0.24675325,0.70260223,0.492,0.52631579,0.78306878,0.72357724,0.538,18.3648294,"Keegan Akin",19362,669211
"Joey Gerber","SEA",15.2,0.19230769,0.65116279,0.44635193,0.7,0.83333333,0.80769231,0.55364807,18.36094675,"Joey Gerber",24591,680702
"Rony García","DET",21,0.2238806,0.65104167,0.43256997,0.71111111,0.84,0.80588235,0.48854962,18.24489796,"Rony Garcia",20430,665621
"Brett Anderson","MIL",47,0.27720207,0.62295082,0.44547872,0.6728972,0.87280702,0.80895522,0.48670213,17.86654479,"Brett Anderson",8223,474463
"Wade Miley","CIN",14.1,0.26162791,0.63716814,0.41052632,0.64444444,0.80555556,0.74358974,0.39649123,17.76744186,"Wade Miley",8779,489119
"Brent Suter","MIL",31.2,0.27509294,0.68825911,0.47286822,0.40540541,0.84117647,0.70901639,0.47868217,17.45478036,"Brent Suter",13942,608718
"Travis Demeritte","DET",1,0.375,0.66666667,0.52941176,1,1,1,0.52941176,16.1,"Travis Demeritte",15958,641513
"Anthony Bemboom","LAA",1,0.25,0.625,0.4375,1,1,1,0.5,15.5,"Anthony Bemboom",13854,621532
"Todd Frazier","NYM",1,0.33333333,0.5,0.38461538,1,1,1,0.30769231,15.1,"Todd Frazier",785,453943
"Tim Lopes","SEA",1,0.57142857,0.4,0.5,1,1,1,0.41666667,14.83333333,"Tim Lopes",14137,621005
"Carson Kelly","ARI",1,0,0.625,0.41666667,,1,1,0.66666667,14.625,"Carson Kelly",13620,608348
"Brock Holt","WSN",1.1,0.27272727,0.8,0.61290323,0.66666667,1,0.94736842,0.64516129,14.36363636,"Brock Holt",9345,571788
"Santiago Espinal","TOR",2,0.33333333,0.8125,0.525,1,1,1,0.4,14.27586207,"Santiago Espinal",19997,669289
"Tyler Heineman","SFG",1,0.5,1,0.71428571,1,0.66666667,0.8,0.42857143,14,"Tyler Heineman",13897,623168
"Luis Guillorme","NYM",1,0.4,0.75,0.55555556,1,1,1,0.44444444,14,"Luis Guillorme",16451,641645
"Drew Butera","COL",1.2,0.23076923,0.77777778,0.5483871,1,0.85714286,0.88235294,0.58064516,13.69565217,"Drew Butera",3411,460077
"Matt Davidson","CIN",3.1,0.23809524,0.8,0.54347826,1,1,1,0.54347826,13.48387097,"Matt Davidson",7226,571602
"Jedd Gyorko","MIL",1,0,0.8,0.36363636,,1,1,0.45454545,13.42857143,"Jedd Gyorko",10816,576397
"Orlando Arcia","MIL",2,0.3125,0.64285714,0.46666667,1,1,1,0.46666667,12.94736842,"Orlando Arcia",13185,606115
"John Ryan Murphy","PIT",1,0.25,1,0.625,1,1,1,0.5,12.4,"John Ryan Murphy",10346,571974
"Yolmer Sánchez","CHW",1,0.2,0.75,0.53846154,1,1,1,0.61538462,12.33333333,"Yolmer Sanchez",11602,570560
"Max Schrock","STL",1,0.33333333,0.6,0.5,1,0.66666667,0.75,0.625,12.2,"Max Schrock",17750,621011
"Tzu-Wei Lin","BOS",1,0.25,0.71428571,0.54545455,1,0.9,0.91666667,0.63636364,11.93333333,"Tzu-Wei Lin",14678,624407
"Ehire Adrianza","MIN",1,0.375,0.7,0.55555556,0.66666667,1,0.9,0.55555556,11.69230769,"Ehire Adrianza",8418,501303