Name,Team,IP,FA%,FT%,FC%,FS%,FO%,SI%,SL%,CU%,KC%,EP%,CH%,SC%,KN%,UN%,NameASCII,PlayerId,MLBAMID
"Xavier Cedeño","CHC",2,,,0.77777778,,,,,0.22222222,,,,,,,"Xavier Cedeno",36,458584
"CC Sabathia","NYY",107.1,0.01272412,,0.41989589,,,0.14343551,0.30190862,,,,0.12203586,,,,"CC Sabathia",404,282332
"Fernando Rodney","- - -",47.2,0.20584795,,,,,0.47134503,0.03274854,0.00116959,,,0.28888889,,,,"Fernando Rodney",494,407845
"Marco Estrada","OAK",23.2,0.52552553,,0.11711712,,,,,0.04204204,,,0.31531532,,,,"Marco Estrada",1118,462136
"Tommy Hunter","PHI",5.1,0.04166667,,0.33333333,,,0.48611111,,0.13888889,,,,,,,"Tommy Hunter",1157,488984
"Adam Ottavino","NYY",66.1,0.019879,,0.13656007,,,0.39585134,0.44770959,,,,,,,,"Adam Ottavino",1247,493603
"Jon Edwards","CLE",8,0.51048951,,,,,,0.40559441,0.08391608,,,,,,,"Jon Edwards",1483,457754
"Oliver Pérez","CLE",40.2,0.14723926,,,,,0.36042945,0.49233129,,,,,,,,"Oliver Perez",1514,424144
"Sean Doolittle","WSN",60,0.88175047,,,0.06052142,,,0.05772812,,,,,,,,"Sean Doolittle",1581,448281
"Edwin Jackson","- - -",67.2,0.23269962,,0.27376426,,,0.1391635,0.25171103,0.02737643,,,0.07528517,,,,"Edwin Jackson",1841,429719
"Matt Moore","DET",10,0.55555556,,0.17094017,,,,,,0.15384615,,0.11965812,,,,"Matt Moore",1890,519043
"Zack Greinke","- - -",208.2,0.40849148,,0.00128659,0.00225153,,0.05242843,0.16050177,0.14667096,,0.00900611,0.21936314,,,,"Zack Greinke",1943,425844
"Iván Nova","CHW",187,0.17570715,,0.13011647,,,0.36638935,,0.16772047,,,0.16006656,,,,"Ivan Nova",1994,467100
"Clayton Kershaw","LAD",178.1,0.43883495,,,,,,0.39067961,0.16427184,,,0.00621359,,,,"Clayton Kershaw",2036,477132
"Adam Wainwright","STL",171.2,0.13577586,,0.22449713,,,0.25107759,,0.36817529,,,0.02047414,,,,"Adam Wainwright",2233,425794
"Héctor Rondón","HOU",60.2,0.45576132,,,,,0.14506173,0.35493827,,,,0.04423868,,,,"Hector Rondon",2391,444468
"Corey Kluber","CLE",35.2,0.12929624,,0.28968903,,,0.26677578,,0.22913257,,,0.08510638,,,,"Corey Kluber",2429,446372
"Lance Lynn","TEX",208.1,0.54090247,,0.16244541,,,0.17176128,,0.09519651,,,0.02969432,,,,"Lance Lynn",2520,458681
"Jhoulys Chacín","- - -",103.1,0.12904884,,,,,0.31413882,0.49562982,0.00565553,,,0.05552699,,,,"Jhoulys Chacin",2608,468504
"Rick Porcello","BOS",174.1,0.31452703,,,,,0.25574324,0.18614865,0.12567568,,,0.11790541,,,,"Rick Porcello",2717,519144
"Ross Detwiler","CHW",69.2,0.3258427,,0.15298185,,,0.19792567,0.01901469,0.14001729,,,0.1642178,,,,"Ross Detwiler",2859,446321
"Luis Avilán","NYM",32,,,,,,0.295,,0.12166667,,,0.58333333,,,,"Luis Avilan",2882,501593
"Kenley Jansen","LAD",63,,,0.74261201,,,0.13441373,0.12297426,,,,,,,,"Kenley Jansen",3096,445276
"Tony Watson","SFG",54,0.004914,,,,,0.50737101,0.10687961,,,,0.38083538,,,,"Tony Watson",3132,453265
"Max Scherzer","WSN",172.1,0.48429036,,0.07728422,,,,0.20693391,0.08667389,,,0.14481762,,,,"Max Scherzer",3137,453286
"Tim Collins","CHC",8.2,0.46875,,,,,,0.31875,0.2125,,,,,,,"Tim Collins",3164,525768
"David Price","BOS",107.1,0.2751209,,0.17302526,,,0.26222461,,,0.02471789,,0.26491134,,,,"David Price",3184,456034
"Will Harris","HOU",60,0.01096491,,0.56907895,,,,,0.41995614,,,,,,,"Will Harris",3192,501789
"Ervin Santana","CHW",13.1,0.412,,,,,0.104,0.424,,,,0.06,,,,"Ervin Santana",3200,429722
"Francisco Liriano","PIT",70,0.08634361,,,,,0.35066079,0.3030837,,,,0.25991189,,,,"Francisco Liriano",3201,434538
"T.J. McFarland","ARI",56,0.00447427,,,,,0.68008949,0.15548098,,,,0.15995526,,,,"T.J. McFarland",3237,519008
"Zack Britton","NYY",61.1,,,,,,0.86437029,0.13562971,,,,,,,,"Zack Britton",3240,502154
"Jeff Samardzija","SFG",181.1,0.27657448,,0.24858381,0.07664112,,0.19293569,0.18060646,,0.02465845,,,,,,"Jeff Samardzija",3254,502188
"Joe Smith","HOU",25,0.26453488,,,,,0.31104651,0.40988372,,,,0.01453488,,,,"Joe Smith",3281,501925
"Aníbal Sánchez","WSN",166,0.30085534,,0.23503161,0.2354035,,0.0970621,0.02751952,0.05950167,,,0.04462626,,,,"Anibal Sanchez",3284,434671
"Hector Noesí","MIA",27.2,,,,,,0.44466801,0.2917505,0.16700201,,,0.09657948,,,,"Hector Noesi",3292,456051
"Charlie Culberson","ATL",2,0.88461538,,,,,,,0.11538462,,,,,,,"Charlie Culberson",3298,518586
"Darren O'Day","ATL",5.1,0.41025641,,,,,0.14102564,0.44871795,,,,,,,,"Darren O'Day",3321,503285
"Jeff Mathis","TEX",2,,,,,,,,1,,,,,,,"Jeff Mathis",3448,425772
"Danny Duffy","KCR",130.2,0.44238778,,,,,0.08884776,0.26330403,0.090236,,,0.11522443,,,,"Danny Duffy",3542,518633
"Clay Buchholz","TOR",59,0.1443406,,0.28245067,,,0.20145379,,0.17445483,,,0.1973001,,,,"Clay Buchholz",3543,453329
"Liam Hendriks","OAK",85,0.69324222,,,,,0.01214882,0.21564161,0.07896735,,,,,,,"Liam Hendriks",3548,521230
"Clayton Richard","TOR",45.1,0.15384615,,,,,0.56868132,0.25961538,,,,0.01785714,,,,"Clayton Richard",3551,453385
"Tony Barnette","CHC",1.1,0.28,,0.4,0.04,,0.24,,0.04,,,,,,,"Tony Barnette",3555,501817
"Brian Schlitter","OAK",9.2,0.08053691,,0.14765101,,,0.77181208,,,,,,,,,"Brian Schlitter",3599,489295
"Zach Duke","CIN",23.1,0.06683805,,,,,0.49614396,0.31619537,0.12082262,,,,,,,"Zach Duke",3840,435043
"Matt Magill","- - -",50.2,0.50960452,,0.00112994,,,,0.18757062,0.30056497,,,0.00112994,,,,"Matt Magill",3950,543483
"David Carpenter","TEX",3.1,0.57971014,,,,,,0.37681159,,,,0.04347826,,,,"David Carpenter",3959,502304
"Edinson Volquez","TEX",16,0.003367,,,,,0.47474747,,,0.15488215,,0.36700337,,,,"Edinson Volquez",3990,450172
"Allen Webster","CHC",11,0.35672515,,,,,0.07017544,0.42105263,,,,0.15204678,,,,"Allen Webster",3993,543903
"Yusmeiro Petit","OAK",83,0.45294635,,0.2119613,,,,,0.14248021,,,0.19261214,,,,"Yusmeiro Petit",4020,433589
"Héctor Santiago","- - -",33.2,0.59326788,,,,,0.00140252,0.16129032,0.04628331,,,0.19775596,,,,"Hector Santiago",4026,502327
"Pedro Strop","CHC",41.2,0.20551724,,0.18206897,0.05103448,,0.16275862,0.39862069,,,,,,,,"Pedro Strop",4070,467008
"Luke Gregerson","STL",5.2,0.08653846,,,,,0.625,0.26923077,,,,0.01923077,,,,"Luke Gregerson",4090,502381
"Derek Holland","- - -",84.1,0.00067797,,0.00067797,,,0.61966102,0.29559322,,0.04271186,,0.04067797,,,,"Derek Holland",4141,502706
"Jake Arrieta","PHI",135.2,0.0100365,,,,,0.55474453,0.11998175,0.13366788,,,0.18156934,,,,"Jake Arrieta",4153,453562
"David Hernandez","CIN",42.2,0.27763496,,0.31362468,,,0.24421594,,0.16066838,,,0.00385604,,,,"David Hernandez",4259,456696
"Mark Melancon","- - -",67.1,0.06741573,,0.59644195,0.02621723,,,,,0.30992509,,,,,,"Mark Melancon",4264,453343
"Matt Albers","MIL",59.2,0.10149254,,,,,0.46368159,0.33134328,,,,0.10348259,,,,"Matt Albers",4300,458006
"Justin Wilson","NYM",39,0.52532562,,0.39218524,,,,0.08248915,,,,,,,,"Justin Wilson",4301,458677
"Tyler Chatwood","CHC",76.2,0.31673152,,0.10194553,,,0.39455253,,0.11361868,,,0.07315175,,,,"Tyler Chatwood",4338,543022
"Jeremy Hellickson","WSN",39,0.02518519,,0.17037037,,,0.41333333,,,0.13333333,,0.25777778,,,,"Jeremy Hellickson",4371,476451
"Jordan Zimmermann","DET",112,0.34405145,,,,,0.12433012,0.31564845,0.19506967,,,0.02090032,,,,"Jordan Zimmermann",4505,519455
"Russell Martin","LAD",4,0.71111111,,,,,0.02222222,,0.11111111,,,0.15555556,,,,"Russell Martin",4616,431145
"Charlie Morton","TBR",194.2,0.29827916,,0.1042065,0.03250478,,0.19152326,,0.3734863,,,,,,,"Charlie Morton",4676,450203
"Pat Neshek","PHI",18,,,0.00359712,,,0.3705036,0.62230216,,,,0.00359712,,,,"Pat Neshek",4682,450212
"Nate Jones","CHW",10.1,,,,,,0.58252427,0.38834951,,,,0.02912621,,,,"Nate Jones",4696,518858
"Félix Hernández","SEA",71.2,0.07483553,,,,,0.32154605,0.08963816,0.35197368,,,0.16200658,,,,"Felix Hernandez",4772,433587
"Matt Shoemaker","TOR",28.2,0.1722488,,,0.32535885,,0.30143541,0.17703349,,0.02392344,,,,,,"Matt Shoemaker",4776,533167
"Rich Hill","LAD",58.2,0.51863354,,0.00310559,,,0.00724638,0.02795031,0.42028986,0.01449275,,0.00828157,,,,"Rich Hill",4806,448179
"Mike Montgomery","- - -",91,0.13777778,,0.17015873,,,0.26793651,,0.21206349,,,0.21206349,,,,"Mike Montgomery",4869,543557
"Jon Lester","CHC",171.2,0.28345939,,0.34199277,,,0.10161131,,0.15389674,,,0.11903979,,,,"Jon Lester",4930,452657
"Fernando Salas","PHI",2.2,0.50819672,,,,,,0.01639344,,0.1147541,,0.36065574,,,,"Fernando Salas",4971,477569
"Cole Hamels","CHC",141.2,0.35463659,,0.18629908,,,0.12071846,,0.12489557,,,0.21345029,,,,"Cole Hamels",4972,430935
"Fernando Abad","SFG",13,0.01169591,,,,,0.56725146,,,0.28070175,,0.14035088,,,,"Fernando Abad",4994,472551
"Jake Diekman","- - -",62,0.48564189,,,,,0.05152027,0.46030405,,,,0.00253378,,,,"Jake Diekman",5003,518617
"Jeurys Familia","NYM",60,0.16618636,,,0.07492795,,0.493756,0.26512968,,,,,,,,"Jeurys Familia",5114,544727
"Alex Gordon","KCR",2.1,0.0483871,,,,,0.72580645,,0.12903226,,,0.09677419,,,,"Alex Gordon",5209,460086
"Wade LeBlanc","SEA",121.1,0.05683564,,0.30261137,,,0.22119816,,0.10906298,,,0.31029186,,,,"Wade LeBlanc",5221,453281
"Blake Parker","- - -",61.1,0.46568627,,0.06078431,0.31862745,,,,0.15490196,,,,,,,"Blake Parker",5224,453284
"Wilmer Font","- - -",84.1,0.47116645,,,0.09370904,,0.11074705,0.13433814,0.19003932,,,,,,,"Wilmer Font",5257,521655
"Jose Alvarez","PHI",59,0.1351626,,0.07317073,,,0.38617886,0.10873984,0.07621951,,,0.22052846,,,,"Jose Alvarez",5358,501625
"Manny Bañuelos","CHW",50.2,0.21693122,,,,,0.26137566,0.32910053,0.10899471,,,0.08359788,,,,"Manny Banuelos",5365,544365
"Michael Pineda","MIN",146,0.54120879,,,,,0.01098901,0.29487179,,,,0.1529304,,,,"Michael Pineda",5372,501381
"Brad Peacock","HOU",91.2,0.27369119,,,,,0.31146455,0.28628231,,0.06891981,,0.05964215,,,,"Brad Peacock",5401,502748
"Pablo Sandoval","SFG",1,,,,,,,0.8,0.2,,,,,,,"Pablo Sandoval",5409,467055
"Pedro Báez","LAD",69.2,0.50505051,,,,,0.00275482,0.17263545,,,,0.31955923,,,,"Pedro Baez",5420,520980
"Jesse Chavez","TEX",78,0.08192956,,0.3101072,,,0.37595712,0.13323124,0.00306279,,,0.0957121,,,,"Jesse Chavez",5448,445926
"Austin Romine","NYY",1,0.04761905,,,,,,,0.9047619,,,0.04761905,,,,"Austin Romine",5491,519222
"Arodys Vizcaíno","ATL",4,0.07352941,,,,,0.45588235,0.47058824,,,,,,,,"Arodys Vizcaino",5498,527055
"Madison Bumgarner","SFG",207.2,0.42821859,,0.33405372,,,0.00092621,,0.18338994,,,0.05341155,,,,"Madison Bumgarner",5524,518516
"Ryan Brasier","BOS",55.2,0.55112474,,,,,0.0408998,0.3190184,,,,0.08895706,,,,"Ryan Brasier",5615,518489
"Tyler Clippard","CLE",62,0.19247312,,,0.16021505,,0.21612903,0.08817204,0.03870968,,,0.30430108,,,,"Tyler Clippard",5640,461325
"Junior Guerra","MIL",83.2,0.30894309,,,0.20990392,,0.29268293,0.0007391,0.18773097,,,,,,,"Junior Guerra",5702,448855
"Hernán Pérez","MIL",3,0.82926829,,,,,,,,,0.17073171,,,,,"Hernan Perez",5751,541650
"Danny Salazar","CLE",4,0.31818182,,,,,,0.21212121,0.01515152,,,0.45454545,,,,"Danny Salazar",5867,517593
"Jesús Sucre","BAL",1,,,,,,,0.77777778,0.22222222,,,,,,,"Jesus Sucre",5942,491696
"Kelvin Herrera","CHW",51.1,0.353914,,0.11135612,,,0.21278942,0.12679162,,,,0.19514884,,,,"Kelvin Herrera",6033,516969
"Ian Kinsler","SDP",1,,,,,,,,0.7037037,,,0.2962963,,,,"Ian Kinsler",6195,435079
"Trevor Cahill","LAA",102.1,0.08139535,,0.18372093,,,0.28313953,,,0.21802326,,0.23372093,,,,"Trevor Cahill",6249,502239
"David Phelps","- - -",34.1,0.25429017,,0.28861154,,,0.17316693,,,0.27769111,,0.00624025,,,,"David Phelps",6316,475479
"Ryan Feierabend","TOR",5.2,0.23076923,,,,,,,,,,0.06730769,,0.70192308,,"Ryan Feierabend",6336,456387
"Chris Archer","PIT",119.2,0.3962804,,,,,0.10729614,0.3557463,0.02002861,,,0.12064855,,,,"Chris Archer",6345,502042
"Jake Odorizzi","MIN",159,0.57938218,,0.18426724,0.17133621,,,,0.06501437,,,,,,,"Jake Odorizzi",6397,543606
"Trevor May","MIN",64.1,0.61578045,,,,,0.01286449,0.14493997,0.12607204,,,0.10034305,,,,"Trevor May",6398,543507
"José Cisnero","DET",35.1,0.51162791,,,,,0.09612403,0.30542636,,,,0.08682171,,,,"Jose Cisnero",6399,542585
"Steve Cishek","CHC",64,0.17042381,,,,,0.42110009,0.40036069,,,,0.00811542,,,,"Steve Cishek",6483,518553
"Blaine Hardy","DET",44.1,0.191582,,0.14078374,,,0.01886792,,0.20029028,,,0.44847605,,,,"Blaine Hardy",6499,543278
"Alex Cobb","BAL",12.1,,,,0.34934498,,0.48034934,,,0.17030568,,,,,,"Alex Cobb",6562,502171
"Robert Stock","SDP",10.2,0.53275109,,,,,0.00873362,0.37554585,,,,0.08296943,,,,"Robert Stock",6576,476594
"Sean Rodríguez","PHI",1.1,0.45454545,,,,,,0.45454545,0.09090909,,,,,,,"Sean Rodriguez",6589,446481
"Brad Brach","- - -",54.1,0.47642929,,0.07923771,,,0.06218656,0.19358074,,,,0.1885657,,,,"Brad Brach",6627,542960
"Carlos Carrasco","CLE",80,0.33594976,,,,,0.12087912,0.34065934,0.01648352,,,0.18602826,,,,"Carlos Carrasco",6632,471911
"Craig Kimbrel","CHC",20.2,0.66578249,,,,,,,,0.33421751,,,,,,"Craig Kimbrel",6655,518886
"Alex Colomé","CHW",61,0.28820513,,0.68307692,,,,,,,,0.02871795,,,,"Alex Colome",6661,517008
"JB Shuck","PIT",1,0.92307692,,,,,0.07692308,,,,,,,,,"JB Shuck",6677,543776
"Andrew Miller","STL",54.2,0.38085328,,,,,0.00520291,0.61290323,,,,0.00104058,,,,"Andrew Miller",6785,453192
"Julio Teheran","ATL",174.2,0.41694133,,,,,0.22676335,0.20962426,0.06460119,,,0.08206987,,,,"Julio Teheran",6797,527054
"Sam Freeman","LAA",2,0.275,,,0.225,,0.15,,0.35,,,,,,,"Sam Freeman",6832,518693
"Eduardo Núñez","BOS",1,,,,,,,,0.5,,,0.5,,,,"Eduardo Nunez",6848,456488
"Ian Desmond","COL",1,0.26666667,,,,,,,0.4,,,0.33333333,,,,"Ian Desmond",6885,435622
"Johnny Cueto","SFG",16,0.3245283,,,,,0.18867925,0.2490566,0.0490566,,,0.18867925,,,,"Johnny Cueto",6893,456501
"Chase Anderson","MIL",139,0.43391304,,0.1473913,,,0.07391304,,0.1026087,,,0.24217391,,,,"Chase Anderson",6895,502624
"Martín Pérez","MIN",165.1,0.17466619,,0.30819199,,,0.24792494,,0.04727535,,,0.22194154,,,,"Martin Perez",6902,527048
"Joakim Soria","OAK",69,0.64604186,,,,,0.03548681,0.11737944,0.13011829,,,0.07097361,,,,"Joakim Soria",6941,465657
"Luis García","LAA",62,0.2208413,,,0.1873805,,0.24952199,0.34225621,,,,,,,,"Luis Garcia",6984,472610
"Ian Kennedy","KCR",63.1,0.66879562,,0.16149635,,,,,,0.15237226,,0.01733577,,,,"Ian Kennedy",6986,453178
"Ryan Pressly","HOU",54.1,0.35740971,,,,,,0.29016189,0.35242839,,,,,,,"Ryan Pressly",7005,519151
"Caleb Joseph","ARI",1.1,,,,,,,0.71428571,0.28571429,,,,,,,"Caleb Joseph",7087,543376
"Pat Venditte","SFG",3.1,,,,,,0.52380952,0.41269841,,,,0.06349206,,,,"Pat Venditte",7108,519381
"Daniel Hudson","- - -",73,0.63270337,,,,,0.07477403,0.23253903,,,,0.05998357,,,,"Daniel Hudson",7146,543339
"Jonny Venters","- - -",8,0.02030457,,,,,0.77664975,0.17766497,,,,0.02538071,,,,"Jonny Venters",7175,458924
"Greg Holland","ARI",35.2,0.47157191,,,,,,0.43478261,0.09197324,,,0.00167224,,,,"Greg Holland",7196,518813
"Craig Stammen","SDP",82,0.0032,,0.1576,,,0.7104,,,0.1216,,0.0072,,,,"Craig Stammen",7274,489334
"Dan Otero","CLE",29.2,0.12019231,,,,,0.55288462,0.13942308,,,,0.1875,,,,"Dan Otero",7385,519096
"Javy Guerra","- - -",67.2,0.59107807,,,,,,0.25,0.07156134,,,0.08736059,,,,"Javy Guerra",7407,457915
"J.A. Happ","NYY",161.1,0.483859,,,,,0.17476809,0.17439703,0.00816327,,,0.15881262,,,,"J.A. Happ",7410,457918
"Austin Adams","- - -",16.2,0.54603175,,,,,,0.38730159,,,,0.06666667,,,,"Austin Adams",7411,542866
"Jay Jackson","MIL",30.1,0.41729323,,,,,,0.55263158,,,,0.03007519,,,,"Jay Jackson",7432,543351
"Ben Zobrist","CHC",1,,,,,,,,0.78947368,,,0.21052632,,,,"Ben Zobrist",7435,450314
"Wade Davis","COL",42.2,0.44576877,,0.34803337,,,0.00357569,,,0.18831943,,0.01430274,,,,"Wade Davis",7441,451584
"Gio González","MIL",87.1,0.26590422,,,,,0.25232309,,0.16368835,,,0.31808435,,,,"Gio Gonzalez",7448,461829
"Anthony Swarzak","- - -",53.1,0.35919235,,,,,0.04675877,0.59404888,,,,,,,,"Anthony Swarzak",7466,461872
"Alex Avila","ARI",2,,,,,,,,1,,,,,,,"Alex Avila",7476,488671
"Collin McHugh","HOU",74.2,0.32612056,,0.12055641,,,0.00695518,0.4366306,0.07650696,0.0015456,,0.0316847,,,,"Collin McHugh",7531,543521
"Jake McGee","COL",41.1,0.80370943,,,,,,0.19629057,,,,,,,,"Jake McGee",7550,459429
"Nick Vincent","- - -",44.2,0.58791946,,0.32080537,,,0.04697987,0.00805369,,,,0.03624161,,,,"Nick Vincent",7555,543883
"Jordan Lyles","- - -",141,0.50231384,,,,,0.01724863,0.09718132,0.31342028,,,0.06983593,,,,"Jordan Lyles",7593,543475
"Tommy Milone","SEA",111.2,0.43712575,,,,,,0.10299401,0.07844311,,,0.38143713,,,,"Tommy Milone",7608,543548
"Mark Reynolds","COL",1,0.9047619,,,,,,,0.04761905,,,0.04761905,,,,"Mark Reynolds",7619,448602
"Carlos Torres","DET",6,0.31304348,,0.37391304,,,0.09565217,0.12173913,0.09565217,,,,,,,"Carlos Torres",7624,448614
"Neil Ramírez","- - -",25,0.55748373,,,,,,0.31019523,0.13232104,,,,,,,"Neil Ramirez",7677,519166
"Juan Nicasio","PHI",47.1,0.41997593,,,,,0.12154031,0.45607702,,,,0.00240674,,,,"Juan Nicasio",7731,504379
"Wily Peralta","KCR",40.1,0.54477612,,,,,0.00447761,0.32089552,0.00149254,,,0.12835821,,,,"Wily Peralta",7738,503449
"Mike Fiers","OAK",184.2,0.32745858,,,,,0.19598167,0.17694748,0.1741276,,,0.12548467,,,,"Mike Fiers",7754,571666
"Shawn Kelley","TEX",47.1,0.39713542,,,,,,0.6015625,,,,0.00130208,,,,"Shawn Kelley",7773,518875
"Richard Bleier","BAL",55.1,0.00394737,,0.24473684,,,0.64078947,0.06315789,,,,0.04736842,,,,"Richard Bleier",7803,542947
"Hunter Strickland","- - -",24.1,0.54471545,,0.00542005,,,0.11111111,0.29810298,,,,0.04065041,,,,"Hunter Strickland",7836,519326
"Jerry Blevins","ATL",32.1,0.4265233,,,,,,,0.49103943,,,0.08243728,,,,"Jerry Blevins",7841,460283
"Tyson Ross","DET",35.1,0.34006734,,0.36700337,,,0.01178451,0.28114478,,,,,,,,"Tyson Ross",7872,475115
"Cory Gearrin","- - -",55.1,0.0841639,,,,,0.36323367,0.40310078,,,,0.14950166,,,,"Cory Gearrin",7947,518715
"Anthony Bass","SEA",48,0.04481793,,,0.14145658,,0.48179272,0.33193277,,,,,,,,"Anthony Bass",7982,542914
"Marcus Walden","BOS",78,0.19321767,,0.25788644,,,0.17665615,0.37223975,,,,,,,,"Marcus Walden",8004,519393
"Jason Vargas","- - -",149.2,0.2758483,,,,,0.22155689,,,0.15169661,,0.3508982,,,,"Jason Vargas",8044,450306
"Will Smith","SFG",65.1,0.46883988,,,,,,0.42281879,0.09012464,,,0.01821668,,,,"Will Smith",8048,519293
"Dan Jennings","WSN",4.2,0.03731343,,,,,0.52985075,0.43283582,,,,,,,,"Dan Jennings",8073,543359
"Bryan Shaw","COL",72,0.00167926,,0.75230898,,,,0.09403862,0.07724601,,,0.07472712,,,,"Bryan Shaw",8110,543766
"Steven Wright","BOS",6.1,0.01526718,,,,,0.04580153,,0.06870229,,,,,0.87022901,,"Steven Wright",8185,453214
"Brett Anderson","OAK",176,0.18575735,,,,,0.43820648,0.18688772,,0.05463451,,0.13451394,,,,"Brett Anderson",8223,474463
"David Robertson","PHI",6.2,0.04411765,,0.52941176,,,,0.20588235,,0.22058824,,,,,,"David Robertson",8241,502085
"Tony Sipp","WSN",21,0.47933884,,,0.20110193,,,0.31955923,,,,,,,,"Tony Sipp",8280,448609
"JC Ramírez","LAA",8,0.53271028,,,,,,0.14953271,0.30841121,,,0.00934579,,,,"JC Ramirez",8302,500724
"Homer Bailey","- - -",163.1,0.48108494,,,0.2633833,,0.02426838,0.14239829,,0.0888651,,,,,,"Homer Bailey",8362,456701
"Daniel Descalso","CHC",1,,,,,,,0.85714286,0.07142857,,,0.07142857,,,,"Daniel Descalso",8392,518614
"Ehire Adrianza","MIN",1,0.80952381,,,,,,,0.19047619,,,,,,,"Ehire Adrianza",8418,501303
"Buddy Boshers","TOR",20,,,,,,0.39583333,,0.53645833,,,0.06770833,,,,"Buddy Boshers",8490,542953
"Justin Miller","WSN",15.2,0.63636364,,,,,0.15636364,0.19636364,,,,0.01090909,,,,"Justin Miller",8580,502522
"Tim Federowicz","TEX",1,,,,,,,,1,,,,,,,"Tim Federowicz",8609,543148
"Kendrys Morales","OAK",1,0.95238095,,,,,,,,,,0.04761905,,,,"Kendrys Morales",8610,434778
"Justin Verlander","HOU",223,0.49876619,,,,,,0.28655151,0.17273288,,,0.04194941,,,,"Justin Verlander",8700,434378
"Tanner Roark","- - -",165.1,0.25520111,,,,,0.30027739,0.2184466,0.12760055,,,0.09847434,,,,"Tanner Roark",8753,543699
"Wade Miley","HOU",167.1,0.15822564,,0.46978694,,,0.06252183,0.00977995,0.09290954,,,0.20677611,,,,"Wade Miley",8779,489119
"Andrew Cashner","- - -",150,0.45320589,,,,,0.02907208,0.13062525,0.10832338,,,0.2787734,,,,"Andrew Cashner",8782,488768
"Oliver Drake","TBR",56,0.40360169,,0.00105932,0.59216102,,,,0.00317797,,,,,,,"Oliver Drake",8823,543118
"Adam Warren","SDP",28.2,0.30630631,,,,,0.0018018,0.47207207,0.04144144,,,0.17837838,,,,"Adam Warren",9029,476589
"Jeanmar Gómez","TEX",15.1,0.02222222,,,,,0.48518519,0.20740741,0.05555556,,,0.22962963,,,,"Jeanmar Gomez",9033,491646
"Kirby Yates","SDP",60.2,0.57002938,,,0.42115573,,,0.00881489,,,,,,,,"Kirby Yates",9073,489446
"Brad Hand","CLE",57.1,0.42494715,,,,,0.03382664,0.54122622,,,,,,,,"Brad Hand",9111,543272
"Nathan Eovaldi","BOS",67.2,0.43275316,,0.22547468,0.13528481,,,0.03164557,0.17484177,,,,,,,"Nathan Eovaldi",9132,543135
"Tim Melville","COL",33.1,0.3339254,,,,,,0.54706927,0.05861456,,,0.06039076,,,,"Tim Melville",9149,543532
"Alex Wilson","MIL",11.1,0.17326733,,0.0049505,,,0.28217822,0.53465347,,,,0.0049505,,,,"Alex Wilson",9239,543935
"Chris Davis","BAL",1,,,,,,,0.04545455,0.18181818,,,0.77272727,,,,"Chris Davis",9272,448801
"Patrick Corbin","WSN",202,0.1943013,,,,,0.34252804,0.37102152,0.03485905,,,0.05729009,,,,"Patrick Corbin",9323,571578
"Jared Hughes","- - -",71.1,0.05893019,,,,,0.74524025,0.05711695,0.05711695,,,0.08159565,,,,"Jared Hughes",9325,453172
"Josh Tomlin","ATL",79.1,0.25176056,,0.43221831,,,0.05721831,,0.17341549,,,0.08538732,,,,"Josh Tomlin",9388,458708
"Zac Rosscup","- - -",18,0.19086022,,,,,0.20967742,0.59946237,,,,,,,,"Zac Rosscup",9419,573127
"Dallas Keuchel","ATL",112.2,0.05150215,,0.19849785,,,0.49034335,0.11427039,,,,0.14538627,,,,"Dallas Keuchel",9434,572971
"Ryan Buchter","OAK",45.1,0.62835249,,0.14687101,,,,,0.2247765,,,,,,,"Ryan Buchter",9456,488748
"Dan Straily","BAL",47.2,0.52173913,,,,,0.00207039,0.19979296,0.03519669,,,0.24120083,,,,"Dan Straily",9460,573185
"Jeremy Jeffress","MIL",52,0.28488372,,,0.09069767,,0.34069767,,,0.28372093,,,,,,"Jeremy Jeffress",9490,502026
"Brian Moran","MIA",6.1,0.52678571,,,,,0.03571429,0.4375,,,,,,,,"Brian Moran",9646,572383
"Michael Blazek","WSN",5,0.72093023,,,,,,0.1744186,0.03488372,,,0.06976744,,,,"Michael Blazek",9654,518468
"David Hale","NYY",37.2,0.31385643,,,,,0.28881469,,0.1836394,,,0.21368948,,,,"David Hale",9756,571735
"Joe Kelly","LAD",51.1,0.28036322,,,,,0.22814983,,,0.36549376,,0.12599319,,,,"Joe Kelly",9761,523260
"Garrett Richards","SDP",8.2,0.40764331,,,,,0.17834395,0.29299363,0.12101911,,,,,,,"Garrett Richards",9784,572070
"Miles Mikolas","STL",184,0.27603424,,,,,0.23751783,0.23430813,0.21398003,,,0.03815977,,,,"Miles Mikolas",9803,571945
"Brian Dozier","WSN",1,,,,,,,,1,,,,,,,"Brian Dozier",9810,572821
"Sergio Romo","- - -",60.1,0.10050251,,,,,0.14271357,0.5959799,,,,0.16080402,,,,"Sergio Romo",9817,489265
"Chaz Roe","TBR",51,0.05189189,,0.06378378,,,0.23675676,0.64108108,0.00648649,,,,,,,"Chaz Roe",9866,475054
"Chris Rusin","COL",1,0.04,,0.32,,,0.52,,,,,0.12,,,,"Chris Rusin",9895,543734
"Brandon Kintzler","CHC",57,0.03738318,,,,,0.68574766,0.10163551,,,,0.17523364,,,,"Brandon Kintzler",9939,445213
"Mike Dunn","COL",17.2,0.43853821,,,,,0.02990033,0.44850498,0.08305648,,,,,,,"Mike Dunn",9948,445197
"Mike Minor","TEX",208.1,0.44593387,,,,,,0.19392315,,0.11408996,,0.24605302,,,,"Mike Minor",10021,501985
"Chris Owings","KCR",1.2,1,,,,,,,,,,,,,,"Chris Owings",10030,572008
"Kyle Gibson","MIN",160,0.18234443,,,,,0.32054993,0.20767004,0.12771346,,,0.16172214,,,,"Kyle Gibson",10123,502043
"Mike Leake","- - -",197,0.14386792,,0.26078167,,,0.18328841,0.12567385,,0.0791779,,0.20721024,,,,"Mike Leake",10130,502190
"Stephen Strasburg","WSN",209,0.28643216,,,,,0.19657109,0.00354715,0.30653266,,,0.20691694,,,,"Stephen Strasburg",10131,544931
"Brad Boxberger","KCR",26.2,0.48870637,,,,,,0.18069815,,,,0.33059548,,,,"Brad Boxberger",10133,502202
"Ryan Weber","BOS",40.2,0.03115727,,0.01186944,,,0.49554896,0.14540059,0.14985163,,,0.16617211,,,,"Ryan Weber",10160,543901
"Tyler Skaggs","LAA",79.2,0.504329,,,,,,,0.33694084,,,0.15873016,,,,"Tyler Skaggs",10190,572140
"Shelby Miller","TEX",44,0.67401392,,0.03596288,,,0.02320186,,0.24361949,,,0.02320186,,,,"Shelby Miller",10197,571946
"Aroldis Chapman","NYY",57,0.58746208,,,,,0.10010111,0.31142568,,,,0.00101112,,,,"Aroldis Chapman",10233,547973
"Ryan Tepera","TOR",21.2,0.20882353,,0.32058824,,,0.35588235,0.04705882,,,,0.06764706,,,,"Ryan Tepera",10291,572193
"Zack Wheeler","NYM",195.1,0.29987334,,0.19252692,0.01899937,,0.28942369,0.00759975,0.09943002,,,0.09214693,,,,"Zack Wheeler",10310,554430
"Erasmo Ramírez","BOS",3,0.07317073,,0.17073171,,,0.46341463,,0.04878049,,,0.24390244,,,,"Erasmo Ramirez",10314,541640
"Juan Minaya","CHW",27.2,0.62552301,,0.00209205,,,,0.08786611,0.08368201,,,0.20083682,,,,"Juan Minaya",10341,573668
"Aaron Loup","SDP",3.1,,,0.35849057,,,0.43396226,,0.1509434,,,0.05660377,,,,"Aaron Loup",10343,571901
"John Ryan Murphy","ARI",3,1,,,,,,,,,,,,,,"John Ryan Murphy",10346,571974
"Robbie Erlin","SDP",55.1,0.29614181,,,,,0.21272158,0.10218978,0.22314911,,,0.16579771,,,,"Robbie Erlin",10354,572362
"Brooks Pounders","NYM",7.1,0.34814815,,,,,,0.60740741,,,,0.04444444,,,,"Brooks Pounders",10387,572044
"Mychal Givens","BAL",63,0.70238095,,,,,,0.1529304,,,,0.14468864,,,,"Mychal Givens",10430,571710
"Jake Petricka","MIL",8,0.00847458,,,,,0.65254237,0.09322034,,,,0.24576271,,,,"Jake Petricka",10534,502593
"Jimmy Nelson","MIL",22,0.23832924,,,,,0.28255528,0.27027027,,0.2014742,,0.00737101,,,,"Jimmy Nelson",10547,519076
"Chad Bettis","COL",63.2,0.35825243,,0.17378641,,,0.02524272,,0.12038835,,,0.3223301,,,,"Chad Bettis",10587,518452
"Scott Alexander","LAD",17.1,,,,,,0.88848921,0.07913669,,,,0.0323741,,,,"Scott Alexander",10591,518397
"Chris Sale","BOS",147.1,0.35821501,,,,,0.10182556,0.3841785,,,,0.15578093,,,,"Chris Sale",10603,519242
"Tyler Thornburg","BOS",18.2,0.54973822,,,,,,,0.2617801,,,0.18848168,,,,"Tyler Thornburg",10688,592804
"Trevor Rosenthal","- - -",15.1,0.69876543,,,,,0.02222222,0.24444444,,,,0.0345679,,,,"Trevor Rosenthal",10745,572096
"Shane Greene","- - -",62.2,0.01896733,,0.31085353,,,0.45100105,0.21390938,,,,0.0052687,,,,"Shane Greene",10756,572888
"Mike Foltynewicz","ATL",117,0.26324153,,,,,0.25635593,0.28495763,0.10063559,,,0.09480932,,,,"Mike Foltynewicz",10811,592314
"R.J. Alaniz","- - -",15.2,0.23664122,,,,,0.26717557,0.3740458,0.00763359,,,0.11450382,,,,"R.J. Alaniz",10819,595798
"Asher Wojciechowski","BAL",82.1,0.53919564,,0.1929107,,,,0.24471711,,,,0.02317655,,,,"Asher Wojciechowski",10836,592879
"Adam Kolarek","- - -",55,0.10579345,,0.01007557,,,0.71284635,0.07934509,,,,0.09193955,,,,"Adam Kolarek",10843,592473
"Chasen Shreve","STL",2,0.66666667,,,0.33333333,,,,,,,,,,,"Chasen Shreve",10855,592741
"Josh A. Smith","BOS",31,0.30354132,,0.01517707,,,0.07757167,0.29342327,0.23102867,,,0.07925801,,,,"Josh A. Smith",10946,595001
"Jacob deGrom","NYM",204,0.48135381,,,,,0.01065497,0.32027578,0.02914447,,,0.15857098,,,,"Jacob deGrom",10954,594798
"Ryan O'Rourke","NYM",1.1,0.33333333,,,,,0.0952381,0.52380952,0.04761905,,,,,,,"Ryan O'Rourke",10976,594951
"Merrill Kelly","ARI",183.1,0.37339635,,0.18197164,,,0.09689399,,0.21336935,,,0.13436867,,,,"Merrill Kelly",11156,518876
"Vince Velasquez","PHI",117.1,0.62482303,,,,,0.05285512,0.20009438,,0.12222747,,,,,,"Vince Velasquez",11189,592826
"Grant Dayton","ATL",12,0.66666667,,0.00490196,,,,0.09803922,0.23039216,,,,,,,"Grant Dayton",11203,594795
"Casey Sadler","- - -",46.1,0.00574713,,0.31178161,,,0.37787356,,0.27442529,,,0.03017241,,,,"Casey Sadler",11209,594987
"Mike Freeman","CLE",2,0.86956522,,,,,,,0.13043478,,,,,,,"Mike Freeman",11241,502273
"Aaron Barrett","WSN",2.1,0.29411765,,,,,0.41176471,0.16176471,0.11764706,,,0.01470588,,,,"Aaron Barrett",11243,502578
"Aaron Altherr","PHI",1,0.52631579,,,,,,0.47368421,,,,,,,,"Aaron Altherr",11270,571437
"Tyler Lyons","- - -",12.2,0.16230366,,,,,0.2408377,0.4921466,,,,0.10471204,,,,"Tyler Lyons",11334,544928
"Tommy Kahnle","NYY",61.1,0.44152047,,,,,,0.03898635,,,,0.51949318,,,,"Tommy Kahnle",11384,592454
"Jose Quintana","CHC",171,0.36283833,,,,,0.25493782,,0.27212875,,,0.1100951,,,,"Jose Quintana",11423,500779
"Drew Pomeranz","- - -",104,0.52626159,,0.05818744,,,0.08032956,,,0.3192585,,0.01596292,,,,"Drew Pomeranz",11426,519141
"Brandon Workman","BOS",71.2,0.33681672,,0.19292605,,,,,,0.47025723,,,,,,"Brandon Workman",11428,519443
"Jesse Biddle","- - -",28,0.54575707,,,,,0.00166389,0.20133111,0.25124792,,,,,,,"Jesse Biddle",11437,592145
"Matt Grace","WSN",46.2,,,0.02698864,,,0.625,0.30255682,0.00142045,,,0.04403409,,,,"Matt Grace",11449,594840
"A.J. Cole","CLE",26,0.44906445,,,,,,0.45945946,0.07068607,,,0.02079002,,,,"A.J. Cole",11467,595918
"Robbie Ray","ARI",174.1,0.42735602,,,,,0.10013089,0.30759162,0.00327225,0.16164921,,,,,,"Robbie Ray",11486,592662
"Aaron Sanchez","- - -",131.1,0.36399132,,,,,0.21127983,,0.2308026,,,0.19392625,,,,"Aaron Sanchez",11490,592717
"Josh Osich","CHW",67.2,0.10151803,,0.66698292,,,0.06925996,0.11480076,,,,0.04743833,,,,"Josh Osich",11528,592612
"José Ureña","MIA",84.2,0.00437318,,,,,0.62900875,0.19897959,0.06195335,,,0.10568513,,,,"Jose Urena",11589,570632
"Dovydas Neverauskas","PIT",9.1,0.56603774,,0.20754717,,,,,0.21698113,,,0.00943396,,,,"Dovydas Neverauskas",11604,596720
"Heath Hembree","BOS",39.2,0.69916435,,,,,,0.16155989,0.13927577,,,,,,,"Heath Hembree",11632,592390
"Jameson Taillon","PIT",37.1,0.26666667,,,,,0.2036036,0.31891892,0.15675676,,,0.05405405,,,,"Jameson Taillon",11674,592791
"Carlos Martinez","STL",48.1,0.29820051,,0.02313625,,,0.20822622,0.2840617,,,,0.18637532,,,,"Carlos Martinez",11682,593372
"Josh Lucas","BAL",15.2,0.26373626,,,,,0.27472527,0.42490842,0.03663004,,,,,,,"Josh Lucas",11686,572998
"Tayron Guerrero","MIA",46,0.70111111,,,,,0.09444444,0.20444444,,,,,,,,"Tayron Guerrero",11691,594027
"Nick Kingham","- - -",55.2,0.39240506,,0.13047712,,,0.10418695,0.01265823,,0.19279455,,0.16747809,,,,"Nick Kingham",11694,592468
"Sam Dyson","- - -",62.1,0.09917355,,0.27272727,,,0.45218418,0.06965762,,,,0.10625738,,,,"Sam Dyson",11710,473879
"Matt Harvey","LAA",59.2,0.47027601,,,,,0.00318471,0.28025478,0.1433121,,,0.1029724,,,,"Matt Harvey",11713,518774
"Luke Jackson","ATL",72.2,0.37909018,,,,,,0.53551476,0.08459697,,,0.00079808,,,,"Luke Jackson",11752,592426
"Kyle Ryan","CHC",61,0.19486692,,0.36882129,,,0.30513308,,0.128327,,,0.00285171,,,,"Kyle Ryan",11753,594986
"Drew Smyly","- - -",114,,,0.18262911,,,0.47699531,,,0.29201878,,0.04835681,,,,"Drew Smyly",11760,592767
"Noah Syndergaard","NYM",197.2,0.29301423,,,,,0.29754204,0.15200517,0.09476067,,,0.16267788,,,,"Noah Syndergaard",11762,592789
"Hansel Robles","LAA",72.2,0.4890447,,,,,0.07361963,0.21472393,,,,0.22261174,,,,"Hansel Robles",11801,570663
"Héctor Neris","PHI",67.2,0.25777778,,,0.65333333,,0.08888889,,,,,,,,,"Hector Neris",11804,593576
"James Paxton","NYY",150.2,0.59932407,,0.19977469,,,,,,0.18888472,,0.01201652,,,,"James Paxton",11828,572020
"Taijuan Walker","ARI",1,0.66666667,,0.06666667,0.26666667,,,,,,,,,,,"Taijuan Walker",11836,592836
"Chris Martin","- - -",55.2,0.45654693,,0.14484357,0.1170336,,0.17844728,0.09849363,,,,0.00463499,,,,"Chris Martin",11847,455119
"Jason Adam","TOR",21.2,0.61363636,,,,,,,0.27020202,,,0.11616162,,,,"Jason Adam",11861,592094
"Enderson Franco","SFG",5.1,0.45454545,,,,,0.10227273,0.13636364,,,,0.30681818,,,,"Enderson Franco",11896,575070
"Hanser Alberto","BAL",1,1,,,,,,,,,,,,,,"Hanser Alberto",11902,593643
"Michael Feliz","PIT",56.1,0.73425197,,,,,,0.20177165,,,,0.06397638,,,,"Michael Feliz",11903,593140
"Taylor Cole","LAA",51.2,0.37211855,,0.04390779,,,,0.21734358,0.04829857,,,0.3183315,,,,"Taylor Cole",11964,518566
"Nick Martini","OAK",1,,,,,,,1,,,,,,,,"Nick Martini",12005,605361
"Matt Andriese","ARI",70.2,0.49584718,,,,,0.00747508,0.01079734,0.1154485,,,0.37043189,,,,"Matt Andriese",12022,542882
"Brian Flynn","KCR",29.1,0.20703125,,,0.00390625,,0.36132813,0.4140625,,,,0.01367188,,,,"Brian Flynn",12027,543169
"Kyle Hendricks","CHC",177,0.20520446,,,,,0.41635688,,0.09776952,,,0.28066914,,,,"Kyle Hendricks",12049,543294
"Felipe Vázquez","PIT",60,0.59394572,,,,,0.01670146,0.16701461,0.14196242,,,0.08037578,,,,"Felipe Vazquez",12076,553878
"Yimi García","LAD",62.1,0.44132397,,,,,0.01805416,0.17652959,0.30792377,,,0.05616851,,,,"Yimi Garcia",12095,554340
"Parker Markel","- - -",22,0.40434783,,,,,0.07391304,0.50869565,,,,0.01304348,,,,"Parker Markel",12106,571917
"Cody Allen","LAA",23,0.53767821,,,,,,,,0.46232179,,,,,,"Cody Allen",12183,592102
"Dan Winkler","ATL",21.2,0.3048433,,0.42450142,,,0.05698006,,0.21367521,,,,,,,"Dan Winkler",12237,595465
"Aaron Brooks","- - -",110,0.25658588,,,,,0.27976818,0.22444679,,0.03319283,,0.20600632,,,,"Aaron Brooks",12272,605156
"Evan Marshall","CHW",50.2,0.23353293,,,,,0.20838323,,0.16646707,,,0.39161677,,,,"Evan Marshall",12297,605359
"Chris Bassitt","OAK",144,0.23900415,,0.13692946,,,0.41078838,0.00124481,0.12821577,,,0.08381743,,,,"Chris Bassitt",12304,605135
"Jacob Barnes","- - -",32.2,0.48030303,,0.51818182,,,,0.00151515,,,,,,,,"Jacob Barnes",12323,606930
"Nick Tropeano","LAA",13.2,0.40659341,,,0.09157509,,0.05860806,0.24175824,,,,0.2014652,,,,"Nick Tropeano",12385,607374
"Seth Lugo","NYM",80,0.34615385,,,,,0.22213501,0.12951334,0.23704867,,,0.06514914,,,,"Seth Lugo",12447,607625
"Chasen Bradford","SEA",16.2,0.34677419,,,,,0.1733871,0.36290323,,,,0.11693548,,,,"Chasen Bradford",12452,607473
"Drew Gagnon","NYM",23.2,0.5436409,,,,,,0.03740648,0.09725686,,,0.32169576,,,,"Drew Gagnon",12545,543193
"Blake Treinen","OAK",58.2,0.215,,0.191,,,0.457,0.137,,,,,,,,"Blake Treinen",12572,595014
"Nick Ramirez","DET",79.2,0.20256992,,0.32350718,,,0.09750567,,,0.05668934,,0.31972789,,,,"Nick Ramirez",12575,598286
"DJ Johnson","COL",25,0.62781186,,0.00817996,,,,,0.36196319,,,0.00204499,,,,"DJ Johnson",12578,597113
"Adam Morgan","PHI",29.2,0.07559395,,,,,0.20518359,0.38012959,0.13606911,,,0.20302376,,,,"Adam Morgan",12580,605388
"Mike Wright Jr.","- - -",29.1,0.34488735,,,,,0.23916811,0.35528596,0.01213172,,,0.04852686,,,,"Mike Wright Jr.",12586,605541
"Nate Karns","BAL",5.1,0.62637363,,,,,,,,0.1978022,,0.17582418,,,,"Nate Karns",12638,501992
"Jerad Eickhoff","PHI",58.1,0.36652977,,,,,0.02361396,0.29466119,0.31519507,,,,,,,"Jerad Eickhoff",12664,595191
"Roenis Elías","- - -",50,0.50938673,,,,,0.06508135,,0.1339174,,,0.29161452,,,,"Roenis Elias",12673,606273
"Ryne Harper","MIN",54.1,0.38686987,,0.00117233,,,,,0.45603751,0.14654162,,0.00937866,,,,"Ryne Harper",12680,607560
"Ryan Carpenter","DET",40.2,0.22773723,,,,,0.22335766,0.28321168,0.11970803,,,0.1459854,,,,"Ryan Carpenter",12699,543001
"Trevor Bauer","- - -",213,0.38469886,,0.16494845,,,0.03743896,0.13917526,,0.19696148,,0.07677699,,,,"Trevor Bauer",12703,545333
"Adrian Houser","MIL",111.1,0.31270718,,,,,0.36132597,0.11878453,0.13922652,,,0.0679558,,,,"Adrian Houser",12718,605288
"Rafael Montero","TEX",29,0.39651416,,,,,0.07189542,0.1372549,,,,0.39433551,,,,"Rafael Montero",12760,606160
"Chris Devenski","HOU",69,0.44055944,,,,,,0.19405594,,,,0.36538462,,,,"Chris Devenski",12763,606965
"Sonny Gray","CIN",175.1,0.28428928,,0.00570004,,,0.19380121,0.21339508,0.24795155,0.00391877,,0.05094407,,,,"Sonny Gray",12768,543243
"Jairo Díaz","COL",57.2,0.25112613,,,,,0.30968468,0.43918919,,,,,,,,"Jairo Diaz",12774,545064
"John Brebbia","STL",72.2,0.56589786,,0.00082372,,,,0.42751236,,,,0.00576606,,,,"John Brebbia",12777,605154
"Sam Gaviglio","TOR",95.2,,,,,,0.42337299,0.44226732,0.03638908,,,0.09797061,,,,"Sam Gaviglio",12778,543208
"Sean Gilmartin","BAL",2.1,0.26470588,,,,,0.07352941,0.26470588,0.04411765,,,0.35294118,,,,"Sean Gilmartin",12781,543219
"Taylor Davis","CHC",1,,,,,,,,1,,,,,,,"Taylor Davis",12782,543089
"Burch Smith","- - -",21.1,0.63294118,,,,,0.00235294,0.00235294,0.2,,,0.16235294,,,,"Burch Smith",12784,572143
"Cody Anderson","CLE",8.2,0.43005181,,0.01036269,,,,,0.1865285,,,0.37305699,,,,"Cody Anderson",12799,594736
"Noé Ramirez","LAA",67.2,0.2836495,,,,,,,0.37398374,,,0.34236676,,,,"Noe Ramirez",12800,598287
"Matt Wisler","- - -",51.1,0.08663102,,,,,0.20534759,0.70481283,0.00320856,,,,,,,"Matt Wisler",12804,605538
"Mike Clevinger","CLE",126,0.51052632,,,,,,0.25454545,0.12057416,,,0.11435407,,,,"Mike Clevinger",12808,605182
"Andrew Kittredge","TBR",49.2,0.18482252,,,,,0.39657283,0.37331701,,,,0.04528764,,,,"Andrew Kittredge",12828,552640
"Shawn Armstrong","- - -",58,0.59611993,,0.27777778,,,,0.12433862,,,,0.00176367,,,,"Shawn Armstrong",12857,542888
"Matt Barnes","BOS",64.1,0.47328244,,,,,,,0.03053435,0.47633588,,0.01984733,,,,"Matt Barnes",12863,598264
"Danny Hultzen","CHC",3.1,0.38356164,,,,,0.20547945,0.2739726,,,,0.1369863,,,,"Danny Hultzen",12874,543343
"Tyler Anderson","COL",20.2,0.46370023,,0.19437939,,,0.01639344,,0.06557377,,,0.25995316,,,,"Tyler Anderson",12880,542881
"Alex Claudio","MIL",62,0.01960784,,,,,0.44272446,0.17647059,0.00103199,,,0.36016512,,,,"Alex Claudio",12890,592222
"Ken Giles","TOR",53,0.49012346,,,,,0.01604938,0.49382716,,,,,,,,"Ken Giles",12910,571704
"Dylan Bundy","BAL",161.2,0.42404608,,,,,0.07523398,0.2275018,0.09935205,,,0.17386609,,,,"Dylan Bundy",12917,605164
"Archie Bradley","ARI",71.2,0.58489097,,,,,0.1105919,,,0.24610592,,0.05841121,,,,"Archie Bradley",12918,605151
"José Osuna","PIT",2.1,0.03225806,,,,,0.67741935,,0.12903226,,,0.16129032,,,,"Jose Osuna",12937,591741
"Gabriel Ynoa","BAL",110.2,0.3107438,,,,,0.24958678,0.27988981,0.0231405,,,0.13663912,,,,"Gabriel Ynoa",12938,593679
"Joe Musgrove","PIT",170.1,0.37565938,,0.08402411,,,0.11906556,0.22079879,0.09495102,,,0.10550113,,,,"Joe Musgrove",12970,605397
"Joe Ross","WSN",64,0.23637961,,,,,0.39191564,0.20650264,0.08963093,,,0.07557118,,,,"Joe Ross",12972,605452
"Andrew Chafin","ARI",52.2,0.29899216,,,,,0.31466965,0.38633819,,,,,,,,"Andrew Chafin",12988,605177
"Colten Brewer","BOS",54.2,0.00890208,,0.40553907,,,0.00890208,0.12957468,0.44510386,,,0.00197824,,,,"Colten Brewer",12997,605155
"Robby Scott","ARI",7.1,0.01829268,,,,,0.48780488,0.38414634,0.07926829,,,0.0304878,,,,"Robby Scott",13042,582494
"Anthony DeSclafani","CIN",166.2,0.37224584,,,,,0.18051797,0.24275222,,0.15075377,,0.05373019,,,,"Anthony DeSclafani",13050,543101
"Reymin Guduan","HOU",5.1,0.49107143,,,,,,0.50892857,,,,,,,,"Reymin Guduan",13058,594056
"Wei-Yin Chen","MIA",68.1,0.48132059,,,,,0.02953953,0.22675934,0.22415291,,,0.03822763,,,,"Wei-Yin Chen",13071,612672
"Yu Darvish","CHC",178.2,0.2573736,,0.05021067,0.08321629,,0.0877809,0.44838483,0.04564607,0.02422753,,0.00316011,,,,"Yu Darvish",13074,506433
"Gerrit Cole","HOU",212.1,0.51577381,,,,,0.02380952,0.23154762,,0.15446429,,0.07440476,,,,"Gerrit Cole",13125,543037
"Derek Law","TOR",60.2,0.36714166,,,,,,0.30511316,0.19865884,,,0.12908634,,,,"Derek Law",13133,571882
"Eduardo Rodriguez","BOS",203.1,0.38741059,,0.16165951,,,0.15765379,0.02403433,0.03175966,,,0.23748212,,,,"Eduardo Rodriguez",13164,593958
"Kyle Crick","PIT",49,0.50375134,,,,,0.11897106,0.37406217,,,,0.00321543,,,,"Kyle Crick",13182,605195
"Zach Davies","MIL",159.2,,,0.11837192,,,0.5257655,0.00746826,0.03547423,,,0.31292009,,,,"Zach Davies",13183,605200
"Adalberto Mejía","- - -",31.1,0.44057052,,0.00158479,,,0.09825674,0.29952456,,,,0.16006339,,,,"Adalberto Mejia",13188,606167
"Joe Biagini","- - -",64.2,0.16024518,,0.29597198,,,0.34763573,,0.08669002,,,0.10945709,,,,"Joe Biagini",13194,607352
"Ross Stripling","LAD",90.2,0.3601108,,0.02908587,,,0.01939058,0.15927978,,0.28531856,,0.1468144,,,,"Ross Stripling",13273,548389
"Matt Carasiti","SEA",9.2,,,0.21081081,,0.19459459,0.57837838,,,,,0.01621622,,,,"Matt Carasiti",13276,571539
"Jesse Hahn","KCR",4.2,0.05607477,,,,,0.57009346,0.3271028,,,,0.04672897,,,,"Jesse Hahn",13287,534910
"Jake Barrett","NYY",3.2,0.47142857,,,0.05714286,,,0.47142857,,,,,,,,"Jake Barrett",13322,545332
"James Pazos","COL",10.1,,,,,,0.68456376,0.31543624,,,,,,,,"James Pazos",13323,572021
"Adrian Sampson","TEX",125.1,,,,,,0.54182879,0.33171206,0.00097276,,,0.12548638,,,,"Adrian Sampson",13339,592716
"Luis Cessa","NYY",81,0.34171598,,,,,0.07766272,0.49852071,0.00961538,,,0.07248521,,,,"Luis Cessa",13345,570666
"Hoby Milner","TBR",3.2,0.54285714,,,,,0.14285714,0.27142857,,,,0.04285714,,,,"Hoby Milner",13346,571948
"Luke Maile","TOR",2,0.60606061,,,,,,,,,,,,0.39393939,,"Luke Maile",13355,571912
"Cam Bedrosian","LAA",61.1,0.47830375,,,0.01282051,,,0.50887574,,,,,,,,"Cam Bedrosian",13360,592135
"Steven Matz","NYM",160.1,,,,,,0.50610885,0.1447612,0.14846353,,,0.20066642,,,,"Steven Matz",13361,571927
"Brady Rodgers","HOU",5,0.51754386,,0.00877193,,,0.00877193,0.26315789,0.0877193,,,0.11403509,,,,"Brady Rodgers",13393,572086
"Dylan Floro","LAD",46.2,0.20547945,,,,,0.46986301,0.28493151,,,,0.03972603,,,,"Dylan Floro",13394,571670
"Sam Selman","SFG",10.1,0.42473118,,,,,,0.57526882,,,,,,,,"Sam Selman",13397,572125
"Félix Peña","LAA",96.1,0.04458599,,,,,0.44649682,0.39426752,,,,0.11464968,,,,"Felix Pena",13403,570240
"Matt Koch","ARI",20.2,0.48351648,,0.28021978,,,,,0.07417582,,,0.16208791,,,,"Matt Koch",13420,571863
"Drew VerHagen","DET",58,0.12592593,,,,,0.4,0.3037037,0.16402116,,,0.00634921,,,,"Drew VerHagen",13424,572403
"Marcus Stroman","- - -",184.1,0.02135348,,0.24441524,,,0.36465177,,0.31668857,,,0.05289093,,,,"Marcus Stroman",13431,573186
"Mike Morin","- - -",50.2,0.11436541,,,,,0.36401674,0.15481172,,,,0.36680614,,,,"Mike Morin",13442,573046
"Taylor Rogers","MIN",69,0.00096154,,,,,0.49807692,0.17692308,0.32403846,,,,,,,"Taylor Rogers",13449,573124
"Lucas Sims","CIN",43,0.50066578,,,,,0.00532623,0.19041278,0.24766977,,,0.05592543,,,,"Lucas Sims",13470,608371
"Daniel Norris","DET",144.1,0.44957627,,,,,0.06737288,0.2279661,0.06525424,,,0.18983051,,,,"Daniel Norris",13475,596057
"Connor Sadzeck","SEA",23.2,0.37735849,,,,,0.08962264,0.51179245,,,,0.02122642,,,,"Connor Sadzeck",13483,592712
"Sam Tuivailala","SEA",23,0.33163265,,,,,0.28826531,0.20153061,0.17857143,,,,,,,"Sam Tuivailala",13485,592815
"Tom Murphy","SEA",3,0.4047619,,,,,,0.14285714,0.11904762,,,0.33333333,,,,"Tom Murphy",13499,608596
"Brandon Brennan","SEA",47.1,0.03094233,,,,,0.48523207,0.06469761,,,,0.41912799,,,,"Brandon Brennan",13527,592165
"Matt Bowman","CIN",32,0.37887067,,0.14571949,0.15664845,,0.0273224,0.17668488,0.1147541,,,,,,,"Matt Bowman",13528,621199
"Blake Snell","TBR",107,0.48359788,,,,,,0.06719577,0.24550265,,,0.2037037,,,,"Blake Snell",13543,605483
"Roman Quinn","PHI",3.1,1,,,,,,,,,,,,,,"Roman Quinn",13546,596451
"Richard Rodríguez","PIT",65.1,0.81913043,,,,,0.03304348,0.14347826,,,,0.00434783,,,,"Richard Rodriguez",13549,593144
"José Peraza","CIN",1.1,,,,,,,,0.93333333,,,0.06666667,,,,"Jose Peraza",13593,606299
"Robert Stephenson","CIN",64.2,0.36063936,,,0.06793207,,,0.57142857,,,,,,,,"Robert Stephenson",13594,596112
"Humberto Arteaga","KCR",1.2,,,,,,,,0.86956522,,,0.13043478,,,,"Humberto Arteaga",13595,600858
"Carl Edwards Jr.","- - -",17,0.74277457,,,,,0.03179191,,0.22254335,,,0.00289017,,,,"Carl Edwards Jr.",13607,605218
"Taylor Guerrieri","TEX",26.1,0.02244898,,0.00204082,,,0.43061224,,0.44489796,,,0.1,,,,"Taylor Guerrieri",13616,605260
"Jakob Junis","KCR",175.1,0.33652531,,,,,0.17270862,0.29651163,0.14056088,,,0.05369357,,,,"Jakob Junis",13619,596001
"Josh D. Smith","- - -",12.2,0.54035088,,,,,0.08421053,0.37192982,,,,0.00350877,,,,"Josh D. Smith",13629,605479
"Clay Holmes","PIT",50,0.10309278,,,,,0.52691867,0.11912944,0.23825888,,,0.01260023,,,,"Clay Holmes",13649,605280
"Tayler Scott","- - -",16.1,0.07909605,,,,,0.49152542,0.42937853,,,,,,,,"Tayler Scott",13652,605463
"Corey Oswalt","NYM",6.2,0.4028777,,,,,0.28057554,0.02877698,0.10791367,,,0.17985612,,,,"Corey Oswalt",13677,621261
"John Gant","STL",66.1,0.23963134,,0.11152074,,,0.31889401,,0.10414747,,,0.22580645,,,,"John Gant",13684,607231
"Nick Goody","CLE",40.2,0.51133144,,,,,,0.48866856,,,,,,,,"Nick Goody",13685,580792
"Sal Romano","CIN",16.1,0.04850746,,,,,0.59328358,0.3358209,,0.02238806,,,,,,"Sal Romano",13690,607219
"Robert Gsellman","NYM",63.2,0.02607076,,,,,0.49162011,0.26536313,0.11731844,,,0.09962756,,,,"Robert Gsellman",13696,607229
"Jake Faria","- - -",18.2,0.60880196,,,0.27139364,,0.00244499,0.11735941,,,,,,,,"Jake Faria",13699,607188
"Kyle Barraclough","- - -",33.2,0.65536723,,,,,,0.14689266,0.07485876,,,0.12288136,,,,"Kyle Barraclough",13713,607457
"Jacob Stallings","PIT",1,,,,,,,,1,,,,,,,"Jacob Stallings",13723,607732
"Max Fried","ATL",165.2,0.53128513,,0.00337205,,,0.03484451,0.15923567,0.24728363,,,0.02397902,,,,"Max Fried",13743,608331
"Tyler Duffey","MIN",57.2,0.51431493,,,,,0.02556237,,,0.45501022,,0.00511247,,,,"Tyler Duffey",13758,608648
"Chris Stratton","- - -",76,0.56476267,,0.00321802,,,0.00160901,0.24135157,0.13032985,,,0.05872888,,,,"Chris Stratton",13761,608717
"Dominic Leone","STL",40.2,0.3836858,,0.35800604,,,0.09969789,0.14501511,,,,0.01359517,,,,"Dominic Leone",13763,608678
"Roberto Osuna","HOU",65,0.46137566,,0.12910053,,,0.02645503,0.1957672,0.0021164,,,0.18518519,,,,"Roberto Osuna",13764,532077
"JT Chargois","LAD",21.1,0.09897611,,,,,0.31740614,0.58361775,,,,,,,,"JT Chargois",13767,608638
"Zach Eflin","PHI",163.1,0.33644496,,0.0050564,,,0.21859199,0.30727343,0.05367561,,,0.0789576,,,,"Zach Eflin",13774,621107
"Daniel Stumpf","DET",29,0.5210728,,,,,,0.37931034,,,,0.09961686,,,,"Daniel Stumpf",13780,621385
"Alex Wood","CIN",35.2,0.02047782,,,,,0.48293515,,,0.24573379,,0.25085324,,,,"Alex Wood",13781,622072
"Matt Strahm","SDP",114.2,0.35718278,,0.30072666,,,0.0273896,,0.17551705,,,0.1391839,,,,"Matt Strahm",13799,621381
"Austin Adams","- - -",32,0.32830189,,,,,0.03584906,0.63584906,,,,,,,,"Austin Adams",13801,613534
"Walker Lockett","NYM",22.2,0.45528455,,,,,0.100271,,0.24119241,,,0.20325203,,,,"Walker Lockett",13804,621141
"Kevin Plawecki","CLE",2,0.89473684,,,,,,,0.10526316,,,,,,,"Kevin Plawecki",13807,608700
"Alec Mills","CHC",36,0.3074141,,,,,0.23508137,0.11030741,0.15551537,,,0.19168174,,,,"Alec Mills",13834,621219
"Paul Sewald","NYM",19.2,0.6969697,,,,,0.00909091,0.25757576,,,,0.03636364,,,,"Paul Sewald",13892,623149
"Chris Flexen","NYM",13.2,0.60583942,,0.2189781,,,0.01094891,,0.03649635,,,0.12773723,,,,"Chris Flexen",13896,623167
"Scott Oberg","COL",56,0.52004454,,,,,0.00222717,0.43318486,,,,0.04454343,,,,"Scott Oberg",13911,623184
"Brent Suter","MIL",18.1,0.74248927,,,,,0.03862661,,0.03433476,,,0.18454936,,,,"Brent Suter",13942,608718
"Tim Peterson","NYM",7.1,0.54225352,,,,,0.00704225,0.12676056,,,,0.32394366,,,,"Tim Peterson",13946,623402
"Ryan Dull","- - -",12.2,0.53174603,,,,,,0.40873016,,,,0.05952381,,,,"Ryan Dull",13974,623430
"Ryan Garton","SEA",3,0.55555556,,0.17460317,,,,0.0952381,0.17460317,,,,,,,"Ryan Garton",14016,623439
"Michael Wacha","STL",126.2,0.49522076,,0.15430132,,,0.00910332,,0.10332271,,,0.23805189,,,,"Michael Wacha",14078,608379
"Branden Kline","BAL",41,0.57485876,,,,,,0.34039548,,,,0.08474576,,,,"Branden Kline",14101,571858
"Kevin Gausman","- - -",102.1,0.57003654,,,0.37697929,,,0.0182704,,,,0.03471376,,,,"Kevin Gausman",14107,592332
"José Rondón","CHW",1,,,,,,,0.75,0.25,,,,,,,"Jose Rondon",14140,602922
"Daniel Robertson","TBR",1,1,,,,,,,,,,,,,,"Daniel Robertson",14145,621002
"Chris Mazza","NYM",16.1,0.03169014,,0.24647887,,,0.47887324,0.20070423,,,,0.04225352,,,,"Chris Mazza",14151,607391
"José Berríos","MIN",200.1,0.32215837,,,,,0.23052363,,0.28863346,,,0.15868455,,,,"Jose Berrios",14168,621244
"Kyle Zimmer","KCR",18.1,0.61149425,,,,,,0.25747126,0.08275862,,,0.04827586,,,,"Kyle Zimmer",14169,622092
"Josh Hader","MIL",75.2,,,,,,0.8428446,0.15452151,,,,0.00263389,,,,"Josh Hader",14212,623352
"Ray Black","- - -",16,0.75285171,,,,,,0.24714829,,,,,,,,"Ray Black",14244,605143
"Brian Johnson","BOS",40.1,0.36528497,,,,,0.00647668,0.26683938,0.34585492,,,0.01554404,,,,"Brian Johnson",14272,598271
"Luke Bard","LAA",49,0.34634761,,,,,0.09571788,0.50377834,,,,0.05415617,,,,"Luke Bard",14288,572703
"Wandy Peralta","- - -",39.2,0.11472868,,,,,0.25581395,0.38139535,,,,0.24806202,,,,"Wandy Peralta",14295,593974
"Frankie Montas","OAK",96,0.18720539,,,0.18249158,,0.38047138,0.24983165,,,,,,,,"Frankie Montas",14309,593423
"Joel Payamps","ARI",4,0.48484848,,,,,0.10606061,0.36363636,,,,0.04545455,,,,"Joel Payamps",14332,606303
"Williams Jerez","- - -",10.1,0.55497382,,,,,,0.32460733,,,,0.12041885,,,,"Williams Jerez",14338,605301
"Caleb Frare","CHW",2.2,0.60377358,,,,,,0.39622642,,,,,,,,"Caleb Frare",14353,621350
"Ty Blach","- - -",27,,,0.07307692,,,0.56730769,0.01346154,0.08653846,,,0.25961538,,,,"Ty Blach",14361,621389
"Tyler Glasnow","TBR",60.2,0.67184035,,,,,,,0.29268293,,,0.03547672,,,,"Tyler Glasnow",14374,607192
"Amir Garrett","CIN",56,0.10748156,,,,,0.31296101,0.57955743,,,,,,,,"Amir Garrett",14375,607237
"Wei-Chung Wang","- - -",31,0.43737958,,,,,0.00192678,0.37572254,0.02504817,,,0.15992293,,,,"Wei-Chung Wang",14382,623913
"Yohander Méndez","TEX",4.2,0.45,,,,,,0.18,,,,0.37,,,,"Yohander Mendez",14391,622795
"Hyun Jin Ryu","LAD",182.2,0.27292899,,0.1941568,,,0.13350592,0.00295858,0.12204142,,,0.27440828,,,,"Hyun Jin Ryu",14444,547943
"Adam Conley","MIA",60.2,0.61734213,,,,,,0.13949105,0.07445806,,,0.16870877,,,,"Adam Conley",14457,543045
"Matt Ramsey","LAA",1,0.63636364,,,,,,,0.36363636,,,,,,,"Matt Ramsey",14460,543677
"J.B. Wendelken","OAK",32.2,0.54226804,,,,,0.06391753,0.04948454,0.17938144,,,0.16494845,,,,"J.B. Wendelken",14506,605525
"Randy Rosario","- - -",14.1,0.13901345,,,,,0.55605381,0.30044843,0.0044843,,,,,,,"Randy Rosario",14508,600968
"Dereck Rodríguez","SFG",99,0.40264423,,0.13942308,,,0.08233173,,0.16887019,,,0.20673077,,,,"Dereck Rodriguez",14509,605446
"Thyago Vieira","CHW",7,0.65680473,,,,,0.02366864,0.25443787,0.00591716,,,0.0591716,,,,"Thyago Vieira",14510,600986
"José Leclerc","TEX",68.2,0.41019608,,,,,0.08784314,0.37098039,0.01254902,,,0.11843137,,,,"Jose Leclerc",14524,600917
"Jorge López","KCR",123.2,0.31860126,,,,,0.22486644,0.06022341,,0.3215153,,0.07479359,,,,"Jorge Lopez",14527,605347
"Carlos Estévez","COL",72,0.675,,,,,0.01774194,0.27177419,,,,0.03548387,,,,"Carlos Estevez",14542,608032
"José Ruiz","CHW",40,0.61620186,,,,,,0.2377158,0.01328021,,,0.13280212,,,,"Jose Ruiz",14552,614179
"James Hoyt","CLE",8.1,0.06504065,,,,,0.33333333,0.44715447,,,,0.15447154,,,,"James Hoyt",14605,624586
"Rowan Wick","CHC",33.1,0.66098807,,0.02385009,,,,0.03747871,,0.27768313,,,,,,"Rowan Wick",14646,592858
"Chi Chi González","COL",63,0.42183406,,0.28296943,,,0.11703057,0.06462882,,,,0.11353712,,,,"Chi Chi Gonzalez",14663,592346
"Jandel Gustave","SFG",24.1,0.51575931,,,,,0.20057307,0.28366762,,,,,,,,"Jandel Gustave",14665,594311
"Dillon Maples","CHC",11.2,0.28691983,,,,,0.0464135,0.59493671,0.07172996,,,,,,,"Dillon Maples",14672,596027
"Duane Underwood Jr.","CHC",11.2,0.56190476,,,,,0.03809524,,0.15238095,,,0.24761905,,,,"Duane Underwood Jr.",14677,621249
"Luis Perdomo","SDP",72,0.00288184,,,0.1104707,,0.54274736,0.3439001,,,,,,,,"Luis Perdomo",14682,606131
"Keone Kela","PIT",29.2,0.53174603,,,,,,,0.43849206,,,0.0297619,,,,"Keone Kela",14696,605309
"Anthony Banda","TBR",4,0.55932203,,0.06779661,,,,,0.03389831,,,0.33898305,,,,"Anthony Banda",14706,607455
"Brady Lail","NYY",2.2,0.45652174,,,,,,0.10869565,0.02173913,,,0.41304348,,,,"Brady Lail",14707,621078
"Edwin Díaz","NYM",58,0.65858209,,,,,0.00279851,0.3386194,,,,,,,,"Edwin Diaz",14710,621242
"Ty Buttrey","LAA",72.1,0.57024793,,,,,0.00082645,0.29504132,,,,0.1338843,,,,"Ty Buttrey",14719,621142
"José Manuel Fernández","DET",3.2,0.41558442,,,,,0.14285714,0.19480519,0.24675325,,,,,,,"Jose Manuel Fernandez",14733,622774
"Paul Blackburn","OAK",11,0.11160714,,0.11160714,,,0.40178571,0.10267857,0.21428571,,,0.05803571,,,,"Paul Blackburn",14739,621112
"Tyler Olson","CLE",30.2,0.42357274,,,,,0.02578269,,0.4198895,,,0.13075506,,,,"Tyler Olson",14741,621397
"Wes Parsons","- - -",34.2,0.20879121,,,,,0.36577708,0.36263736,,,,0.06279435,,,,"Wes Parsons",14764,641149
"Julio Urías","LAD",79.2,0.58482143,,,,,0.01860119,0.17261905,0.0610119,,,0.16294643,,,,"Julio Urias",14765,628711
"Emilio Pagán","TBR",70,0.61488372,,0.36465116,,,,,0.02046512,,,,,,,"Emilio Pagan",14771,641941
"Ryan Eades","- - -",11.1,0.48514851,,,,,,0.37623762,,,,0.13861386,,,,"Ryan Eades",14808,592280
"Kyle Farmer","CIN",1.1,,,,,,,,,,,,,,,"Kyle Farmer",14813,571657
"Buck Farmer","DET",67.2,0.48875433,,,,,,0.2517301,,,,0.25951557,,,,"Buck Farmer",14814,571656
"Dylan Covey","CHW",58.2,0.17797443,,0.21238938,0.18190757,,0.32841691,,0.09832842,,,0.00098328,,,,"Dylan Covey",14825,592229
"Michael Lorenzen","CIN",83.1,0.21263482,,0.26502311,,,0.15716487,0.09784284,0.07241911,,,0.19491525,,,,"Michael Lorenzen",14843,547179
"Joe Mantiply","NYY",3,,,,,,0.51923077,,0.30769231,,,0.17307692,,,,"Joe Mantiply",14857,573009
"Zack Godley","- - -",92,0.00064599,,0.1627907,,,0.35529716,,,0.42118863,,0.06007752,,,,"Zack Godley",14862,643327
"Nick Rumbelow","SEA",1.1,0.47368421,,,,,,0.36842105,,,,0.15789474,,,,"Nick Rumbelow",14867,592705
"Caleb Smith","MIA",153.1,0.53776776,,,,,,0.3156708,,,,0.14656144,,,,"Caleb Smith",14875,592761
"Taylor Williams","MIL",14.2,0.61048689,,,,,0.02247191,0.31086142,,,,0.05617978,,,,"Taylor Williams",14899,592865
"Jon Gray","COL",150,0.51203039,,,,,0.01224145,0.33558463,0.11101731,,,0.02912621,,,,"Jon Gray",14916,592351
"Ben Lively","KCR",1,0.51851852,,,,,0.03703704,,0.44444444,,,,,,,"Ben Lively",14932,594902
"Rookie Davis","PIT",10.2,0.40104167,,0.01041667,,,0.32291667,0.08333333,0.03645833,,,0.14583333,,,,"Rookie Davis",14962,606959
"Reyes Moronta","SFG",56.2,0.58317215,,,,,,0.34719536,,,,0.0696325,,,,"Reyes Moronta",14966,606625
"Victor Caratini","CHC",2,0.66666667,,,,,,0.33333333,,,,,,,,"Victor Caratini",14968,605170
"Tyler Webb","STL",55,0.3740113,,,,,0.27909605,,0.15367232,,,0.19322034,,,,"Tyler Webb",14974,643778
"Giovanny Gallegos","STL",74,0.55202822,,,,,,0.44179894,,,,0.00617284,,,,"Giovanny Gallegos",14986,606149
"Scott Barlow","KCR",70.1,0.34892638,,,,,0.08128834,0.43558282,0.13266871,,,0.00153374,,,,"Scott Barlow",14993,605130
"Yacksel Ríos","- - -",13,0.3164557,,,,,0.28691983,0.15611814,0.11392405,,,0.12658228,,,,"Yacksel Rios",15007,605441
"Alex Reyes","STL",3,0.30985915,,,,,0.28169014,0.14084507,0.14084507,,,0.12676056,,,,"Alex Reyes",15015,621052
"Victor Alcántara","DET",42.2,,,,,,0.7496361,0.09170306,,,,0.15866084,,,,"Victor Alcantara",15028,622505
"Chase De Jong","MIN",1,0.63043478,,,,,,0.15217391,0.15217391,,,0.06521739,,,,"Chase De Jong",15036,608328
"Germán Márquez","COL",174,0.3543578,,,,,0.16972477,0.21139144,,0.23470948,,0.02981651,,,,"German Marquez",15038,608566
"Tim Mayza","TOR",51.1,0.19218241,,,,,0.45168295,0.35613464,,,,,,,,"Tim Mayza",15042,641835
"Lou Trivino","OAK",60,0.33924843,,0.33298539,,,0.1743215,0.00104384,0.10438413,,,0.0480167,,,,"Lou Trivino",15043,642152
"Trevor Gott","SFG",52.2,0.66813187,,,,,0.1010989,0.01428571,0.17802198,,,0.03846154,,,,"Trevor Gott",15046,641627
"Austin Voth","WSN",43.2,0.60380117,,,,,,0.1125731,0.20321637,,,0.08040936,,,,"Austin Voth",15047,608723
"Jaime Schultz","LAD",5,0.51041667,,,,,,0.13541667,0.16666667,,,0.1875,,,,"Jaime Schultz",15066,621289
"Yency Almonte","COL",34,0.56578947,,,,,0.00493421,0.39967105,,,,0.02960526,,,,"Yency Almonte",15068,622075
"Kyle McGowin","WSN",16,0.03691275,,,,,0.47986577,0.43624161,0.01342282,,,0.03355705,,,,"Kyle McGowin",15071,641851
"Hunter Wood","- - -",45.1,0.55585106,,,,,,0.28058511,0.05053191,,,0.11303191,,,,"Hunter Wood",15091,621056
"Ben Heller","NYY",7.1,0.49019608,,,,,,0.43137255,,,,0.07843137,,,,"Ben Heller",15100,621294
"Luke Farrell","TEX",13.1,0.52358491,,,,,,0.3490566,0.12735849,,,,,,,"Luke Farrell",15101,608652
"Jimmie Sherfy","ARI",18.1,0.36392405,,,,,,0.50949367,0.06329114,,,0.06329114,,,,"Jimmie Sherfy",15118,642073
"Drew Anderson","PHI",6,0.375,,0.21153846,,,0.11538462,,0.25961538,,,0.03846154,,,,"Drew Anderson",15130,623454
"Jake Newberry","KCR",31,0.51948052,,,,,0.00742115,0.44526902,,,,0.02782931,,,,"Jake Newberry",15136,623470
"Jimmy Yacabonis","BAL",41,0.06493506,,,,,0.57142857,0.2974026,,,,0.06623377,,,,"Jimmy Yacabonis",15157,642231
"Glenn Sparkman","KCR",136,0.60712714,,0.00043995,,,,0.09810823,0.1658601,,,0.12846458,,,,"Glenn Sparkman",15200,642098
"Tyler Bashlor","NYM",22,0.62303665,,,,,,0.2565445,,,,0.12041885,,,,"Tyler Bashlor",15203,641341
"Brandon Dixon","DET",2,0.57142857,,,,,,,0.42857143,,,,,,,"Brandon Dixon",15214,641525
"Aaron Slegers","TBR",3,0.30952381,,,,,0.35714286,0.23809524,,,,0.0952381,,,,"Aaron Slegers",15231,642083
"Cody Reed","CIN",6.1,0.01724138,,,,,0.5,0.39655172,,,,0.0862069,,,,"Cody Reed",15232,642003
"Kevin McCarthy","KCR",60.1,0.03107658,,,,,0.57158713,0.11098779,0.06326304,,,0.22308546,,,,"Kevin McCarthy",15240,641838
"Cole Sulser","TBR",7.1,0.63846154,,,,,,0.26923077,,,,0.09230769,,,,"Cole Sulser",15256,642121
"Shane Carle","ATL",9.1,0.44385027,,,,,,0.13368984,0.19251337,,,0.22994652,,,,"Shane Carle",15258,641438
"Keynan Middleton","LAA",7.2,0.57342657,,,,,,0.1958042,,,,0.23076923,,,,"Keynan Middleton",15264,641871
"Jacob Rhame","NYM",6.1,0.67768595,,,0.2231405,,,0.09917355,,,,,,,,"Jacob Rhame",15267,642008
"Zac Reininger","DET",28,0.33208255,,,,,0.26641651,0.23452158,0.12757974,,,0.03939962,,,,"Zac Reininger",15285,643617
"Adam Cimber","CLE",56.2,0.16938519,,,,,0.50815558,0.32245922,,,,,,,,"Adam Cimber",15288,643256
"Austin Pruitt","TBR",47,0.42916667,,,,,0.00972222,0.23333333,0.13611111,,,0.19166667,,,,"Austin Pruitt",15290,643493
"Steven Brault","PIT",113.1,0.50624688,,0.14642679,,,0.13443278,0.06046977,0.01049475,,,0.14192904,,,,"Steven Brault",15291,643230
"Donnie Hart","- - -",7.2,,,,,,0.61538462,0.25,,,,0.13461538,,,,"Donnie Hart",15306,643354
"Andrew Heaney","LAA",95.1,,,,,,0.57938389,,0.26954976,,,0.15106635,,,,"Andrew Heaney",15423,571760
"Matthew Boyd","DET",185.1,0.4979039,,0.00032248,,,0.03934215,0.36214124,0.03966462,,,0.0606256,,,,"Matthew Boyd",15440,571510
"Mike Mayers","STL",19,0.51764706,,0.00294118,,,,0.37647059,0.08529412,,,0.01764706,,,,"Mike Mayers",15451,594577
"Nick Pivetta","PHI",93.2,0.49289685,,,,,0.02161828,0.12415071,,0.35206918,,0.00926498,,,,"Nick Pivetta",15454,601713
"José De León","TBR",4,0.5375,,0.025,,,0.0375,,,,,0.4,,,,"Jose De Leon",15463,592254
"Marco Gonzales","SEA",203,0.3940544,,0.20651486,,,,,0.15876028,,,0.24067046,,,,"Marco Gonzales",15467,594835
"Lucas Giolito","CHW",176.2,0.55017794,,,,,,0.14733096,0.04128114,,,0.26120996,,,,"Lucas Giolito",15474,608337
"Antonio Senzatela","COL",124.2,0.61913277,,,,,,0.19490389,0.10639249,,,0.07957085,,,,"Antonio Senzatela",15488,622608
"Kohl Stewart","MIN",25.1,0.06510417,,,,,0.484375,0.3203125,0.09114583,,,0.0390625,,,,"Kohl Stewart",15502,640464
"Hunter Harvey","BAL",6.1,0.6962963,,,0.15555556,,,,0.14814815,,,,,,,"Hunter Harvey",15507,640451
"Eric Yardley","SDP",11.2,0.00552486,,,,,0.66850829,,0.32596685,,,,,,,"Eric Yardley",15538,642233
"Tyler Rogers","SFG",17.2,0.10077519,,,,,0.57364341,0.3255814,,,,,,,,"Tyler Rogers",15541,643511
"Chad Green","NYY",69,0.77097506,,,0.01738473,,0.00226757,0.20937264,,,,,,,,"Chad Green",15552,643338
"Tyler White","HOU",3.1,,,,,,,0.19318182,0.69318182,,,0.11363636,,,,"Tyler White",15564,643603
"Mike Ford","NYY",2,,,,,,,0.26190476,0.5,,,0.23809524,,,,"Mike Ford",15585,645801
"Nick Wittgren","CLE",57.2,0.66391753,,,,,,0.18865979,0.00103093,,,0.14639175,,,,"Nick Wittgren",15594,621295
"Phillips Valdez","TEX",16,0.01351351,,,,,0.57094595,0.05405405,0.00337838,,,0.35810811,,,,"Phillips Valdez",15605,570488
"Yefry Ramírez","- - -",24.1,0.36853448,,,,,0.1487069,0.14439655,0.03448276,,,0.30387931,,,,"Yefry Ramirez",15655,606162
"Miguel Castro","BAL",73.1,,,,,,0.48944805,0.31087662,,,,0.19967532,,,,"Miguel Castro",15684,612434
"Luis Castillo","CIN",190.2,0.29703293,,,,,0.20834692,0.16922074,,,,0.32539941,,,,"Luis Castillo",15689,622491
"Jimmy Cordero","- - -",37.1,0.18819188,,0.06826568,,,0.49815498,0.07195572,,,,0.17343173,,,,"Jimmy Cordero",15690,622772
"Brad Keller","KCR",165.1,0.41718923,,,,,0.25230542,0.31390631,,,,0.01659904,,,,"Brad Keller",15734,641745
"Joe Jiménez","DET",59.2,0.68371212,,,,,,0.25852273,,,,0.05776515,,,,"Joe Jimenez",15761,641729
"Masahiro Tanaka","NYY",182,0.27520632,,0.01614639,0.2665949,,0.04628633,0.36383208,0.03193398,,,,,,,"Masahiro Tanaka",15764,547888
"Devin Williams","MIL",13.2,0.61023622,,0.01574803,,,,0.00787402,,,,0.36614173,,,,"Devin Williams",15816,642207
"Dario Agrazal","PIT",73.1,0.12456446,,,,,0.55226481,0.18902439,,,,0.13414634,,,,"Dario Agrazal",15821,642607
"Zack Littell","MIN",37,0.48998179,,,,,0.00182149,0.47540984,0.01092896,,,0.02185792,,,,"Zack Littell",15823,641793
"Paul Fry","BAL",57.1,0.5232342,,,,,,0.46282528,,,,0.01394052,,,,"Paul Fry",15832,643316
"Adam Plutko","CLE",109.1,0.53901895,,0.23968785,,,,0.00445931,0.10479376,,,0.11204013,,,,"Adam Plutko",15846,592644
"Wander Suero","WSN",71.1,0.00165289,,0.7214876,,,,,0.07107438,,,0.20578512,,,,"Wander Suero",15855,593833
"Stephen Tarpley","NYY",24.2,0.18285714,,,,,0.32190476,0.47428571,0.01714286,,,0.00380952,,,,"Stephen Tarpley",15859,605501
"Sean Manaea","OAK",29.2,,,,,,0.63513514,0.21171171,0.0045045,,,0.14864865,,,,"Sean Manaea",15873,640455
"Fernando Romero","MIN",14,0.06115108,,,,,0.59352518,0.28776978,,,,0.05755396,,,,"Fernando Romero",15885,622864
"Luis Severino","NYY",12,0.56621005,,,,,,0.26940639,,,,0.16438356,,,,"Luis Severino",15890,622663
"Lewis Thorpe","MIN",27.2,0.51219512,,,,,,0.19715447,0.17479675,,,0.11585366,,,,"Lewis Thorpe",15906,626929
"Víctor Arano","PHI",4.2,0.22058824,,,,,0.16176471,0.61764706,,,,,,,,"Victor Arano",15915,644364
"Ryne Stanek","- - -",77,0.55701079,,,0.20724191,,,0.2357473,,,,,,,,"Ryne Stanek",15947,592773
"Keury Mella","CIN",3.2,0.77419355,,,,,,0.06451613,,,,0.16129032,,,,"Keury Mella",15964,622492
"Odrisamer Despaigne","CHW",13.1,0.38823529,,0.2,,,0.15294118,0.11764706,0.0745098,,0.00392157,0.0627451,,,,"Odrisamer Despaigne",16017,628333
"Stevie Wilkerson","BAL",5.1,0.22222222,,,,,,0.04444444,,,,0.73333333,,,,"Stevie Wilkerson",16041,592859
"Stefan Crichton","ARI",30.1,0.02132196,,,,,0.61407249,0.0021322,0.32835821,,,0.03411514,,,,"Stefan Crichton",16058,592233
"Nick Burdi","PIT",8.2,0.45283019,,,,,,0.54716981,,,,,,,,"Nick Burdi",16074,595897
"Edubray Ramos","PHI",15,0.36491228,,,,,,0.54385965,,,,0.09122807,,,,"Edubray Ramos",16086,591693
"Cy Sneed","HOU",21.1,0.61918605,,0.0755814,,,0.00872093,0.12209302,0.05813953,,,0.11627907,,,,"Cy Sneed",16106,605482
"Daniel Ponce de Leon","STL",48.2,0.70731707,,0.13356562,,,,0.00116144,0.08478513,,,0.07317073,,,,"Daniel Ponce de Leon",16110,594965
"Jordan Romano","TOR",15.1,0.63344051,,,,,0.00321543,0.36334405,,,,,,,,"Jordan Romano",16122,605447
"Chris Ellis","KCR",1,0.35294118,,,,,,0.29411765,0.35294118,,,,,,,"Chris Ellis",16125,595939
"John Curtiss","LAA",2.1,0.5625,,,,,,0.4375,,,,,,,,"John Curtiss",16128,595928
"David Hess","BAL",80,0.53426573,,,,,0.05734266,0.24615385,0.04545455,,,0.11678322,,,,"David Hess",16130,605276
"Justin Shafer","TOR",39.2,0.46721311,,0.19125683,,,0.07103825,0.2704918,,,,,,,,"Justin Shafer",16132,596101
"Carlos Rodón","CHW",34.2,0.5158046,,,,,0.00431034,0.37212644,,,,0.10775862,,,,"Carlos Rodon",16137,607074
"Aaron Nola","PHI",202.1,0.35424797,,,,,0.10777544,,,0.35244671,,0.18552987,,,,"Aaron Nola",16149,605400
"Eric Skoglund","KCR",21,0.39493671,,,,,0.2,,0.23037975,,,0.17468354,,,,"Eric Skoglund",16155,607215
"Jace Fry","CHW",55,0.11764706,,0.49525617,,,0.12523719,,0.18595825,,,0.07590133,,,,"Jace Fry",16159,605240
"Brandon Woodruff","MIL",121.2,0.38309717,,,,,0.25759109,0.19787449,0.0187247,,,0.14271255,,,,"Brandon Woodruff",16162,605540
"Chandler Shepherd","BAL",19,0.47169811,,,,,,0.27672956,0.14465409,,,0.10691824,,,,"Chandler Shepherd",16166,605469
"Justin Anderson","LAA",47,0.40848214,,,,,0.06138393,0.52120536,,,,0.00892857,,,,"Justin Anderson",16201,605121
"Spencer Turnbull","DET",148.1,0.44791275,,,,,0.19518616,0.2064686,0.12109816,,,0.02933434,,,,"Spencer Turnbull",16207,605513
"AJ Reed","CHW",1,0.25,,,,,,,,,,0.75,,,,"AJ Reed",16246,607223
"Kyle Freeland","COL",104.1,0.41441441,,,,,0.09628378,0.30349099,0.06081081,,,0.125,,,,"Kyle Freeland",16256,607536
"Aaron Bummer","CHW",67.2,0.08549472,,0.1690682,,,0.6753122,0.06340058,0.00096061,,,0.00576369,,,,"Aaron Bummer",16258,607481
"Sam Howard","COL",19,0.44125326,,,,,,0.55874674,,,,,,,,"Sam Howard",16265,607572
"John Means","BAL",155,0.50746269,,,,,,0.14402985,0.04104478,0.01828358,,0.2891791,,,,"John Means",16269,607644
"Jesus Tinoco","COL",36,0.04707792,,,0.00974026,,0.57792208,0.27922078,0.08603896,,,,,,,"Jesus Tinoco",16300,622786
"Gerardo Reyes","SDP",26,0.59606987,,,,,0.1441048,0.24235808,0.01746725,,,,,,,"Gerardo Reyes",16306,622103
"Alex McRae","PIT",26.2,0.18712274,,,,,0.39235412,0.1971831,0.13480885,,,0.08853119,,,,"Alex McRae",16317,656725
"Ricardo Pinto","TBR",2.1,,,,,,0.66666667,,,,,0.33333333,,,,"Ricardo Pinto",16318,620982
"Ryan Borucki","TOR",6.2,,,,,,0.52258065,0.27096774,,,,0.20645161,,,,"Ryan Borucki",16350,621366
"Tyler Mahle","CIN",129.2,0.57109448,,0.0696913,0.12768943,,,,0.23152479,,,,,,,"Tyler Mahle",16358,641816
"Brad Wieck","- - -",34.2,0.77373418,,,,,,0.11075949,0.03797468,0.07753165,,,,,,"Brad Wieck",16390,623364
"Reynaldo López","CHW",184,0.58525783,,,,,,0.18253717,0.08383423,,,0.14837077,,,,"Reynaldo Lopez",16400,625643
"Yonny Chirinos","TBR",133.1,0.00957179,,,0.22468514,,0.55012594,0.21561713,,,,,,,,"Yonny Chirinos",16401,630023
"Richard Urena","TOR",1,0.10714286,,,,,0.03571429,,0.53571429,,,0.32142857,,,,"Richard Urena",16411,620446
"James Norwood","CHC",9.1,0.63106796,,,0.18446602,,0.00485437,0.17961165,,,,,,,,"James Norwood",16440,656803
"Matt Wotherspoon","BAL",4.2,0.62135922,,,,,,0.21359223,,,,0.16504854,,,,"Matt Wotherspoon",16452,642226
"Joe Harvey","- - -",18,0.75900277,,,,,,0.22160665,,,,0.01939058,,,,"Joe Harvey",16459,642840
"Ryan Yarbrough","TBR",141.2,0.23709834,,0.36757546,,,0.0053554,,0.1338851,,,0.25608569,,,,"Ryan Yarbrough",16502,642232
"Dan Altavilla","SEA",14.2,0.59285714,,,,,,0.40714286,,,,,,,,"Dan Altavilla",16507,656186
"Jordan Montgomery","NYY",4,0.06097561,,,,,0.43902439,,0.31707317,,,0.18292683,,,,"Jordan Montgomery",16511,656756
"Harrison Musgrave","COL",10,0.28365385,,,,,0.25,0.375,,,,0.09134615,,,,"Harrison Musgrave",16532,643466
"Erik Swanson","SEA",58,0.67216495,,,,,,0.18350515,,,,0.1443299,,,,"Erik Swanson",16587,657024
"Jonathan Holder","NYY",41.1,0.54545455,,0.04040404,,,,0.24963925,,,,0.16450216,,,,"Jonathan Holder",16588,656547
"Bryan Abreu","HOU",8.2,0.17123288,,,,,0.15068493,0.41780822,0.23972603,,,0.02054795,,,,"Bryan Abreu",16609,650556
"Kyle Bird","TEX",12.2,0.24583333,,,,,0.29166667,0.4625,,,,,,,,"Kyle Bird",16618,613317
"Jeff Brigham","MIA",38.1,0.51449275,,,,,,0.48550725,,,,,,,,"Jeff Brigham",16631,656257
"Brock Stewart","- - -",25.2,0.05349794,,,,,0.48765432,0.32510288,,,,0.13374486,,,,"Brock Stewart",16727,592779
"Montana DuRapau","PIT",17.1,0.4587156,,0.37003058,,,,,0.13761468,,,0.03363914,,,,"Montana DuRapau",16768,657566
"Josh James","HOU",61.1,0.63339223,,,,,,0.204947,0.01590106,,,0.14575972,,,,"Josh James",16794,657624
"Tim Hill","KCR",39.2,0.31437599,,,,,0.44075829,0.24486572,,,,,,,,"Tim Hill",16814,657612
"Locke St. John","TEX",6.2,0.32885906,,,,,0.22818792,0.27516779,,,,0.16778523,,,,"Locke St. John",16850,657766
"Reed Garrett","DET",15.1,0.64576803,,,0.02821317,,,0.07210031,0.2539185,,,,,,,"Reed Garrett",16866,657585
"Aaron Wilkerson","MIL",16,0.5045045,,,,,,0.17417417,0.17117117,,,0.15015015,,,,"Aaron Wilkerson",16904,658792
"Luke Weaver","ARI",64.1,0.52041785,,0.12060779,,,0.00094967,0.01899335,0.09116809,,,0.24786325,,,,"Luke Weaver",16918,596133
"Touki Toussaint","ATL",41.2,0.24421594,,,0.23393316,,0.24807198,,0.27377892,,,,,,,"Touki Toussaint",16929,657053
"Elieser Hernández","MIA",82.1,0.53606103,,,,,0.01733703,0.33287101,,,,0.11373093,,,,"Elieser Hernandez",16933,622694
"Luis F. Ortiz","BAL",3.1,0.45,,,,,0.1125,0.175,0.125,,,0.1375,,,,"Luis F. Ortiz",16942,656814
"Sean Newcomb","ATL",68.1,0.65198984,,,,,,0.08128704,0.19729043,,,0.06943268,,,,"Sean Newcomb",16943,656794
"Jake Jewell","LAA",26.1,0.37864078,,,,,0.11893204,0.35679612,,,,0.14563107,,,,"Jake Jewell",16958,657228
"Trevor Williams","PIT",145.2,0.51912333,,,,,0.14997851,0.20068758,0.0090245,,,0.12118608,,,,"Trevor Williams",16977,592866
"Daniel Mengden","OAK",59.2,0.32251908,,0.14503817,,,0.20324427,0.12118321,0.09732824,,,0.11068702,,,,"Daniel Mengden",16980,596043
"Tyler Beede","SFG",117,0.56120434,,,,,0.00049358,0.11451135,0.13721619,,,0.18657453,,,,"Tyler Beede",16981,595881
"Trevor Hildenberger","MIN",16.1,0.05214724,,,,,0.3190184,0.2607362,,,,0.36809816,,,,"Trevor Hildenberger",17002,657610
"Jefry Rodriguez","CLE",46.2,0.28443878,,,,,0.39668367,,0.22959184,,,0.08928571,,,,"Jefry Rodriguez",17018,622446
"Ariel Jurado","TEX",122.1,0.22933985,,,,,0.41271394,0.15012225,0.08948655,,,0.11833741,,,,"Ariel Jurado",17030,642558
"Sean Reid-Foley","TOR",31.2,0.48529412,,,,,0.01470588,0.33986928,0.07352941,,,0.08660131,,,,"Sean Reid-Foley",17034,656887
"Joe Palumbo","TEX",16.2,0.57272727,,,,,,,0.25151515,,,0.17575758,,,,"Joe Palumbo",17035,643478
"Pablo López","MIA",111.1,0.42387061,,,,,0.16341327,,0.19241495,,,0.22030117,,,,"Pablo Lopez",17085,641154
"Austin Davis","PHI",20.2,0.57985258,,,,,,0.06633907,0.17199017,,,0.18181818,,,,"Austin Davis",17117,656354
"Raisel Iglesias","CIN",67,0.37309417,,,,,0.1058296,0.30672646,,,,0.21434978,,,,"Raisel Iglesias",17130,628452
"Domingo Germán","NYY",143,0.3435692,,,,,0.10502893,,0.36137072,,,0.19003115,,,,"Domingo German",17149,593334
"Gabe Speier","KCR",7.1,0.5620915,,,,,0.05882353,0.36601307,,,,0.0130719,,,,"Gabe Speier",17170,642100
"Yoan López","ARI",60.2,0.57109827,,,,,,0.39421965,,,,0.03468208,,,,"Yoan Lopez",17181,661255
"Dinelson Lamet","SDP",73,0.35876623,,,,,0.1875,0.12175325,0.31655844,,,0.01542208,,,,"Dinelson Lamet",17186,659275
"Jalen Beeks","TBR",104.1,0.44010989,,0.05659341,,,0.0010989,,0.18846154,,,0.31373626,,,,"Jalen Beeks",17192,656222
"Austin Brice","MIA",44.2,0.31450578,,,,,0.19512195,,0.44672657,,,0.0436457,,,,"Austin Brice",17237,592169
"Sam Coonrod","SFG",27.2,0.32079646,,,,,0.33185841,0.17035398,,,,0.17699115,,,,"Sam Coonrod",17264,656322
"Ranger Suárez","PHI",48.2,0.23460026,,,,,0.29357798,0.20183486,,,,0.26998689,,,,"Ranger Suarez",17277,624133
"Thomas Pannone","TOR",73,0.61673307,,,,,,0.00079681,0.22868526,,,0.15378486,,,,"Thomas Pannone",17281,623381
"Justus Sheffield","SEA",36,0.47845468,,,,,,0.35661218,0.00148588,,,0.16344725,,,,"Justus Sheffield",17285,656954
"Javy Guerra","SDP",8.2,0.32835821,,,,,0.44029851,0.23134328,,,,,,,,"Javy Guerra",17292,642770
"Framber Valdez","HOU",70.2,0.17957447,,,,,0.41191489,,0.34212766,,,0.06638298,,,,"Framber Valdez",17295,664285
"Luis Escobar","PIT",5.2,0.39423077,,,,,0.28846154,,0.125,,,0.19230769,,,,"Luis Escobar",17345,650813
"Josh Taylor","BOS",47.1,0.45778835,,0.00237812,,,0.14268728,0.3745541,0.02140309,,,0.00118906,,,,"Josh Taylor",17359,657031
"Brett Martin","TEX",62.1,0.28962818,,,,,0.23287671,0.33953033,0.13796477,,,,,,,"Brett Martin",17369,656685
"Erick Fedde","WSN",78,0.00854701,,0.17249417,,,0.55011655,,0.1981352,,,0.07070707,,,,"Erick Fedde",17425,607200
"Jeff Hoffman","COL",70,0.58757962,,,0.11305732,,,0.01035032,0.28821656,,,0.00079618,,,,"Jeff Hoffman",17432,656546
"Jonathan Hernández","TEX",16.2,0.02409639,,,,,0.46084337,0.35542169,,,,0.15963855,,,,"Jonathan Hernandez",17464,642546
"Heath Fillmyer","KCR",22.1,0.45253863,,,,,0.0816777,0.19205298,0.09713024,,,0.17660044,,,,"Heath Fillmyer",17466,641571
"Chad Sobotka","ATL",29,0.55950266,,,,,0.0053286,0.43161634,,,,0.0035524,,,,"Chad Sobotka",17470,656977
"Jack Flaherty","STL",196.1,0.46429695,,,,,0.11921988,0.27555835,,0.12047814,0.00031456,0.02013212,,,,"Jack Flaherty",17479,656427
"Génesis Cabrera","STL",20.1,0.54032258,,,,,0.06989247,,0.21505376,,,0.17473118,,,,"Genesis Cabrera",17490,650893
"Diego Castillo","TBR",68.2,0.03753351,,,,,0.44772118,0.51474531,,,,,,,,"Diego Castillo",17496,650895
"Wei-Chieh Huang","TEX",5.2,0.52631579,,,,,,0.02631579,0.21052632,,,0.23684211,,,,"Wei-Chieh Huang",17508,658791
"Ryan Burr","CHW",19.2,0.58055556,,0.24444444,,,,0.16944444,,,,0.00555556,,,,"Ryan Burr",17536,621114
"Andrew Moore","SEA",4.2,0.48717949,,,,,,0.08974359,0.12820513,,,0.29487179,,,,"Andrew Moore",17553,621058
"Jimmy Herget","CIN",6.1,0.46478873,,,,,0.05633803,0.4084507,,,,0.07042254,,,,"Jimmy Herget",17556,623474
"Jordan Yamamoto","MIA",78.2,0.48982558,,0.18023256,,,0.00799419,0.14825581,0.1380814,,,0.03561047,,,,"Jordan Yamamoto",17585,657141
"Tanner Scott","BAL",26.1,0.55507559,,,,,0.03239741,0.412527,,,,,,,,"Tanner Scott",17586,656945
"Mitch Keller","PIT",48,0.59495352,,0.20849934,,,,,0.15936255,,,0.03718459,,,,"Mitch Keller",17594,656605
"Tanner Rainey","WSN",48.1,0.70666667,,,,,,0.29,,,,0.00333333,,,,"Tanner Rainey",17610,663432
"Taylor Clarke","ARI",84.2,0.45863666,,,,,0.07279947,0.25413633,0.09662475,,,0.11780278,,,,"Taylor Clarke",17611,664199
"Jeffrey Springs","TEX",32.1,0.53984962,,,,,0.0406015,0.11278195,,,,0.30676692,,,,"Jeffrey Springs",17677,605488
"Rogelio Armenteros","HOU",18,0.48348348,,,,,,0.03303303,0.1981982,,,0.28528529,,,,"Rogelio Armenteros",17679,660494
"Evan Phillips","BAL",28,0.64726631,,,,,0.01763668,0.26102293,,,,0.07407407,,,,"Evan Phillips",17734,623465
"Tyler Alexander","DET",53.2,0.31154684,,,,,0.23420479,0.15577342,0.18409586,,,0.11437908,,,,"Tyler Alexander",17735,641302
"Sandy Báez","DET",1,0.5,,,,,,,,,,0.5,,,,"Sandy Baez",17754,622783
"José Alvarado","TBR",30,0.00854701,,0.16923077,,,0.78461538,,0.03760684,,,,,,,"Jose Alvarado",17780,621237
"Trey Wingenter","SDP",51,0.54966887,,,,,,0.45033113,,,,,,,,"Trey Wingenter",17793,622259
"Dillon Tate","BAL",21,0.03428571,,0.24285714,,,0.52857143,,,,,0.19428571,,,,"Dillon Tate",17796,622253
"Daniel Zamora","NYM",8.2,0.25,,,,,,0.72368421,,,,0.02631579,,,,"Daniel Zamora",17811,623354
"Adbert Alzolay","CHC",12.1,0.57333333,,,,,,0.21777778,,,,0.20888889,,,,"Adbert Alzolay",17859,640470
"José Rodríguez","LAA",19.2,0.38601824,,,,,0.07598784,0.21276596,0.17021277,,,0.1550152,,,,"Jose Rodriguez",17860,642578
"Ian Gibaut","- - -",14.1,0.56505576,,0.00371747,,,,0.21933086,,,,0.21189591,,,,"Ian Gibaut",17871,664139
"Nestor Cortes","NYY",66.2,0.46574288,,,,,0.0569669,0.33872209,0.01539646,,,0.12317167,,,,"Nestor Cortes",17874,641482
"Dennis Santana","LAD",5,0.00961538,,,,,0.55769231,0.28846154,,,,0.14423077,,,,"Dennis Santana",17878,642701
"Adonis Rosa","NYY",2,0.5625,,,,,,0.25,0.09375,,,0.09375,,,,"Adonis Rosa",17942,650738
"Trent Thornton","TOR",154.1,0.44013062,,0.15965167,,,0.02648766,0.27104499,0.01415094,,,0.08853411,,,,"Trent Thornton",17948,663423
"Brock Burke","TEX",26.2,0.43277311,,,,,0.18487395,0.00630252,0.22268908,,,0.15336134,,,,"Brock Burke",17968,656271
"Peter Lambert","COL",89.1,0.52688172,,,,,0.00442758,0.12144213,0.12839975,,,0.21884883,,,,"Peter Lambert",17969,663567
"Ty France","SDP",2,,,,,,,0.5,0.28571429,,,0.21428571,,,,"Ty France",17982,664034
"Bobby Poyner","BOS",11.2,0.65777778,,,,,,0.15111111,0.00888889,,,0.18222222,,,,"Bobby Poyner",17987,596074
"Logan Webb","SFG",39.2,0.43491124,,,,,0.12869822,0.2352071,,,,0.20118343,,,,"Logan Webb",17995,657277
"Pete Fairbanks","- - -",21,0.43669251,,,,,,0.56072351,,,,0.00258398,,,,"Pete Fairbanks",17998,664126
"Tanner Anderson","OAK",22.1,0.12796209,,0.01658768,,,0.58293839,0.18009479,,,,0.09241706,,,,"Tanner Anderson",18029,664196
"Dylan Moore","SEA",1,,,,,,,,1,,,,,,,"Dylan Moore",18042,664238
"Phil Maton","- - -",36.2,0.57236842,,0.16611842,,,,0.07236842,0.18914474,,,,,,,"Phil Maton",18064,664208
"Matt Hall","DET",23.1,0.66267465,,0.00998004,,,,0.05389222,0.23952096,,,0.03393214,,,,"Matt Hall",18076,664180
"Cody Stashak","MIN",25,0.53950954,,,,,,0.38964578,,,,0.07084469,,,,"Cody Stashak",18088,664054
"Chance Adams","NYY",25.1,0.57225434,,,,,0.01348748,0.16763006,0.1734104,,,0.07321773,,,,"Chance Adams",18135,664856
"Ryan Helsley","STL",36.2,0.55923345,,,,,0.00522648,0.32055749,0.08710801,,,0.02787456,,,,"Ryan Helsley",18138,664854
"Art Warren","SEA",5.1,0.44155844,,,,,,0.53246753,0.02597403,,,,,,,"Art Warren",18251,605521
"Zac Grotz","SEA",17.1,0.36120401,,,0.40468227,,0.12040134,0.08695652,0.02675585,,,,,,,"Zac Grotz",18256,665093
"Jarlín García","MIA",50.2,0.39655172,,,,,,0.42838196,,,,0.17506631,,,,"Jarlin Garcia",18282,606424
"Tyler Kinley","MIA",49.1,0.42263279,,,,,,0.57736721,,,,,,,,"Tyler Kinley",18297,641755
"Andrew Suárez","SFG",32.2,0.15613383,,,,,0.40892193,0.23420074,0.05390335,,,0.14684015,,,,"Andrew Suarez",18300,605498
"Taylor Guilbeau","SEA",12.1,0.00552486,,,,,0.62983425,0.0718232,,,,0.29281768,,,,"Taylor Guilbeau",18306,607555
"Carson Fulmer","CHW",27.1,0.43705036,,0.32553957,,,,,0.08093525,,,0.15647482,,,,"Carson Fulmer",18311,608334
"Pedro Payano","TEX",22,,,,,,0.46522782,0.20623501,0.13189448,,,0.19664269,,,,"Pedro Payano",18313,622797
"Jacob Waguespack","TOR",78,0.32183046,,0.24006002,,,0.16204051,0.05251313,0.14253563,,,0.08102026,,,,"Jacob Waguespack",18318,621097
"Josh Sborz","LAD",9,0.64324324,,,,,,0.28648649,0.07027027,,,,,,,"Josh Sborz",18323,622250
"Alex Young","ARI",83.1,0.14274924,,0.23338369,,,0.22205438,,0.20090634,,,0.20090634,,,,"Alex Young",18333,622065
"Josh Staumont","KCR",19.1,0.59509202,,0.0398773,,,0.06134969,,0.30368098,,,,,,,"Josh Staumont",18335,622251
"Nick Anderson","- - -",65,0.59945504,,,,,,,0.40054496,,,,,,,"Nick Anderson",18337,623433
"Jaime Barria","LAA",82.2,0.31108144,,,,,0.05540721,0.4706275,,,,0.16288385,,,,"Jaime Barria",18356,642545
"Thomas Eshelman","BAL",36,0.27422003,,,,,0.18390805,0.21182266,0.15106732,,,0.17898194,,,,"Thomas Eshelman",18361,664045
"Michael Soroka","ATL",174.2,0.18747554,,,,,0.44618395,0.24266145,,,,0.12367906,,,,"Michael Soroka",18383,647336
"Enyel De Los Santos","PHI",11,0.58522727,,,,,,0.1875,0.03409091,,,0.19318182,,,,"Enyel De Los Santos",18403,660853
"José Urquidy","HOU",41,0.47330447,,,,,,0.17460317,0.0995671,,,0.25252525,,,,"Jose Urquidy",18413,664353
"Trevor Kelley","BOS",8.1,,,,,,0.60122699,0.17791411,0.20858896,,,0.01226994,,,,"Trevor Kelley",18454,665001
"Junior Fernández","STL",11.2,0.14220183,,,,,0.27522936,0.26605505,,,,0.31651376,,,,"Junior Fernandez",18496,658551
"Kenta Maeda","LAD",153.2,0.34196465,,,0.24126593,,0.0324702,0.31113851,0.07316071,,,,,,,"Kenta Maeda",18498,628317
"Josh Rogers","BAL",14.1,0.52471483,,,,,0.00760456,0.2243346,0.01140684,,,0.23193916,,,,"Josh Rogers",18510,642028
"Dylan Cease","CHW",73,0.47360704,,,,,0.04178886,0.20967742,,0.18548387,,0.08944282,,,,"Dylan Cease",18525,656302
"Logan Allen","- - -",27.2,0.48106904,,,,,,0.22939866,0.07572383,,,0.21380846,,,,"Logan Allen",18555,663531
"Travis Bergen","SFG",19.2,0.688,,,,,,,0.27733333,,,0.03466667,,,,"Travis Bergen",18581,664157
"Travis Lakins Sr.","BOS",23.1,0.39746835,,0.3721519,,,,,0.19493671,,,0.03544304,,,,"Travis Lakins Sr.",18600,664042
"Jared Walsh","LAA",5,0.65591398,,,,,,0.05376344,0.20430108,,,0.08602151,,,,"Jared Walsh",18607,665120
"A.J. Minter","ATL",29.1,0.39115646,,0.44387755,,,0.00170068,0.00170068,,,,0.16156463,,,,"A.J. Minter",18655,621345
"Freddy Peralta","MIL",85,0.77736085,,,,,,,0.20512821,,,0.01751094,,,,"Freddy Peralta",18679,642547
"Sandy Alcantara","MIA",197.1,0.30194175,,,,,0.27605178,0.21488673,0.08608414,,,0.1210356,,,,"Sandy Alcantara",18684,645261
"Kolby Allard","TEX",45.1,0.46475508,,0.33094385,,,,,0.05376344,,,0.15053763,,,,"Kolby Allard",18694,663465
"Seunghwan Oh","COL",18.1,0.42473118,,0.38709677,,,,0.00268817,0.13978495,,,0.04569892,,,,"Seunghwan Oh",18719,493200
"Dillon Peters","LAA",72,0.45368917,,,,,0.05023548,0.03924647,0.24725275,,,0.20957614,,,,"Dillon Peters",18790,596071
"Miguel Del Pozo","LAA",9.1,0.56830601,,,,,,,0.3989071,,,0.03278689,,,,"Miguel Del Pozo",18792,600887
"Drew Steckenrider","MIA",14.1,0.62025316,,,,,,,0.37974684,,,,,,,"Drew Steckenrider",18806,608716
"Miguel Díaz","SDP",6.1,0.52941176,,,,,,0.2254902,0.11764706,,,0.12745098,,,,"Miguel Diaz",18815,622766
"Pedro Avila","SDP",5.1,0.24705882,,,,,0.04705882,0.02352941,0.22352941,,,0.45882353,,,,"Pedro Avila",18864,658648
"Kyle Keller","MIA",10.2,0.67875648,,0.00518135,,,,0.00518135,0.31088083,,,,,,,"Kyle Keller",18890,664918
"Robert Dugger","MIA",34.1,0.34507042,,,,,0.24823944,0.24295775,0.13204225,,,0.03169014,,,,"Robert Dugger",19191,667498
"Conner Menez","SFG",17,0.61198738,,,,,,0.170347,0.08201893,,,0.13564669,,,,"Conner Menez",19199,669214
"José Quijada","MIA",29.2,0.7187017,,,,,,,0.11437403,,,0.16692427,,,,"Jose Quijada",19200,650671
"Dakota Hudson","STL",174.2,0.1303584,,,,,0.4869993,0.25650035,0.09978918,,,0.02635278,,,,"Dakota Hudson",19206,641712
"Cole Irvin","PHI",41.2,0.50391236,,,,,,0.20031299,0.02660407,,,0.26917058,,,,"Cole Irvin",19244,608344
"Seranthony Domínguez","PHI",24.2,0.59698276,,,,,0.01508621,0.34051724,,,,0.04741379,,,,"Seranthony Dominguez",19249,622554
"Gerson Bautista","SEA",9,0.62944162,,,,,,0.35532995,,,,0.01522843,,,,"Gerson Bautista",19256,639373
"Justin Dunn","SEA",6.2,0.56617647,,,,,0.00735294,0.34558824,,,,0.08088235,,,,"Justin Dunn",19268,643290
"T.J. Zeuch","TOR",22.2,0.02970297,,,,,0.4950495,0.19554455,0.08415842,,,0.19554455,,,,"T.J. Zeuch",19269,643615
"Jacob Webb","ATL",32.1,0.54494382,,,,,,0.33146067,,,,0.12359551,,,,"Jacob Webb",19274,657097
"Edgar García","PHI",39,0.43015214,,,,,0.06777317,0.4868603,,,,0.01521438,,,,"Edgar Garcia",19276,658305
"Kyle Dowdy","TEX",22.1,0.67351598,,,,,,0.14155251,0.13926941,,,0.0456621,,,,"Kyle Dowdy",19285,664871
"Zac Gallen","- - -",80,0.47584715,,0.15428983,,,0.02162942,,,0.1888969,,0.1593367,,,,"Zac Gallen",19291,668678
"Trevor Richards","- - -",135.1,0.43662587,,0.10620629,,,,,0.07255245,,,0.38461538,,,,"Trevor Richards",19309,670950
"Reggie McClain","SEA",21,,,,,,0.7740113,0.18079096,,,,0.04519774,,,,"Reggie McClain",19311,596035
"Cal Quantrill","SDP",103,0.2005618,,,,,0.36910112,0.21516854,0.03876404,,,0.17640449,,,,"Cal Quantrill",19312,615698
"Eric Lauer","SDP",149.2,0.53131233,,0.21539689,,,,0.08017551,0.1372158,,,0.03589948,,,,"Eric Lauer",19316,641778
"Joey Lucchesi","SDP",163.2,,,0.13555471,,,0.51344188,,0.35100341,,,,,,,"Joey Lucchesi",19320,664192
"Matt Festa","SEA",22.1,0.46194226,,0.00787402,,,0.06299213,0.39370079,0.07349081,,,,,,,"Matt Festa",19330,670036
"Richard Lovelady","KCR",20,0.49066667,,,,,0.10933333,0.392,,,,0.008,,,,"Richard Lovelady",19337,663992
"Hector Velázquez","BOS",56.1,0.23163265,,,,,0.2744898,0.16836735,0.0255102,,,0.3,,,,"Hector Velazquez",19341,584171
"A.J. Puk","OAK",11.1,0.63861386,,,,,,0.24752475,0.01980198,,,0.09405941,,,,"A.J. Puk",19343,640462
"Caleb Ferguson","LAD",44.2,0.78033981,,,,,,,0.21723301,,,0.00242718,,,,"Caleb Ferguson",19349,657571
"Corbin Burnes","MIL",49,0.5253664,,0.00901917,,,0.03720406,0.31003382,0.0777903,,,0.04058625,,,,"Corbin Burnes",19361,669203
"Walker Buehler","LAD",182.1,0.53161427,,0.13034264,,,0.07135288,0.14199929,,0.1200989,,0.00459202,,,,"Walker Buehler",19374,621111
"Tony Gonsolin","LAD",40,0.47907648,,,0.25108225,,,0.16883117,0.1010101,,,,,,,"Tony Gonsolin",19388,664062
"Colin Poche","TBR",51.2,0.8849252,,,0.01495972,,,0.09781358,0.0023015,,,,,,,"Colin Poche",19403,621363
"Shane Bieber","CLE",214.1,0.45733788,,,,,0.00031027,0.26497052,,0.20477816,,0.07260316,,,,"Shane Bieber",19427,669456
"Patrick Sandoval","LAA",39.1,0.46358543,,,,,,0.09243697,0.13445378,,,0.30952381,,,,"Patrick Sandoval",19447,663776
"Shaun Anderson","SFG",96,0.45305608,,,,,0.13295526,0.30497795,0.02961563,,,0.07939509,,,,"Shaun Anderson",19453,641312
"Bryan Garcia","DET",6.2,,,,,,0.51937984,0.31007752,,,,0.17054264,,,,"Bryan Garcia",19457,650530
"Jorge Alcala","MIN",1.2,0.65517241,,,,,,0.34482759,,,,,,,,"Jorge Alcala",19459,660896
"Aaron Civale","CLE",57.2,0.03255814,,0.29186047,,,0.35116279,0.14767442,0.11046512,,,0.06627907,,,,"Aaron Civale",19479,650644
"Devin Smeltzer","MIN",49,0.45765027,,0.02459016,,,,0.01639344,0.24590164,,,0.25546448,,,,"Devin Smeltzer",19487,656970
"Mike Shawaryn","BOS",20.1,0.42299349,,,,,0.01735358,0.329718,0.22125813,,,0.00867679,,,,"Mike Shawaryn",19495,642067
"Stephen Nogosek","NYM",6.2,0.63829787,,,,,0.02836879,0.28368794,,,,0.04964539,,,,"Stephen Nogosek",19545,668665
"Jon Duplantier","ARI",36.2,0.28254438,,,,,0.30621302,0.19674556,,0.12426036,,0.09023669,,,,"Jon Duplantier",19546,641541
"JD Hammer","PHI",19,0.54411765,,,,,0.00294118,0.45294118,,,,,,,,"JD Hammer",19548,670456
"Geoff Hartlieb","PIT",35,0.39969372,,,,,0.29402757,0.20673813,,,,0.09954058,,,,"Geoff Hartlieb",19558,664129
"David Bednar","SDP",11,0.41836735,,0.01020408,0.34693878,,,,0.2244898,,,,,,,"David Bednar",19569,670280
"Sean Poppen","MIN",8.1,,,,,,0.57462687,0.3880597,,,,0.03731343,,,,"Sean Poppen",19583,664092
"Cionel Pérez","HOU",9,0.6196319,,,,,,0.26993865,0.00613497,,,0.10429448,,,,"Cionel Perez",19614,672335
"Jordan Hicks","STL",28.2,0.00226757,,,0.03401361,,0.6031746,0.33786848,,,,0.02267574,,,,"Jordan Hicks",19618,663855
"Eduardo Jiménez","DET",10.2,0.46560847,,,,,0.1005291,0.37566138,,,,0.05820106,,,,"Eduardo Jimenez",19642,621592
"Kyle Wright","ATL",19.2,0.41880342,,,,,0.12535613,0.25925926,,0.11965812,,0.07692308,,,,"Kyle Wright",19665,657140
"James Marvel","PIT",17.1,0.20845921,,,,,0.32930514,,0.26283988,,,0.19939577,,,,"James Marvel",19675,621086
"Gregory Soto","DET",57.2,0.06126126,,,,,0.63963964,0.23783784,,,,0.06126126,,,,"Gregory Soto",19677,642397
"Mike Brosseau","TBR",4,1,,,,,,,,,,,,,,"Mike Brosseau",19683,670712
"Dustin May","LAD",34.2,0.06713781,,0.31095406,,,0.50530035,,0.10600707,,,0.01060071,,,,"Dustin May",19716,669160
"Jonathan Loáisiga","NYY",31.2,0.47715736,,,,,0.08629442,,0.30795262,,,0.1285956,,,,"Jonathan Loaisiga",19753,642528
"Yoshihisa Hirano","ARI",53,0.47974414,,,0.51492537,,0.0010661,0.00426439,,,,,,,,"Yoshihisa Hirano",19756,673633
"David McKay","- - -",26.1,,,,,,0.62919132,,0.37080868,,,,,,,"David McKay",19814,641853
"Darwinzon Hernández","BOS",30.1,0.74008811,,,,,0.00293686,0.25110132,0.00587372,,,,,,,"Darwinzon Hernandez",19848,650382
"Michael King","NYY",2,,,,,,0.65853659,,0.19512195,,,0.14634146,,,,"Michael King",19853,650633
"Griffin Canning","LAA",90.1,0.42268041,,,,,,0.28865979,0.16043814,,,0.12822165,,,,"Griffin Canning",19867,656288
"Kevin Ginkel","ARI",24.1,0.54040404,,,,,,0.44949495,,,,0.01010101,,,,"Kevin Ginkel",19876,656464
"Corbin Martin","HOU",19.1,0.62634409,,,,,,0.07258065,0.19086022,,,0.11021505,,,,"Corbin Martin",19884,656686
"José Suarez","LAA",81,0.47205387,,,,,,0.03434343,0.18451178,,,0.30909091,,,,"Jose Suarez",19911,660761
"Jesús Luzardo","OAK",12,0.22222222,,,,,0.26315789,0.30994152,,,,0.20467836,,,,"Jesus Luzardo",19959,666200
"Zach Plesac","CLE",115.2,0.50581395,,,,,,0.18763214,0.10042283,,,0.20613108,,,,"Zach Plesac",19979,668676
"Jeremy Walker","ATL",9.1,0.03658537,,,,,0.59146341,,0.3597561,,,0.01219512,,,,"Jeremy Walker",19981,668683
"Bryse Wilson","ATL",20,0.66573034,,,,,0.05337079,0.06741573,0.07865169,,,0.13483146,,,,"Bryse Wilson",19990,669060
"Joel Kuhnel","CIN",9.2,0.40963855,,,,,0.20481928,0.3253012,,,,0.06024096,,,,"Joel Kuhnel",19995,669270
"John Schreiber","DET",13,0.5502008,,,,,0.07228916,0.29317269,0.01606426,,,0.06827309,,,,"John Schreiber",20020,670167
"Rico Garcia","COL",6,0.61616162,,,,,,,0.11111111,,,0.27272727,,,,"Rico Garcia",20023,670329
"Phillip Diehl","COL",7.1,0.44927536,,,,,,0.55072464,,,,,,,,"Phillip Diehl",20030,670426
"Adrian Morejon","SDP",8,0.51948052,,,,,0.01948052,,0.27922078,,,0.18181818,,,,"Adrian Morejon",20039,670970
"Ronald Bolaños","SDP",19.2,0.54624277,,,,,0.08092486,0.10982659,0.20520231,,0.00578035,0.05202312,,,,"Ronald Bolanos",20041,671790
"Chris Paddack","SDP",140.2,0.61052632,,,,,,,0.10438596,,,0.28508772,,,,"Chris Paddack",20099,663978
"Michel Baez","SDP",29.2,0.58733205,,,,,,0.05182342,0.02879079,,,0.33205374,,,,"Michel Baez",20100,673258
"James Karinchak","CLE",5.1,0.56382979,,,,,,,0.43617021,,,,,,,"James Karinchak",20151,675916
"Brendan McKay","TBR",49,0.57175399,,0.12984055,,,,,0.261959,,,0.03644647,,,,"Brendan McKay",20186,656713
"Brusdar Graterol","MIN",9.2,0.18055556,,,,,0.49305556,0.30555556,,,,0.02083333,,,,"Brusdar Graterol",20367,660813
"Andrés Muñoz","SDP",23,0.67067308,,0.00480769,,,,0.31730769,,,,0.00721154,,,,"Andres Munoz",20373,662253
"Anthony Kay","TOR",14,0.61627907,,,,,,,0.18992248,,,0.19379845,,,,"Anthony Kay",20387,641743
"Nick Margevicius","SDP",57,0.54070981,,,,,,0.2526096,0.13465553,,,0.07202505,,,,"Nick Margevicius",20395,676606
"Huascar Ynoa","ATL",3,0.60606061,,,,,,0.34848485,,,,0.04545455,,,,"Huascar Ynoa",20468,660623
"Elvis Luciano","TOR",33.2,0.55275591,,,,,,0.25511811,,,,0.19212598,,,,"Elvis Luciano",20632,672773
"Yusei Kikuchi","SEA",161.2,0.48953975,,,,,,0.27995436,0.15443134,,,0.07607455,,,,"Yusei Kikuchi",20633,579328
"Emmanuel Clase","TEX",23.1,0.05507246,,0.73333333,,,,0.2115942,,,,,,,,"Emmanuel Clase",21032,661403
"Randy Dobnak","MIN",28.1,0.22716628,,,,,0.36533958,0.27868852,,,,0.12880562,,,,"Randy Dobnak",23798,677976