Name,Team,FB%,FBv,SL%,SLv,CT%,CTv,CB%,CBv,CH%,CHv,SF%,SFv,KN%,KNv,XX%,NameASCII,PlayerId,MLBAMID
"Robin Ventura","LAD",,,,,,,,,,,,,,,1,"Robin Ventura",854,123697
"Rodney Myers","LAD",,,,,,,,,,,,,,,1,"Rodney Myers",1511,119629
"Cody McKay","STL",,,,,,,,,,,,,,,1,"Cody McKay",1615,150424
"Jorge De Paula","NYY",0.53488372,87.86363636,0.18604651,77.2,,,0.09302326,74,0.18604651,80,,,,,0.6884058,"Jorge De Paula",1827,425428
"Brad Thomas","MIN",0.70588235,90.16666667,0.05882353,84,,,0.17647059,73.33333333,0.05882353,84,,,,,0.67924528,"Brad Thomas",757,346801
"Josh Stewart","CHW",0.60465116,86.7254902,0.02325581,83,,,0.25581395,71.95238095,0.11627907,75.8,,,,,0.48502994,"Josh Stewart",1683,425554
"Travis Phelps","MIL",0.62337662,88.04761905,0.28571429,82.53846154,,,0.01298701,75,0.07792208,81,,,,,0.45,"Travis Phelps",1221,400127
"Jon Rauch","- - -",0.62937063,88.54716981,0.15734266,81.85714286,,,0.13986014,80.04166667,0.07342657,82.375,,,,,0.42574257,"Jon Rauch",1475,400010
"Luke Hudson","CIN",0.55828221,91.20634921,0.02453988,85.66666667,,,0.27607362,75.96031746,0.14110429,85.5,,,,,0.41366906,"Luke Hudson",1542,346873
"Dave Williams","PIT",0.66042781,87.67251462,0.04278075,78.5,,,0.17379679,73.83333333,0.12299465,80.05405405,,,,,0.40255591,"Dave Williams",1013,400063
"Jamie Brown","BOS",0.60674157,88.45,0.15730337,82.92857143,,,0.01123596,81,0.2247191,82.81818182,,,,,0.4,"Jamie Brown",371,150343
"Derrick Turnbow","ANA",0.72881356,94.8372093,,,,,0.08474576,81.4,0.18644068,85.45454545,,,,,0.39393939,"Derrick Turnbow",1694,276913
"Gary Glover","MIL",0.71957672,92.00793651,0.17460317,85.85714286,,,0.08994709,76.64705882,0.01587302,84.33333333,,,,,0.38436482,"Gary Glover",234,150474
"Joe Beimel","MIN",0.55172414,89.8125,0.34482759,78.5,,,,,0.10344828,79.33333333,,,,,0.38297872,"Joe Beimel",979,346847
"Tomo Ohka","MON",0.53238342,89.55660377,0.23834197,82.75294118,0.01295337,85.3,0.05051813,75.43333333,0.0738342,81.6969697,0.09196891,83.10204082,,,0.38190552,"Tomo Ohka",788,219594
"J.D. Durbin","MIN",0.72340426,94.29166667,0.10638298,81.75,,,0.08510638,80.5,0.08510638,86.2,,,,,0.36912752,"J.D. Durbin",7992,429716
"Michael Tejera","- - -",0.65942029,87.53246753,0.16666667,76.80952381,,,0.13768116,74.125,0.03623188,77.4,,,,,0.36111111,"Michael Tejera",542,150373
"Wilfredo Ledezma","DET",0.62748644,91.4375,0.03797468,79.27777778,,,0.15189873,77.39189189,0.18264014,78.86813187,,,,,0.33969011,"Wilfredo Ledezma",1669,425656
"Rick Ankiel","STL",0.63716814,89.58823529,,,,,0.34513274,70.18918919,0.01769912,81.5,,,,,0.33918129,"Rick Ankiel",1142,150449
"Carlos Pulido","MIN",0.52755906,86,0.23622047,82.30769231,,,0.00787402,76,0.22834646,78.61111111,,,,,0.33502538,"Carlos Pulido",1815,120800
"Jay Powell","TEX",0.71942446,90.51034483,0.20143885,81.48571429,,,0.00359712,75,0.07553957,82.76923077,,,,,0.32116788,"Jay Powell",1271,120717
"Willis Roberts","PIT",0.72463768,91.53409091,0.16666667,81.8,,,,,0.01449275,82.5,0.0942029,84.9,,,0.31,"Willis Roberts",167,150199
"Andy Pratt","CHC",0.45454545,90.55555556,0.3030303,79.4,,,0.09090909,,0.15151515,82.8,,,,,0.29787234,"Andy Pratt",1640,407892
"Matt Mantei","ARI",0.77483444,94.83561644,0.08609272,82.88888889,,,0.13907285,76.52941176,,,,,,,0.29767442,"Matt Mantei",64,118256
"Santiago Casilla","OAK",0.58163265,93.90909091,0.1122449,80.63636364,,,0.14285714,81,0.16326531,85,,,,,0.29496403,"Santiago Casilla",2873,433586
"Jeff Francis","COL",0.63991323,87.875,0.09544469,77.95833333,,,0.14099783,77.59615385,0.12364425,80,,,,,0.28858025,"Jeff Francis",4684,433585
"Steve Colyer","DET",0.64285714,91.89041096,0.18663594,80.89393939,,,0.08986175,77.61764706,0.08064516,79.2962963,,,,,0.28217822,"Steve Colyer",1678,407873
"Kevin Correia","SFG",0.7611336,90.98823529,0.19838057,83.26190476,,,,,0.04048583,82.6,,,,,0.28197674,"Kevin Correia",1767,429781
"Dennys Reyes","KCR",0.55691367,88.76391231,0.28189458,82.47923323,0.00687548,85.5,0.07486631,76.74725275,0.07944996,82.23958333,,,,,0.27217631,"Dennys Reyes",444,121096
"Pete Munro","HOU",0.69275124,86.81207133,0.08072488,83.72289157,0.00658979,84.875,0.04859967,73.05660377,0.17133443,80.77948718,,,,,0.27120669,"Pete Munro",1546,133729
"Carmen Cali","STL",0.71153846,92.43103448,0.26923077,83.8,,,0.01923077,78,,,,,,,0.26760563,"Carmen Cali",2964,434118
"Jason Simontacchi","STL",0.54444444,89.89705882,0.04444444,81.66666667,,,0.21111111,75.57142857,0.2,82.66666667,,,,,0.26530612,"Jason Simontacchi",1181,421004
"Johan Santana","MIN",0.57776019,92.43072824,0.19628017,82.97368421,0.00316581,85.5,0.01187178,80.14285714,0.21092204,78.30750605,,,,,0.26175869,"Johan Santana",755,276371
"Danny Patterson","DET",0.60606061,87.6092437,0.06709957,80.5,,,0.06493506,76.30434783,0.17316017,79.07142857,0.08874459,78.08571429,,,0.2608,"Danny Patterson",485,120285
"Franklyn Gracesqui","FLA",0.71666667,88.66666667,0.01666667,79,,,0.23333333,77.42857143,0.03333333,79,,,,,0.25925926,"Franklyn Gracesqui",1921,407927
"Nate Field","KCR",0.65259117,93.34572491,0.27639155,83.31451613,,,0.03646833,81.41176471,0.03454894,83.9375,,,,,0.25285714,"Nate Field",599,407757
"Craig Dingman","DET",0.56565657,90.09230769,0.26515152,82.67346939,,,0.05555556,80.52631579,0.11363636,80.53488372,,,,,0.24810606,"Craig Dingman",318,276374
"Matt Wise","MIL",0.43859649,86.875,0.03987241,79.69565217,,,0.05263158,77.70967742,0.46730463,78.69064748,0.0015949,79,,,0.24460432,"Matt Wise",42,277184
"Chin-hui Tsao","COL",0.65686275,92.81034483,0.12745098,86.09090909,,,,,0.18627451,84.125,0.02941176,86,,,0.24444444,"Chin-hui Tsao",1776,425835
"Chad Qualls","HOU",0.63224181,91.43010753,0.30478589,84.59036145,0.00251889,90,0.00755668,85,0.05289673,82.375,,,,,0.23062016,"Chad Qualls",2170,430589
"Ben Hendrickson","MIL",0.67628205,87.77399381,0.01282051,79.5,,,0.18910256,76.83908046,0.12179487,79.546875,,,,,0.23057953,"Ben Hendrickson",2175,430608
"Brandon Puffer","SDP",0.61302682,89.16964286,0.23754789,77,,,0.00383142,73,0.14559387,76,,,,,0.22740525,"Brandon Puffer",572,407836
"Sun-Woo Kim","MON",0.61258482,90.17546848,0.21961752,82.82488479,,,0.10363973,76.19767442,0.06415793,81.67567568,,,,,0.22611164,"Sun-Woo Kim",197,279615
"Claudio Vargas","MON",0.72191864,93.28266033,0.15846995,81.66863905,,,0.0667881,80.96470588,0.047966,84.44117647,0.00485732,85.8,,,0.22508189,"Claudio Vargas",1695,282567
"Roy Halladay","TOR",0.70106986,92.19662058,,,0.02517306,90.56666667,0.21900566,76.77637131,0.03713027,83.59574468,0.01762115,85,,,0.22243902,"Roy Halladay",1303,136880
"Ryan Bukvich","KCR",0.85714286,94.56716418,0.08791209,86.125,,,,,0.01098901,86,0.04395604,87,,,0.22222222,"Ryan Bukvich",1531,424426
"Casey Daigle","ARI",0.58548387,90.1042471,0.28387097,83.43165468,,,0.03387097,79.54545455,0.09354839,81.6,0.00322581,,,,0.22194821,"Casey Daigle",1880,430664
"Jeff Bajenaru","CHW",0.56557377,90.96226415,0.13114754,82.4,,,0.1147541,77,0.18852459,78.90909091,,,,,0.22151899,"Jeff Bajenaru",2920,434117
"Aaron Cook","COL",0.79582971,90.50079745,0.10165074,82.65671642,,,0.02172024,79.05555556,0.0807993,82.31343284,,,,,0.2201897,"Aaron Cook",1571,346871
"Sean Douglass","TOR",0.56063269,90.39430894,0.17574692,83.03703704,,,0.10193322,76.88636364,0.16168717,82.4,,,,,0.21703297,"Sean Douglass",133,346868
"Jimmy Serrano","KCR",0.62997658,90.12280702,0.09133489,82.15384615,,,0.14519906,82.01785714,0.1264637,83.47222222,0.00702576,85.33333333,,,0.21651376,"Jimmy Serrano",2491,408250
"Seth Greisinger","MIN",0.5975976,87.24269006,0.08708709,82.8490566,0.00750751,84.4,0.10810811,73.96610169,0.1996997,77.05607477,,,,,0.2161215,"Seth Greisinger",467,133960
"Michael Gonzalez","PIT",0.67938931,93.21632653,0.28053435,83.3963964,,,,,0.04007634,81.35,,,,,0.2143928,"Michael Gonzalez",1794,283166
"Nelson Figueroa","PIT",0.61261261,87.21111111,0.17417417,80.35849057,,,0.12312312,73.79411765,0.09009009,80.86956522,,,,,0.21411765,"Nelson Figueroa",683,150153
"Jeremy Fikac","MON",0.45994065,87.24418605,0.21958457,81.30769231,,,0.07418398,78.16666667,0.2462908,80.48780488,,,,,0.21247113,"Jeremy Fikac",1031,407235
"Jim Crowell","PHI",0.75609756,84.84210526,0.04878049,,,,0.14634146,73,0.04878049,,,,,,0.21153846,"Jim Crowell",1928,112881
"Shane Nance","ARI",0.46543779,90.78723404,0.34562212,82.46938776,,,,,0.18894009,81.90322581,,,,,0.21090909,"Shane Nance",1584,424585
"Brooks Kieschnick","MIL",0.6991453,87.89836066,0.06837607,82.15151515,,,0.10769231,74.25581395,0.12478632,77.5483871,,,,,0.20889488,"Brooks Kieschnick",389,117044
"Pedro Liriano","MIL",0.68636364,89.24038462,0.15454545,80.625,,,0.00454545,,0.15454545,83.58333333,,,,,0.20863309,"Pedro Liriano",2119,425538
"Shawn Camp","KCR",0.67193676,89.05801105,0.28194993,80.01935484,,,0.00790514,75.83333333,0.03820817,81.73684211,,,,,0.20855057,"Shawn Camp",1855,425861
"Javier López","COL",0.74953618,85.84859155,0.16326531,75.29310345,,,0.00371058,75,0.08348794,77.71052632,,,,,0.20821114,"Javier Lopez",1663,425657
"Andrew Good","ARI",0.58446602,86.9375,0.02912621,80.64285714,0.00194175,,0.08349515,69.07692308,0.29708738,78.68461538,0.0038835,,,,0.20647149,"Andrew Good",1690,425627
"Al Reyes","STL",0.5,89.52830189,0.24264706,80.04,,,,,0.25735294,80.31818182,,,,,0.20467836,"Al Reyes",1005,121099
"Al Levine","DET",0.62456946,87.69605568,0.25947187,81.75144509,,,,,0.08840413,82.3,0.02755454,83.11111111,,,0.20437956,"Al Levine",20,117722
"Jason Johnson","DET",0.58847078,91.78910977,0.03002402,82.58333333,,,0.26741393,79.6088632,0.11409127,82.17695473,,,,,0.20380952,"Jason Johnson",147,116595
"Joe Roa","MIN",0.55816555,88.55952381,0.21588367,80.93820225,,,0.1196868,75.69565217,0.10626398,80.12790698,,,,,0.20355556,"Joe Roa",969,121258
"Darrell May","KCR",0.63186583,85.01282051,0.16645702,81.09939759,,,0.03144654,74.85964912,0.17023061,77.65373134,,,,,0.20259913,"Darrell May",613,118469
"Denny Bautista","- - -",0.64449541,93.15611814,0.05963303,85.625,,,0.12155963,79.73333333,0.13761468,85.80357143,0.03669725,93.35714286,,,0.2014652,"Denny Bautista",1947,429714
"Chad Cordero","MON",0.74061718,89.61433447,0.20016681,83.00662252,,,0.00166806,,0.05754796,83.49019608,,,,,0.2001321,"Chad Cordero",1816,430101
"Mike Wood","KCR",0.49960159,87.45492662,0.10438247,81.14,,,0.09243028,75.2293578,0.20876494,81.7092511,0.09482072,83.09615385,,,0.20012747,"Mike Wood",1806,430061
"Aaron Myette","CIN",0.69892473,89,0.23655914,81.6,,,0.02150538,77,0.04301075,81,,,,,0.19827586,"Aaron Myette",1263,150329
"Jeff Bennett","MIL",0.73570658,91.9337232,0.1995685,84.76086957,,,0.03128371,85.91666667,0.02804746,84.78571429,0.00539374,73,,,0.19022688,"Jeff Bennett",1903,430831
"Joey Eischen","MON",0.48582996,90.61627907,0.23076923,79.81818182,,,0.28340081,77,,,,,,,0.19016393,"Joey Eischen",774,113784
"Jason Boyd","PIT",0.3655914,90.17857143,0.53763441,85.43617021,,,,,0.09677419,84.125,,,,,0.18965517,"Jason Boyd",1020,150150
"Will Cunnane","ATL",0.53932584,88.72727273,,,,,0.43258427,74.08108108,0.02808989,79.75,,,,,0.18918919,"Will Cunnane",274,112940
"Rod Beck","SDP",0.42236025,83.19626168,0.00931677,83,,,0.2826087,75.68493151,0.23291925,77.85964912,0.05279503,78.625,,,0.18891688,"Rod Beck",1730,110763
"Kip Wells","PIT",0.70402893,92.01583113,0.09142562,84.43150685,0.00103306,90,0.10950413,78.10982659,0.09400826,83.82894737,,,,,0.18609492,"Kip Wells",1012,150337
"Justin Duchscherer","OAK",0.49212925,85.8108747,0.12013256,82.43089431,0.02568351,83.29032258,0.28914664,69.47148289,0.07290804,80.04918033,,,,,0.18565684,"Justin Duchscherer",910,407113
"Zach Day","MON",0.74358974,89.80834273,0.1511471,83.78125,0.00539811,88,0.01282051,80.05555556,0.08367072,83.73786408,0.00337382,87.4,,,0.18400876,"Zach Day",1496,400180
"Juan Rincon","MIN",0.65970409,93.25833333,0.32463011,85.65846154,,,0.01131419,79.33333333,0.00435161,86,,,,,0.18278805,"Juan Rincon",752,346799
"Stephen Randolph","ARI",0.6101949,90.85294118,0.16266867,84,,,0.00074963,81,0.22638681,82.31365314,,,,,0.18159509,"Stephen Randolph",1655,150159
"Brian Reith","CIN",0.63814181,90.84322034,0.21515892,83.30232558,,,0.03667482,81.2,0.1002445,82.59459459,0.00977995,84.75,,,0.18055556,"Brian Reith",347,367944
"Luis Ayala","MON",0.83271719,90.31511254,0.12476895,81.57647059,,,0.00462107,73,0.03789279,83.25806452,,,,,0.18030303,"Luis Ayala",1650,425646
"Oscar Villarreal","ARI",0.50406504,90.43835616,0.3495935,84.32727273,,,0.08536585,81.11764706,0.06097561,83.75,,,,,0.18,"Oscar Villarreal",1654,425629
"Justin Huisman","KCR",0.77151335,89.18357488,0.15430267,80.60465116,,,0.00296736,78,0.07121662,80.5625,,,,,0.17804878,"Justin Huisman",1914,430619
"Brandon Claussen","CIN",0.71014493,89.02284264,0.06666667,79.55263158,,,0.10724638,76.71428571,0.11594203,81.86111111,,,,,0.17791898,"Brandon Claussen",814,407799
"Travis Blackley","SEA",0.6441048,84.97647059,0.02401747,81.25,,,0.13973799,75.81395349,0.18995633,78.16129032,0.00218341,,,,0.17773788,"Travis Blackley",3234,429715
"Mike Matthews","CIN",0.74709977,89.47389558,0.14617169,81.98039216,,,0.03480278,79.90909091,0.07192575,83.75,,,,,0.17748092,"Mike Matthews",1170,150347
"Doug Davis","MIL",0.5925,87.30667702,0.08785714,82.91712707,0.15964286,85.02813299,0.07357143,72.8136646,0.08642857,80.70491803,,,,,0.17704052,"Doug Davis",1244,150277
"Aaron Small","FLA",0.6712963,89.72164948,0.07407407,81.5,,,0.10648148,79.26315789,0.14814815,78.1,,,,,0.17557252,"Aaron Small",1477,122332
"Tim Redding","HOU",0.66302865,91.10742857,0.17598909,84.0210084,,,0.09822647,74.73913043,0.06139154,83.0952381,0.00136426,87.5,,,0.17554683,"Tim Redding",573,400062
"Joe Valentine","CIN",0.66063348,92.59447005,0.19457014,84.8030303,,,,,0.14027149,83.03571429,0.00452489,86,,,0.17537313,"Joe Valentine",1810,407907
"Jeff Fassero","- - -",0.52024708,87.84707904,0.23472889,82.82758621,0.01372684,,0.09128346,76.70833333,0.08510638,79.99056604,0.05490734,83.56451613,,,0.17524025,"Jeff Fassero",279,114032
"Denny Stark","COL",0.66819222,88.42372881,0.19221968,81.35294118,,,,,0.1395881,81.07142857,,,,,0.17514124,"Denny Stark",452,150128
"John Grabow","PIT",0.52542373,90.82240437,0.31412429,83.58695652,,,0.01694915,80.5,0.14350282,83.82242991,,,,,0.17455896,"John Grabow",1848,346848
"Doug Waechter","TBD",0.67545639,90.41825902,0.21298174,82.29530201,,,0.0040568,78.75,0.10750507,82.23170732,,,,,0.17420436,"Doug Waechter",1814,425531
"Mike Johnston","PIT",0.72086721,91.63596491,0.01897019,82.25,,,0.24661247,74.85365854,0.01355014,83,,,,,0.17410714,"Mike Johnston",1868,430635
"Tyler Walker","SFG",0.6201373,92.08495146,0.18306636,85.66141732,0.00114416,90,0.0423341,79.38888889,0.13615561,84.64485981,0.01716247,85,,,0.17247879,"Tyler Walker",901,400104
"Ricardo Rincon","OAK",0.52077151,88.85440613,0.33679525,82.81683168,,,0.00296736,77,0.13946588,83.0125,,,,,0.17216117,"Ricardo Rincon",401,121215
"Grant Balfour","MIN",0.78955954,93.67365967,0.10929853,83.421875,,,0.0766721,79.80487805,0.02446982,84.85714286,,,,,0.17162162,"Grant Balfour",718,346797
"Scott Atchison","SEA",0.54968288,90.1185567,0.15010571,83.76923077,,,0.2410148,77.17977528,0.05919662,83,,,,,0.17017544,"Scott Atchison",2642,425786
"Rocky Biddle","MON",0.60214095,90.7223382,0.12399643,83.53982301,0.00802855,86.2,0.17216771,80.92307692,0.08206958,83.08571429,0.01159679,83.875,,,0.16863034,"Rocky Biddle",223,335092
"Gavin Floyd","PHI",0.59183673,88.15625,0.02295918,82.5,,,0.32142857,76.61764706,0.06377551,83.25,,,,,0.16772824,"Gavin Floyd",3886,425856
"Brian Meadows","PIT",0.46840959,90.57020057,0.16993464,82.7862069,,,0.31481481,81.31838565,0.04684096,81.61764706,,,,,0.16501353,"Brian Meadows",998,132785
"Jason Davis","CLE",0.69665653,93.61530398,0.09057751,84.28181818,,,0.00425532,78.85714286,0.03404255,81.88372093,0.17446809,85.25099602,,,0.16430738,"Jason Davis",1598,425186
"Josh Fogg","PIT",0.47386609,87.48165138,0.12483801,81.77459016,0.00691145,83.4375,0.16112311,76.0795107,0.23326134,80.05183585,,,,,0.16290727,"Josh Fogg",989,150319
"Phil Norton","CIN",0.56546275,88.65013055,0.10835214,80.12658228,,,0.248307,77.71856287,0.0778781,82.20689655,,,,,0.16261682,"Phil Norton",1714,150041
"Mike MacDougal","KCR",0.58737864,93.74285714,0.17961165,82.85714286,,,0.19902913,79.35714286,0.03398058,85.5,,,,,0.16260163,"Mike MacDougal",612,213680
"Mike Gallo","HOU",0.64583333,89.70404984,0.19196429,81.5,,,0.13541667,76.19117647,0.02678571,81.05882353,,,,,0.16104869,"Mike Gallo",1759,429760
"Jaime Cerda","KCR",0.6888587,91.35839599,0.0923913,80.05555556,,,0.0625,77.38095238,0.15625,81.07920792,,,,,0.16077537,"Jaime Cerda",1532,407881
"Jeremy Affeldt","KCR",0.72702206,93.36904762,0.02022059,83.08333333,0.00183824,,0.18198529,76.59836066,0.06893382,84.09756098,,,,,0.1587057,"Jeremy Affeldt",583,346793
"Pat Hentgen","TOR",0.61445783,85.17256637,0.06454389,82.66666667,0.01376936,84,0.14974182,71.79230769,0.15748709,78.26241135,,,,,0.15740072,"Pat Hentgen",145,115797
"Esteban Yan","DET",0.56480687,92.30113636,0.08497854,83.75903614,,,,,0.08583691,82.73170732,0.26437768,84.53333333,,,0.15701881,"Esteban Yan",1236,124643
"Carlos Silva","MIN",0.79301848,90.34229829,0.03655031,80.85135135,0.00041068,84,0.10349076,76.0826087,0.06652977,81.01351351,,,,,0.15693052,"Carlos Silva",973,400067
"Nate Bump","FLA",0.78106509,89.19014085,,,,,0.18540434,74.19852941,0.03353057,79.86363636,,,,,0.15645695,"Nate Bump",1755,425546
"Russ Springer","HOU",0.65765766,91,0.11261261,84.20833333,0.01801802,87,0.21171171,77.43181818,,,,,,,0.15589354,"Russ Springer",1652,122620
"Jimmy Gobble","KCR",0.68532919,87.38909774,0.01399689,85.21428571,,,0.18299637,74.69366197,0.11767755,80.17346939,,,,,0.15542907,"Jimmy Gobble",1791,425471
"Francisco Cordero","TEX",0.66390424,96.11423221,0.30018416,85.90740741,0.00092081,81,0.00184162,79.5,0.02762431,83.57142857,0.00552486,86.83333333,,,0.15438324,"Francisco Cordero",1243,150188
"Justin Lehr","OAK",0.67048055,91.95967742,0.06864989,83.67857143,,,0.14645309,79.77586207,0.08695652,83.37142857,0.02745995,83.44444444,,,0.15355086,"Justin Lehr",2163,430680
"Erasmo Ramirez","TEX",0.64615385,82.53043478,0.04835165,68.8,,,0.13406593,68.22727273,0.17142857,66.86842105,,,,,0.15157116,"Erasmo Ramirez",1699,285063
"Jay Witasick","SDP",0.59069767,91.34897361,0.21046512,80.575,,,0.10232558,79.96875,0.09651163,81.85245902,,,,,0.15044248,"Jay Witasick",1138,124482
"Kirk Bullinger","HOU",0.68794326,84.59482759,0.22222222,77.53125,,,0.04964539,75.27777778,0.04018913,80.75,,,,,0.1503006,"Kirk Bullinger",552,136580
"Scott Sullivan","KCR",0.63764706,86.54791155,0.28235294,76.06030151,,,0.01058824,72.66666667,0.06941176,76.73076923,,,,,0.15024876,"Scott Sullivan",357,122975
"John Van Benschoten","PIT",0.73747017,90.48920863,0.09307876,83.86111111,,,0.13126492,77.16981132,0.03818616,84.66666667,,,,,0.14979757,"John Van Benschoten",2228,429724
"Mark Redman","OAK",0.62084592,84.71923077,0.02945619,77.66037736,,,0.04720544,69.13684211,0.30249245,77.37905605,,,,,0.14945478,"Mark Redman",491,150230
"Joe Nathan","MIN",0.7075743,93.78172589,0.19846596,86.98876404,0.00191755,91,0.07478428,81.25,0.01725791,83.82352941,,,,,0.14857143,"Joe Nathan",1122,150274
"Chad Bentz","MON",0.69856459,88.15730337,0.03349282,79.57142857,,,0.24162679,72.6031746,0.02631579,77.4,,,,,0.148,"Chad Bentz",1889,430566
"Vladimir Nunez","COL",0.54855643,89.30357143,0.30971129,81.13461538,,,0.01312336,76.8,0.08136483,79.55172414,0.04724409,81.33333333,,,0.14732143,"Vladimir Nunez",532,136727
"Dave Burba","- - -",0.71512195,88.67252396,0.07609756,83.72881356,0.03414634,87.96969697,0.07414634,76.79411765,0.0702439,81.82539683,0.0302439,82.45833333,,,0.14722911,"Dave Burba",1239,111692
"Jorge De La Rosa","MIL",0.62931034,91.71223022,0.08908046,81.44444444,,,0.14655172,72.72,0.13505747,81.03703704,,,,,0.14705882,"Jorge De La Rosa",2047,407822
"Anastacio Martinez","BOS",0.69822485,90.85135135,0.07100592,79.125,,,0.13017751,75.61538462,0.10059172,80.72727273,,,,,0.14646465,"Anastacio Martinez",1944,407823
"Joaquín Benoit","TEX",0.60849968,91.59141494,0.1545396,84.55813953,,,0.04314231,77.625,0.19381842,81.07373272,,,,,0.14623419,"Joaquin Benoit",1437,276542
"Tim Hudson","OAK",0.68985999,91.33646209,0.14043275,85.64846416,0.01103097,89,0.02885023,76.78333333,0.0479423,81.60824742,0.08188375,84.20114943,,,0.14580318,"Tim Hudson",921,218596
"Nate Robertson","DET",0.5391933,89.62232143,0.26027397,82.04854369,0.00304414,85.42857143,0.02016743,78.62745098,0.17694064,80.2989418,0.00038052,83,,,0.14564369,"Nate Robertson",1620,425146
"Mike Maroth","DET",0.4760238,84.85414768,0.14490725,79.99710983,0.03675184,82.5862069,0.11095555,72.45634921,0.23136157,76.6996337,,,,,0.14461078,"Mike Maroth",1508,400077
"Frank Brooks","PIT",0.60080645,88.62385321,0.18145161,78.51219512,,,,,0.21774194,77.76595745,,,,,0.1443299,"Frank Brooks",1877,425905
"Valerio De Los Santos","TOR",0.52601156,87.24324324,0.30057803,82.5,,,0.01734104,79,0.15606936,81.07692308,,,,,0.14356436,"Valerio De Los Santos",681,136304
"Allan Simpson","COL",0.77671451,90.82733813,0.17862839,80.27777778,,,,,0.0446571,81.56521739,,,,,0.14324693,"Allan Simpson",1864,407817
"Lenny DiNardo","BOS",0.48456057,81.86428571,0.24465558,79.83018868,0.06413302,82.96296296,0.10213777,74.79411765,0.10451306,76.21212121,,,,,0.14314516,"Lenny DiNardo",1894,430837
"Randy Flores","STL",0.44871795,87.82978723,0.26923077,80.2,,,0.23717949,74.31034483,0.04487179,79.66666667,,,,,0.14285714,"Randy Flores",1446,420864
"Dan Meyer","ATL",0.75,86.11764706,0.16666667,79,,,,,0.08333333,76,,,,,0.14285714,"Dan Meyer",4402,434159
"Sean Burnett","PIT",0.66077003,88.5102459,0.0905307,81.52631579,,,0.08740895,72.77142857,0.16129032,82.15602837,,,,,0.14247788,"Sean Burnett",1886,430634
"Kenny Rogers","TEX",0.51196809,86.24575514,0.05452128,80.08181818,0.02260638,81.87301587,0.12200798,73.64144737,0.28889628,80.27348066,,,,,0.14204221,"Kenny Rogers",1277,121386
"Scott Dohmann","COL",0.65745008,91.05113636,0.23502304,82.91338583,,,0.01075269,79,0.09677419,83.57627119,,,,,0.14116095,"Scott Dohmann",1936,430617
"Gary Majewski","MON",0.73899371,91.96590909,0.22012579,82.54716981,,,0.01572327,81.33333333,0.02515723,83.28571429,,,,,0.14054054,"Gary Majewski",2131,400008
"Mike DeJean","- - -",0.5794814,91.23970944,0.30665163,84.00888889,,,,,0.01465614,82.07692308,0.09921082,83.74358974,,,0.13998082,"Mike DeJean",682,113211
"Todd Van Poppel","CIN",0.61925199,88.76339286,0.21765788,82.08467742,,,0.08645003,76.46,0.0766401,82.3452381,,,,,0.13969425,"Todd Van Poppel",1284,123650
"Victor Santos","MIL",0.56644295,89.80172414,0.01521253,81.95238095,,,0.15973154,75.90636704,0.13333333,81.66793893,0.12527964,84.57534247,,,0.13912375,"Victor Santos",446,276343
"Scott Eyre","SFG",0.68232386,90.69503546,0.17552534,82.42857143,0.00123609,86,0.04697157,77.29411765,0.09394314,80.96610169,,,,,0.13909378,"Scott Eyre",1300,113961
"Bruce Chen","BAL",0.45412131,87.79220779,0.12286159,81.50877193,,,0.18195956,74.33870968,0.24105754,78.76033058,,,,,0.13903743,"Bruce Chen",769,136600
"Josias Manzanillo","FLA",0.63346614,89.62980769,0.26494024,81.70652174,0.00996016,87,0.02589641,78.11111111,0.06573705,82.85714286,,,,,0.13893654,"Josias Manzanillo",996,118268
"Jeremy Bonderman","DET",0.55546656,93.34,0.278334,82.82287823,,,0.02162595,80.62162162,0.14337205,84.42122186,0.00120144,85,,,0.13784806,"Jeremy Bonderman",1667,425827
"Joe Kennedy","COL",0.66836263,89.44327931,0.11147086,80.71978022,,,0.13552266,76,0.08418131,81.03401361,0.00046253,,,,0.13761468,"Joe Kennedy",1217,406773
"Jim Brower","SFG",0.53194888,91.99176955,0.2827476,86.32014388,,,0.0215655,77.16666667,0.16373802,82.39130435,,,,,0.13736264,"Jim Brower",313,150342
"Mark Hendrickson","TBD",0.60266774,87.50432526,0.04769604,82.23255814,0.08124495,84.81564246,0.11277284,73.90376569,0.15561843,81.42642643,,,,,0.13699583,"Mark Hendrickson",1574,424805
"Wade Miller","HOU",0.66146993,90.05376344,0.06458797,85.96,0.00668151,86.66666667,0.15367483,75.92222222,0.11358575,82.09929078,,,,,0.13674121,"Wade Miller",568,150063
"Trever Miller","TBD",0.51393189,87.84210526,0.2879257,78.19014085,,,0.12383901,76.09589041,0.07430341,79.84444444,,,,,0.13636364,"Trever Miller",1672,119125
"Dan Miceli","HOU",0.55,91.68983957,0.18947368,84.06598985,,,0.01578947,79.88235294,0.14298246,83.25806452,0.10175439,84.33980583,,,0.13574661,"Dan Miceli",1463,119023
"Aaron Fultz","MIN",0.51519337,88.65410959,0.28453039,80.4969697,,,0.02900552,76.05555556,0.17127072,79.67857143,,,,,0.13539192,"Aaron Fultz",1113,150269
"Matt Thornton","SEA",0.71755725,92.84727273,0.15267176,80.92063492,,,,,0.12977099,84.34482759,,,,,0.13366337,"Matt Thornton",1918,407819
"Justin Germano","SDP",0.60784314,87.32539683,,,0.00280112,89,0.30252101,71.36231884,0.08683473,78.39130435,,,,,0.13349515,"Justin Germano",1938,430683
"Mark Corey","PIT",0.52471483,90.03964758,0.07034221,85.15151515,0.00570342,87.33333333,0.16730038,74.54929577,0.23193916,79.28571429,,,,,0.13300493,"Mark Corey",870,407579
"Jason Schmidt","SFG",0.64617355,93.51434034,0.05699648,85.12318841,,,0.03554275,80.06382979,0.25840538,87.45760234,0.00288184,86.66666667,,,0.13283417,"Jason Schmidt",1131,121834
"Kris Benson","- - -",0.61833455,91.44953416,0.2027027,85.51422319,0.0073046,88.25,0.05807159,78.77310924,0.11358656,83.36398467,,,,,0.1320038,"Kris Benson",982,150249
"Steve Reed","COL",0.6322361,84.88317757,0.29398411,74.06372549,,,,,0.0737798,75.03773585,,,,,0.13170732,"Steve Reed",1053,121002
"Curt Leskanic","- - -",0.58565154,91.71689498,0.30746706,83.72307692,,,0.08491947,78.5,0.02196193,84.11111111,,,,,0.12972292,"Curt Leskanic",694,117710
"Carlos Hernández","HOU",0.54451039,87.4246988,0.04005935,80.80769231,,,0.20178042,73.55833333,0.21364985,80.55,,,,,0.12919897,"Carlos Hernandez",560,400056
"Matt Herges","SFG",0.72296601,90.00341297,0.02265705,82.28571429,0.00102987,86,0.09577755,74.43243243,0.15756952,77.8503937,,,,,0.12914798,"Matt Herges",780,150382
"Dan Haren","STL",0.62787136,91.77607362,0.19448698,82.56565657,,,0.06584992,79.66666667,0.0474732,82.17241379,0.06431853,83.86486486,,,0.12830688,"Dan Haren",1757,429717
"Bob File","TOR",0.73496659,89.17254902,0.00222717,81,,,0.19153675,75.84615385,0.07126949,79.21428571,,,,,0.12815534,"Bob File",1301,400105
"Chad Fox","FLA",0.41884817,94.34042553,0.42408377,86.76666667,,,0.03664921,85,,,0.12041885,83.9047619,,,0.12785388,"Chad Fox",684,114354
"Brad Lidge","HOU",0.48600311,95.21631206,0.45101089,88.43680297,,,,,0.05209953,87.78431373,0.01088647,88.21428571,,,0.12745763,"Brad Lidge",563,400058
"Roy Corcoran","MON",0.76404494,89.8030303,0.03370787,84.5,,,0.19101124,77.625,0.01123596,82,,,,,0.12745098,"Roy Corcoran",1780,429981
"Brian Lawrence","SDP",0.59180577,83.22369878,0.30121396,77.93223819,0.00379363,81.55555556,0.00189681,75.4,0.09711684,77.60509554,0.00417299,82.27272727,,,0.12706817,"Brian Lawrence",1045,400147
"Luis Vizcaino","MIL",0.60546139,92.28174603,0.21751412,83.38095238,,,0.00094162,,0.03389831,85.27586207,0.14218456,87.81203008,,,0.12684124,"Luis Vizcaino",714,150430
"Andy Pettitte","HOU",0.6202209,89.11213518,0.16567545,84.29714286,0.04757859,86.21428571,0.11384877,74.12380952,0.0526763,79.98333333,,,,,0.12676056,"Andy Pettitte",840,120485
"Horacio Ramirez","ATL",0.63157895,88.85523385,0.19799499,83.52702703,,,0.01378446,77.1,0.15538847,83.11818182,0.00125313,85,,,0.12607759,"Horacio Ramirez",110,400141
"Jack Cressend","CLE",0.57307692,88.40625,0.05769231,80.73333333,,,0.25,79.36734694,0.10769231,81.86363636,0.01153846,81,,,0.12416107,"Jack Cressend",723,150162
"Ben Sheets","MIL",0.63911934,93.29127433,0.00063816,88,,,0.30918953,81.03383459,0.05105297,84.46153846,,,,,0.12402235,"Ben Sheets",710,282656
"Jamie Walker","DET",0.49058824,86.68987342,0.25647059,77.37575758,,,0.10235294,74.01492537,0.15058824,78.90566038,,,,,0.12320329,"Jamie Walker",502,123828
"Chris Capuano","MIL",0.60030864,88.24573379,0.09799383,79.85057471,0.00308642,84.5,0.07330247,77.7752809,0.22530864,77.29646018,,,,,0.1225457,"Chris Capuano",1701,425626
"J.C. Romero","MIN",0.65943993,91.97899838,0.18428184,81.88333333,,,0.07226739,77.03773585,0.08401084,79.37662338,,,,,0.121875,"J.C. Romero",754,240694
"Brian Fuentes","COL",0.8070922,89.22075055,0.09503546,77.11627907,,,0.04680851,72.82142857,0.05106383,71.75,,,,,0.11925466,"Brian Fuentes",429,150118
"Chris George","KCR",0.67669173,87.45059289,0.08120301,81.33333333,,,0.09022556,72.94736842,0.1518797,78.734375,,,,,0.1192053,"Chris George",601,150203
"Aaron Rakers","BAL",0.5,89.94444444,0.03333333,85.5,,,0.08333333,77,0.38333333,78.21428571,,,,,0.11764706,"Aaron Rakers",2638,433258
"Matt Perisho","FLA",0.67224547,89.13456464,0.22315202,81.60162602,,,0.0041841,78,0.09483961,80.77966102,0.0055788,77.75,,,0.11735941,"Matt Perisho",1423,120419
"Bobby Seay","TBD",0.68373494,89.98089172,0.13554217,75.96551724,,,0.14759036,74.83783784,0.03313253,81.09090909,,,,,0.11702128,"Bobby Seay",1225,150144
"Kirk Rueter","SFG",0.7165978,84.16596932,0.05991736,76.30894309,0.02410468,81.93333333,0.0203168,72.92682927,0.17906336,76.55162242,,,,,0.11625076,"Kirk Rueter",1128,121541
"David Wells","SDP",0.6040404,87.45703125,0.02020202,81.9,0.05454545,84.19166667,0.22626263,71.65841584,0.09494949,79.3027027,,,,,0.11622103,"David Wells",855,124071
"T.J. Tucker","MON",0.56612022,88.20051414,0.33005464,83.52610442,,,0.09071038,80.37777778,0.01311475,82.57142857,,,,,0.11563981,"T.J. Tucker",800,324892
"Lance Cormier","ARI",0.63521127,89.58015267,,,,,0.27323944,77.96296296,0.0915493,80.73846154,,,,,0.11552795,"Lance Cormier",4346,433578
"Travis Harper","TBD",0.75932504,89.19186047,0.06039076,79.89473684,,,0.10301954,76.25742574,0.07726465,83.94936709,,,,,0.11547526,"Travis Harper",1211,150135
"Jose Mesa","PIT",0.80962567,93.05714286,0.09518717,86.45205479,0.00962567,89.55555556,0.05775401,79.10869565,0.02352941,83.85,0.00427807,86,,,0.11455399,"Jose Mesa",961,118986
"Justin Wayne","FLA",0.59064327,88.31067961,0.21247563,84.75,0.00584795,85.66666667,0.07212476,75.23529412,0.11890838,80.80952381,,,,,0.11398964,"Justin Wayne",803,400306
"Clint Nageotte","SEA",0.52483444,90.84415584,0.35430464,80.52542373,,,0.0513245,77.35714286,0.06788079,80.87096774,0.00165563,86,,,0.11370262,"Clint Nageotte",2156,425788
"Mike Adams","MIL",0.65268676,90.27864583,0.22673657,83.60606061,,,0.05242464,76.89473684,0.06815203,83.58333333,,,,,0.1127907,"Mike Adams",1937,430606
"D.J. Carrasco","KCR",0.69158879,90.77431907,0.19439252,79.98529412,,,0.07102804,76.24242424,0.04299065,83.38888889,,,,,0.11276949,"D.J. Carrasco",1666,425647
"Aaron Harang","CIN",0.65107616,90.80613027,0.20405629,82.28406467,,,0.0513245,80.2,0.09354305,82.09090909,,,,,0.11212898,"Aaron Harang",1451,421685
"Ryan Wagner","CIN",0.56030151,91.5033557,0.3781407,85.58139535,,,0.00125628,71,0.06030151,84.96875,,,,,0.11209767,"Ryan Wagner",1770,429842
"Jim Mecir","OAK",0.58411844,89.82947977,0.06594886,82.72093023,,,0.00538358,78.5,0.06325707,78.63157895,0.28129206,75.81987578,,,0.11203814,"Jim Mecir",930,118898
"Dan Kolb","MIL",0.89107612,93.69131238,0.06167979,85.66666667,,,0.00262467,79,0.01706037,83.4,0.02755906,84.84615385,,,0.11072261,"Dan Kolb",1257,150285
"Matt Miller","CLE",0.45392954,87.79442509,0.47425474,77.97468354,,,,,0.07181572,77.82352941,,,,,0.11004785,"Matt Miller",1754,285080
"Michael Wuertz","CHC",0.54782609,90.38502674,0.26956522,84.33663366,,,0.02391304,81,0.14782609,84.83333333,0.01086957,85.25,,,0.10810811,"Michael Wuertz",1856,430900
"Ryan Vogelsong","PIT",0.74474328,92.75657895,0.06748166,82.61538462,0.000978,87.5,0.09242054,78.7862069,0.09437653,83.60344828,,,,,0.10807292,"Ryan Vogelsong",1011,285064
"Noah Lowry","SFG",0.56214916,86.97942387,0.10986367,82.03603604,,,0.05453087,73.24528302,0.2734563,74.02183406,,,,,0.10801144,"Noah Lowry",1833,430161
"Chad Harville","- - -",0.63321386,93.87633262,0.22222222,84.62,,,0.10394265,77.90909091,0.03942652,82.53125,0.00119474,84,,,0.10756124,"Chad Harville",915,150420
"Oliver Pérez","PIT",0.71015011,93.02633229,0.24052895,80.6025641,0.0003574,78,0.01072194,75.79166667,0.0382416,83.12222222,,,,,0.10689215,"Oliver Perez",1514,424144
"Roberto Novoa","DET",0.67880795,92.87356322,0.23509934,83.18181818,,,0.03642384,80,0.04966887,85.13333333,,,,,0.10650888,"Roberto Novoa",2217,430604
"Juan Padilla","- - -",0.5331565,87.36956522,0.19628647,82,,,0.04774536,75.2,0.22281167,78.58181818,,,,,0.10638298,"Juan Padilla",2532,433677
"Chad Bradford","OAK",0.72487437,82.16367713,0.19221106,68.752,,,,,0.08291457,71.89090909,,,,,0.10596026,"Chad Bradford",904,136268
"Arthur Rhodes","OAK",0.73373676,91.56179775,0.18910741,82.61538462,,,0.04387292,78.16666667,0.0332829,83.05555556,,,,,0.10497981,"Arthur Rhodes",1097,121125
"Vicente Padilla","PHI",0.76515152,91.25547445,0.01388889,85.83333333,,,0.1875,73.53424658,0.0334596,82.58333333,,,,,0.10493827,"Vicente Padilla",964,218894
"Jeff Suppan","STL",0.53992674,88.79829787,0.11648352,83.26217228,0.0025641,85.5,0.15164835,72.02033898,0.18937729,81.4600939,,,,,0.10462447,"Jeff Suppan",633,122987
"Jose Valverde","ARI",0.69639066,92.28820961,0.10828025,82.64516129,,,0.01061571,82.5,0.04670913,84.21052632,0.13800425,85.38596491,,,0.10377358,"Jose Valverde",1726,407878
"Jesse Crain","MIN",0.75376884,92.93129771,0.12562814,85.44680851,,,0.11557789,72.38461538,0.00502513,83,,,,,0.1036036,"Jesse Crain",4817,430884
"Gary Knotts","DET",0.61597542,90.2554068,0.06502816,85.03125,0.00665643,88.07692308,0.20532514,75.32386364,0.10701485,83.36082474,,,,,0.10325838,"Gary Knotts",1428,276352
"Dennis Tankersley","SDP",0.56890459,89.36015326,0.22438163,80.98198198,0.00176678,88,0.00176678,78,0.20318021,80.91176471,,,,,0.1015873,"Dennis Tankersley",1054,407807
"John Wasdin","TEX",0.71184739,90.25952813,0.00301205,81.66666667,,,0.13955823,77.96491228,0.14558233,80.6147541,,,,,0.1015274,"John Wasdin",1768,123955
"John Riedling","CIN",0.65665236,90.46984127,0.2,84.93220339,,,0.07639485,78.54054054,0.06695279,82.4375,,,,,0.10144928,"John Riedling",1515,150180
"David Weathers","- - -",0.6383855,89.09031199,0.29901153,84.0443038,,,0.00741351,79.25,0.03871499,83.12820513,0.01647446,82.5,,,0.10140637,"David Weathers",902,124000
"Danny Graves","CIN",0.66473988,89.45353982,0.09479769,79.86363636,,,0.22427746,73.65942029,0.01618497,80.69230769,,,,,0.10134436,"Danny Graves",326,115056
"Jason Frasor","TOR",0.75256769,93.07366483,0.04948646,82.79545455,,,0.15219421,79.95535714,0.03361345,86.07692308,0.01213819,86.69230769,,,0.10134003,"Jason Frasor",1906,430630
"Mark Mulder","OAK",0.61411209,89.33994709,0.09081702,84.33739837,0.00438893,86.30769231,0.10128292,68.81395349,0.0938555,81.77880184,0.09554355,84.56398104,,,0.10106222,"Mark Mulder",932,150426
"Matt Ginter","NYM",0.58800774,89.44331984,0.28529981,82.41129032,,,0.00290135,78.66666667,0.1237911,82.88596491,,,,,0.10025929,"Matt Ginter",233,215197
"Felix Rodriguez","- - -",0.90588235,94.84827586,0.08235294,87.91666667,,,,,0.01176471,86.42857143,,,,,0.10008071,"Felix Rodriguez",1127,121353
"Jason Anderson","CLE",0.80555556,89.25,0.19444444,83,,,,,,,,,,,0.1,"Jason Anderson",1661,425427
"Scott Downs","MON",0.67656416,85.33617021,0.09756098,77.67741935,,,0.12089077,73.84931507,0.10498409,78.35365854,,,,,0.09933142,"Scott Downs",773,275933
"Jason Grimsley","- - -",0.92395833,91.54632588,0.04791667,85,,,0.003125,80,0.01354167,84,0.01145833,88.42857143,,,0.09906542,"Jason Grimsley",602,115169
"Ryan Franklin","SEA",0.54056865,88.815,0.18723994,82.87162162,0.00034674,86,0.09466019,75.05936073,0.17475728,79.9375,0.00242718,83,,,0.09881546,"Ryan Franklin",1076,211041
"Bronson Arroyo","BOS",0.48810468,88.63237519,0.26249009,76.24538259,0.00594766,85.57142857,0.13600317,73.62931034,0.1074544,78.99346405,,,,,0.09847138,"Bronson Arroyo",978,276520
"Greg Aquino","ARI",0.61067194,94.096,0.34782609,84.43150685,,,0.00395257,,0.03754941,84.76923077,,,,,0.09803922,"Greg Aquino",1899,425628
"Randy Johnson","ARI",0.45251908,93.69651272,0.43603053,84.39319471,,,,,0.06687023,85.14772727,0.04458015,85.71774194,,,0.09771539,"Randy Johnson",60,116615
"Ron Mahay","TEX",0.61257606,90.995842,0.13286004,81.92079208,,,0.01521298,77.69230769,0.15922921,82.35460993,0.0801217,83.35294118,,,0.09753874,"Ron Mahay",290,118158
"Brian Boehringer","PIT",0.74299065,92.22794118,0.20327103,84.09090909,,,0.01168224,80,0.04205607,83.82352941,,,,,0.09751037,"Brian Boehringer",984,111145
"Brad Penny","- - -",0.7684466,93.85101215,,,,,0.17330097,77.26732673,0.05728155,84.37037037,0.00097087,87,,,0.09750765,"Brad Penny",535,207267
"Paul Quantrill","NYY",0.85048835,87.41390728,0.03831705,83.12121212,,,,,0.11119459,81.80722892,,,,,0.09746328,"Paul Quantrill",669,120824
"Mike Koplove","ARI",0.6957265,88.30981595,0.13846154,76.19008264,,,0.00683761,72,0.15897436,78.08433735,,,,,0.09713855,"Mike Koplove",63,407377
"Brian Anderson","KCR",0.6649361,87.26916376,0.15055911,80.10358566,,,0.03953674,76.43956044,0.14456869,79.11538462,0.00039936,,,,0.0966811,"Brian Anderson",44,110230
"Bobby Madritsch","SEA",0.63746959,90.38,0.13544201,77.60305344,0.00081103,,0.03730738,75.95121951,0.18896999,76.79802956,,,,,0.0966325,"Bobby Madritsch",2085,425476
"Jorge Sosa","TBD",0.65844402,94.55423123,0.24731183,84.29283489,,,,,0.09424415,85.99270073,,,,,0.09578107,"Jorge Sosa",1228,407901
"Ugueth Urbina","DET",0.58871915,90.56218905,0.22444183,83.59090909,0.00117509,83,0.00235018,76,0.17391304,77.4,0.00940071,86.875,,,0.09564293,"Ugueth Urbina",216,123584
"John Parrish","BAL",0.58105939,90.6039604,0.32905297,85.36170213,0.02166934,87.62962963,0.00080257,,0.06741573,83.52941176,,,,,0.09513435,"John Parrish",160,332292
"Jon Leicester","CHC",0.67233385,92.32986111,0.24729521,84.70940171,,,0.01545595,81.66666667,0.06491499,84.53846154,,,,,0.09497207,"Jon Leicester",2092,425484
"Jon Lieber","NYY",0.59114583,90.06728972,0.31380208,83.37160121,0.00086806,,0.00390625,,0.08637153,82.92553191,0.00390625,88.4,,,0.09390963,"Jon Lieber",287,117758
"Jorge Julio","BAL",0.72502291,95.96328671,0.2263978,84.765625,,,0.01374885,83.54545455,0.03391384,84.9375,0.00091659,,,,0.09362055,"Jorge Julio",148,406402
"David Riske","CLE",0.81148867,90.32101617,0.01456311,81.375,,,0.02750809,76.4,0.11084142,79.82568807,0.03559871,81.14705882,,,0.09343066,"David Riske",402,228594
"Brandon Webb","ARI",0.70952073,87.01681196,0.00453368,81.08333333,0.00032383,,0.13147668,74.32490975,0.10395078,79.05365854,0.0501943,83.28676471,,,0.09270561,"Brandon Webb",1692,425630
"Brad Radke","MIN",0.69672944,89.24410876,0.05781302,83.24832215,,,0.05450942,76.5648855,0.19094813,77.57438017,,,,,0.09251497,"Brad Radke",748,120878
"Jeff Nelson","TEX",0.4822335,88.47008547,0.5,78.93288591,,,,,0.0177665,79.33333333,,,,,0.0921659,"Jeff Nelson",1092,119704
"Zack Greinke","KCR",0.56098742,89.07169345,0.10164569,82.58479532,0.03049371,85.62,0.18441433,70.59448819,0.12245886,78.64788732,,,,,0.09202454,"Zack Greinke",1943,425844
"Josh Beckett","FLA",0.67686769,94.03720508,,,,,0.14266427,77.04329004,0.180018,87.24545455,0.00045005,,,,0.09139127,"Josh Beckett",510,277417
"Barry Zito","OAK",0.59701493,86.86491557,,,,,0.24686567,71.23573574,0.1561194,73.97278912,,,,,0.09137744,"Barry Zito",944,217096
"Jake Peavy","SDP",0.61058679,91.27095517,0.19080837,83.67732558,0.01231022,87.11111111,0.01928601,74.65116279,0.16700862,82.44680851,,,,,0.09131569,"Jake Peavy",1051,408241
"Shigetoshi Hasegawa","SEA",0.57680872,88.59694989,0.23290387,80.7,,,0.00396432,79.33333333,0.10208127,81.27777778,0.08424182,83.81081081,,,0.09050179,"Shigetoshi Hasegawa",1082,115586
"Tommy Phelps","FLA",0.56072874,86.86746988,0.13360324,82.18333333,,,0.12145749,73.77777778,0.18421053,81.07142857,,,,,0.09023941,"Tommy Phelps",1665,425882
"Shawn Estes","COL",0.68094148,88.86705577,0.00915332,84.22222222,,,0.17097091,73.1825,0.13893429,82.89244186,,,,,0.08958766,"Shawn Estes",873,113915
"Ryan Madson","PHI",0.52051048,90.17061611,0.00091158,,,,0.17775752,77.44578313,0.30082042,79.57534247,,,,,0.08903545,"Ryan Madson",1852,425492
"Ramon Ortiz","ANA",0.62915025,91.26682987,0.19864941,83.85016287,0.00056275,88,0.00112549,78,0.16601013,83.35833333,0.00450197,86.75,,,0.08844581,"Ramon Ortiz",27,150009
"Jason Jennings","COL",0.6029654,89.87623762,0.21449753,82.12340426,,,0.04283361,78.57317073,0.13970346,81.91919192,,,,,0.0882177,"Jason Jennings",434,407298
"Jarrod Washburn","ANA",0.66409091,88.77287319,0.18181818,81.21487603,,,0.01409091,76.38461538,0.13772727,80.69847328,0.00227273,83.75,,,0.08699254,"Jarrod Washburn",40,132220
"Marc Kroon","COL",0.81746032,92.34615385,0.0952381,86,,,,,0.08730159,83.63636364,,,,,0.08695652,"Marc Kroon",1964,117327
"Giovanni Carrara","LAD",0.48745046,88.68518519,0.24306473,84.16959064,0.01717305,85.16666667,0.12945839,70.2,0.12285337,79.57692308,,,,,0.08685163,"Giovanni Carrara",643,112030
"Scott Service","ARI",0.33423181,85.40659341,0.10512129,76.37037037,,,0.39083558,74.5,0.16981132,81.46428571,,,,,0.08674699,"Scott Service",1684,122012
"Mark Buehrle","CHW",0.4959905,87.10202429,0.11583012,81.9375,0.15948916,84.61375661,0.1015741,72.62452107,0.12711613,78.35913313,,,,,0.08674438,"Mark Buehrle",225,279824
"Matt Kinney","- - -",0.74085138,91.19698725,0.14264376,81.0994152,,,0.07020164,77.1097561,0.04107543,84.49019608,0.00522778,85.4,,,0.08532423,"Matt Kinney",737,150219
"Joe Horgan","MON",0.57859532,87.45798319,0.31103679,83.77952756,0.00167224,86,0.07023411,73,0.03846154,82.10526316,,,,,0.08510638,"Joe Horgan",2304,425820
"Carlos Almánzar","TEX",0.64392324,93.42795699,0.24520256,84.34871795,,,0.00639659,80,0.10447761,83.75949367,,,,,0.08487805,"Carlos Almanzar",308,110179
"George Sherrill","SEA",0.48684211,88.74637681,0.15,77.44186047,,,0.21315789,74.66176471,0.15,80.11363636,,,,,0.08433735,"George Sherrill",6291,430941
"Tom Martin","- - -",0.69507324,90.46396396,0.04926764,79.03846154,,,0.22636485,76.0397351,0.02929427,81.22222222,,,,,0.08414634,"Tom Martin",1219,118353
"Daniel Cabrera","BAL",0.73497148,92.14393939,0.02983765,81.76666667,,,0.19569987,79.19945355,0.039491,81.38028169,,,,,0.08413462,"Daniel Cabrera",1931,425555
"Chad Gaudin","TBD",0.61777778,90.23765432,0.29037037,80.57961783,,,0.00444444,79,0.08740741,82.9245283,,,,,0.08401084,"Chad Gaudin",1783,429985
"Ismael Valdez","- - -",0.59861732,87.70136986,0.05205368,81.15306122,,,0.22244815,76.3557047,0.12525417,80.55893536,0.00162668,,,,0.08233979,"Ismael Valdez",1283,123595
"Terry Adams","- - -",0.66878981,89.3759542,0.25659691,83.02702703,0.01546861,88.125,0.02547771,80.73333333,0.03366697,82.81818182,,,,,0.08229426,"Terry Adams",946,110067
"Ben Ford","MIL",0.69428571,90.07575758,0.11142857,80.375,,,0.16571429,78.61702128,0.02857143,83,,,,,0.08136483,"Ben Ford",1858,136421
"Julio Mateo","SEA",0.55721393,90.74550898,0.32835821,81.215311,,,0.04726368,77.08823529,0.05721393,79.57575758,0.00995025,84,,,0.08108108,"Julio Mateo",1087,421024
"Dustin Hermanson","SFG",0.52415584,90.10252809,0.22805195,83.05059524,,,0.00623377,,0.19324675,82.2875817,0.04831169,83.64556962,,,0.08099095,"Dustin Hermanson",195,115812
"Dontrelle Willis","FLA",0.77320307,89.88164557,0.14933706,79.50511945,,,0.02442428,76.98387097,0.05303559,79,,,,,0.0809341,"Dontrelle Willis",1703,425883
"Gabe White","- - -",0.74593968,89.12077295,0.12296984,79.67088608,,,0.08700696,78.1754386,0.04408353,80.1,,,,,0.08071279,"Gabe White",360,124171
"Orlando Hernandez","NYY",0.44283537,87.27639752,0.25914634,76.05347594,,,0.15243902,68.6509434,0.14557927,80.75193798,,,,,0.08036338,"Orlando Hernandez",823,133340
"Mark Prior","CHC",0.70344828,92.63605823,0.05039788,80.71875,,,0.20424403,79.29310345,0.04190981,84.01428571,,,,,0.08009709,"Mark Prior",301,407578
"Rich Harden","OAK",0.66678153,94.32952495,0.17436251,85.71524664,,,0.00172295,82.8,0.05926947,85.3375,0.09786354,85.61181435,,,0.07989854,"Rich Harden",1772,425848
"Randy Choate","ARI",0.75728155,86.67154812,0.22330097,74.99230769,,,0.00606796,76.25,0.01334951,77.44444444,,,,,0.07938258,"Randy Choate",813,329092
"Scott Elarton","- - -",0.6739898,88.52279202,0.04982346,81.58928571,,,0.15417811,75.38650307,0.12200863,79.20377358,,,,,0.07938218,"Scott Elarton",426,134003
"Matt Morris","STL",0.55949008,89.35708298,0.04992918,84.83050847,0.02407932,86.22413793,0.27584986,74.14576803,0.0881728,81.61722488,0.00247875,85.5,,,0.07894737,"Matt Morris",1172,119403
"Tony Armas","MON",0.62469338,89.26069246,0.2526574,81.65517241,,,0.0678659,78.35714286,0.05478332,82.26666667,,,,,0.07831325,"Tony Armas",761,150393
"Juan Cruz","ATL",0.66936937,94.23945783,0.19369369,81.56923077,,,0.03783784,77.7804878,0.0990991,83.74757282,,,,,0.07807309,"Juan Cruz",273,407297
"Octavio Dotel","- - -",0.80133432,93.86089814,0.17865085,83.3286385,,,0.01556709,80.52631579,0.00444774,80.5,,,,,0.07791328,"Octavio Dotel",555,136734
"Yhency Brazoban","LAD",0.71209213,95.07079646,0.23800384,84.19642857,,,0.03071017,83.625,0.01535509,84.375,0.00383877,75,,,0.07787611,"Yhency Brazoban",2150,430674
"Steve Karsay","NYY",0.65263158,91.41304348,0.03157895,79,,,0.26315789,75.13636364,0.04210526,84.75,0.01052632,86,,,0.0776699,"Steve Karsay",829,116853
"Ricky Bottalico","NYM",0.55113636,88.68852459,0.29166667,82.61596958,,,0.06155303,75.46428571,0.09564394,81.49462366,,,,,0.07685665,"Ricky Bottalico",948,111262
"Ben Howard","FLA",0.71034483,92.07183908,0.22758621,83.24603175,,,0.04482759,80.08,0.01724138,84.8,,,,,0.07643312,"Ben Howard",1452,407806
"Paul Byrd","ATL",0.56770833,87.22311828,0.23763021,79.75226586,,,0.05924479,74.60465116,0.13541667,79.20418848,,,,,0.07623049,"Paul Byrd",594,111838
"Keith Foulke","BOS",0.63471503,87.8056872,0.04576857,82.46153846,0.00345423,85,0.00863558,76.75,0.3074266,76.37719298,,,,,0.07594937,"Keith Foulke",231,114342
"Todd Wellemeyer","CHC",0.75157895,93.55421687,0.08210526,84.4,,,0.00210526,83,0.16421053,84.73015873,,,,,0.07572816,"Todd Wellemeyer",1709,425487
"Ray King","STL",0.56914286,91.05955335,0.38171429,84.099631,,,,,0.04914286,83.48717949,,,,,0.07505285,"Ray King",693,150037
"Kyle Farnsworth","CHC",0.64867257,96.08347245,0.32920354,84.77377049,,,0.00973451,80.875,0.01238938,87.76923077,,,,,0.07473599,"Kyle Farnsworth",278,150035
"Carl Pavano","FLA",0.67309016,90.97138965,0.18479009,83.71078431,0.00309704,80.77777778,0.00378527,81.27272727,0.13489332,83.08832808,0.00034412,83,,,0.07416799,"Carl Pavano",790,134321
"Matt Clement","CHC",0.5692029,90.39097169,0.33949275,84.76202532,0.01123188,89.83333333,,,0.08007246,84.40449438,,,,,0.07412354,"Matt Clement",271,136725
"LaTroy Hawkins","CHC",0.81718464,93.14917127,0.08409506,88.01428571,,,0.07769653,78.63157895,0.01828154,82.41666667,0.00274223,88.66666667,,,0.07388749,"LaTroy Hawkins",729,115629
"Jimmy Anderson","- - -",0.82743363,86.14193548,0.03539823,81.25,,,0.07079646,77.125,0.06637168,79.33333333,,,,,0.07377049,"Jimmy Anderson",977,150247
"Freddy Garcia","- - -",0.47076216,90.14946962,0.20663601,83.47709924,,,0.16721419,75.31077694,0.1478318,83.08355091,0.00755585,75.52631579,,,0.07294833,"Freddy Garcia",1077,150119
"Carlos Zambrano","CHC",0.750625,92.90005679,0.1359375,81.9347181,0.0015625,86.8,0.0271875,72.67567568,0.0625,82.6196319,0.0221875,85.44827586,,,0.07210845,"Carlos Zambrano",305,407296
"Chris Hammond","OAK",0.48026316,82.54770318,0.08421053,81.29824561,,,0.12763158,69.46835443,0.30789474,69.44329897,,,,,0.07168894,"Chris Hammond",92,115391
"Dewon Brazelton","TBD",0.61235357,90.03191489,0.04153355,81.22058824,0.00053248,80,0.08998935,77.82442748,0.25559105,80.82422803,,,,,0.0713934,"Dewon Brazelton",1195,407376
"Pedro Feliciano","NYM",0.514377,87.02608696,0.12460064,80.16666667,,,0.30031949,76.28205128,0.06070288,78.125,,,,,0.07121662,"Pedro Feliciano",1601,408230
"Jeriome Robertson","CLE",0.40408163,86.375,0.31836735,80.67647059,,,0.08979592,71.64705882,0.1877551,76.84090909,,,,,0.07089552,"Jeriome Robertson",1619,276359
"Logan Kensing","FLA",0.79661017,92.69230769,0.14830508,81.52380952,,,,,0.05508475,84.33333333,,,,,0.07086614,"Logan Kensing",6166,434137
"Jose Jimenez","CLE",0.77217391,90.79455446,0.12869565,79.38571429,,,0.00173913,77,0.04,83.2,0.0573913,84.75,,,0.07085346,"Jose Jimenez",435,150455
"Jason Isringhausen","STL",0.54220183,91.65652174,0.20642202,88.38297872,0.04862385,89.02040816,0.17981651,79.22424242,0.02201835,85.5,0.00091743,89,,,0.07051827,"Jason Isringhausen",1158,116414
"Eddie Guardado","SEA",0.76959248,88.00726392,0.12539185,80.328125,,,0.01410658,75.55555556,0.08934169,79.48148148,0.0015674,,,,0.06997085,"Eddie Guardado",727,115216
"Cory Lidle","- - -",0.55364512,88.18297101,0.04848693,84.45736434,0.01409904,84.91666667,0.17400275,72.94586895,0.12242091,73.89534884,0.08734525,81.36787565,,,0.06981192,"Cory Lidle",926,117756
"Matt Guerrier","MIN",0.57467532,88.01818182,0.0974026,82.53846154,,,0.19155844,74.94230769,0.10064935,80.82142857,0.03571429,80.5,,,0.0694864,"Matt Guerrier",2061,407825
"John Patterson","MON",0.68016677,89.91729323,0.21560453,83.7752443,0.00238237,82,0.05360334,74.54794521,0.048243,84.05333333,,,,,0.06945976,"John Patterson",71,279568
"Cliff Politte","CHW",0.72253052,93.53057199,0.23196448,85.62643678,,,0.00110988,80,0.04217536,84.59375,0.00221976,86.5,,,0.06907216,"Cliff Politte",967,131700
"Kyle Lohse","MIN",0.60646204,91.76085588,0.16865913,84.32926829,,,0.09563813,76.9055794,0.12924071,81.86819484,,,,,0.06906907,"Kyle Lohse",739,346798
"Eric Milton","PHI",0.720625,89.50045086,0.024375,79.24242424,0.000625,86,0.088125,72.3125,0.16625,78.34448161,,,,,0.06866453,"Eric Milton",743,132980
"Esteban Loaiza","- - -",0.51868512,88.88391376,0.17681661,84.26211454,0.22768166,85.70500928,0.00449827,77.58333333,0.07231834,79.62130178,,,,,0.06853282,"Esteban Loaiza",1310,117842
"Antonio Alfonseca","ATL",0.92049808,93.92269939,0.01245211,88.25,,,0.00191571,,0.02394636,84.95454545,0.04118774,88.07894737,,,0.06838366,"Antonio Alfonseca",260,110134
"Tim Wakefield","BOS",0.09061372,75.88513514,,,,,0.09133574,59.8502994,0.00036101,,,,0.81768953,67.73085671,0.06822742,"Tim Wakefield",219,123801
"Jerome Williams","SFG",0.60481283,89.5381295,0.16737968,83.38888889,,,0.07914439,74.36607143,0.14652406,82.35545024,0.00213904,84.25,,,0.06822709,"Jerome Williams",1137,425532
"Glendon Rusch","CHC",0.69287469,88.23837784,0.03194103,79.01754386,0.01474201,83.30434783,0.1031941,72.775,0.15724816,79.7761194,,,,,0.06819222,"Glendon Rusch",707,121556
"Terry Mulholland","MIN",0.65068493,86.42022941,0.13527397,79.88732394,0.01484018,84.03846154,0.16267123,74.69603524,0.03652968,80.47619048,,,,,0.06709265,"Terry Mulholland",665,119488
"Eddy Rodriguez","BAL",0.7423231,90.18974359,0.17489987,83.41111111,,,0.00133511,84,0.08144192,83.52727273,,,,,0.0669145,"Eddy Rodriguez",2193,430626
"Kelvim Escobar","ANA",0.53561343,93.51179414,0.14872921,87.60638298,0.01255099,89.46153846,0.05271415,81.12244898,0.09695639,82.37681159,0.15343583,85.66666667,,,0.06674439,"Kelvim Escobar",1298,113898
"Russ Ortiz","ATL",0.6763524,90.0744956,0.08562597,81.3219697,0.00123648,87.75,0.07727975,79.09859155,0.15950541,83.03198294,,,,,0.06630153,"Russ Ortiz",1124,133460
"Turk Wendell","COL",0.4437299,84.96666667,0.47266881,77.69298246,,,,,0.08360129,78.45454545,,,,,0.06606607,"Turk Wendell",975,124084
"Cal Eldred","STL",0.76476101,89.8690671,0.01030928,85.625,,,0.16026242,76.92592593,0.06466729,84.06666667,,,,,0.06555944,"Cal Eldred",1653,113793
"Mike Timlin","BOS",0.88279773,91.81899642,0.01512287,88.75,0.00189036,89,,,0.02457467,83.23076923,0.07561437,88.36585366,,,0.06544503,"Mike Timlin",1187,123348
"Todd Jones","- - -",0.67546584,90.65841584,0.10093168,85.77922078,0.01242236,87.18181818,0.14518634,72.45762712,0.06599379,80.52631579,,,,,0.06537356,"Todd Jones",436,116734
"Jamie Moyer","SEA",0.48934169,81.60952381,0.04576803,78.54166667,0.04106583,79.70535714,0.09153605,72.78481013,0.3322884,75.31030702,,,,,0.06531927,"Jamie Moyer",1091,119469
"Duaner Sanchez","LAD",0.65635739,92.93465046,0.11168385,84.89915966,,,0.12714777,77.86259542,0.05841924,84.03571429,0.04639175,85.98076923,,,0.0648,"Duaner Sanchez",1518,400093
"Roger Clemens","HOU",0.6565625,92.40194397,0.11,84.75562701,,,0.028125,78.12328767,0.0040625,84.55555556,0.20125,88.06398537,,,0.06470417,"Roger Clemens",815,112388
"Rheal Cormier","PHI",0.5890411,87.27697842,0.18630137,81.78846154,,,0.01461187,77.66666667,0.12511416,82.11627907,0.08493151,82.49230769,,,0.06462585,"Rheal Cormier",952,112690
"Tom Glavine","NYM",0.48016373,85.55198648,0.09603275,81.48421053,0.00062972,83.5,0.02361461,76.46153846,0.39955919,80.23621324,,,,,0.06448763,"Tom Glavine",90,114849
"Ted Lilly","TOR",0.52040155,89.33844679,0.1363342,81.72972973,0.00064767,,0.15867876,72.42690058,0.18393782,79.321513,,,,,0.06412583,"Ted Lilly",833,150404
"Odalis Perez","LAD",0.43636364,89.0556701,0.12613636,81.82911392,0.00340909,83.33333333,0.14204545,76.93292683,0.29204545,83.23227753,,,,,0.06382979,"Odalis Perez",668,136602
"Pedro Martínez","BOS",0.54915773,89.43402062,0.10199081,83.13716814,0.04196018,84.7,0.14578867,74.0112782,0.1611026,78.09210526,,,,,0.06364679,"Pedro Martinez",200,118377
"Tim Worrell","PHI",0.63134461,88.7439759,0.12822796,81.51785714,0.00178094,,0.08637578,79.66666667,0.14069457,82.93589744,0.01157614,84.5,,,0.06363636,"Tim Worrell",1139,124580
"Vinnie Chulk","TOR",0.64555556,92.30243902,0.16444444,81.36440678,,,0.11666667,78.68918919,0.07333333,81.80392157,,,,,0.06334372,"Vinnie Chulk",1838,425562
"Franklin Nunez","TBD",0.64903846,95.98373984,0.14423077,82.03448276,,,0.04807692,79.2,0.11057692,86.19047619,0.04807692,83.7,,,0.06306306,"Franklin Nunez",2033,400066
"Doug Brocail","TEX",0.69833729,91.8012685,0.11163895,85.61333333,0.01068884,88.875,0.16508314,78.88695652,0.01187648,81.83333333,0.0023753,,,,0.06229143,"Doug Brocail",551,111492
"J.J. Putz","SEA",0.68607069,93.20425532,0.15072765,84.9338843,,,0.1039501,72.78947368,0.05821206,81.02941176,0.0010395,87,,,0.06159769,"J.J. Putz",1795,407816
"John Ennis","DET",0.67181467,90.2189781,0.02316602,79.5,,,0.22393822,76.75510204,0.08108108,81.8,,,,,0.0615942,"John Ennis",85,407795
"Paul Abbott","- - -",0.47259832,88.56920078,0.26692456,82.85542169,0.00580271,85.22222222,0.06189555,80.44642857,0.19277885,82.28455285,,,,,0.06091677,"Paul Abbott",1061,110015
"Bartolo Colon","ANA",0.75838295,92.6064333,0.12409903,86.3038674,0.01128173,88.16666667,0.01942965,82.34615385,0.08680664,83.76348548,,,,,0.06082868,"Bartolo Colon",375,112526
"Rafael Betancourt","CLE",0.76377953,91.89048474,0.02559055,79.75,,,0.15944882,78.38095238,0.0511811,82.95833333,,,,,0.06038426,"Rafael Betancourt",177,429783
"John Halama","TBD",0.58233173,84.76864728,0.05649038,79.29333333,0.00901442,80.08333333,0.10817308,73.70779221,0.24399038,79.36467236,,,,,0.06028169,"John Halama",1080,134280
"Livan Hernandez","MON",0.53367735,86.85173745,0.2308528,80.39037433,,,0.13579576,70.24633431,0.09967409,79.29411765,,,,,0.06011207,"Livan Hernandez",1116,115817
"Antonio Osuna","SDP",0.69346734,91.24662162,0.15242881,84.69736842,,,0.00502513,78.5,0.13232831,76.94545455,0.01675042,78.66666667,,,0.05974843,"Antonio Osuna",249,120107
"Jon Adkins","CHW",0.64331897,91.57641921,0.27478448,83.75813953,,,0.00107759,79,0.08081897,83.76811594,,,,,0.0597166,"Jon Adkins",1799,424668
"Scott Proctor","NYY",0.78329571,94.26886792,0.12189616,85.22222222,,,0.00451467,,0.09029345,85.71875,,,,,0.05944798,"Scott Proctor",1911,429984
"Kent Mercker","CHC",0.74971297,91.06882591,0.11136625,83.68,,,0.01148106,76.4,0.12743972,80.1011236,,,,,0.05933118,"Kent Mercker",439,118967
"Joe Borowski","CHC",0.45098039,87.52,0.27731092,80.61764706,,,0.13445378,79.79545455,0.1372549,80.73333333,,,,,0.05927835,"Joe Borowski",267,111244
"Damaso Marte","CHW",0.63953488,91.40923567,0.33471761,81.13905325,,,0.01578073,77,0.00996678,83.1,,,,,0.05863956,"Damaso Marte",247,150122
"Chris Reitsma","ATL",0.64017467,93.46938776,0.01135371,79.1,,,0.09170306,77.27659574,0.25676856,80.00729927,,,,,0.05838816,"Chris Reitsma",348,277410
"Jake Westbrook","CLE",0.69293203,90.08311688,0.05816706,83.9527027,0.01623267,85.08,0.05647616,79.57142857,0.17450118,81.90428212,0.0016909,87.4,,,0.05788804,"Jake Westbrook",412,150414
"A.J. Burnett","FLA",0.71922626,95.39418255,0.03399766,83.23684211,,,0.19988277,80.64026403,0.04689332,87.04225352,,,,,0.05781938,"A.J. Burnett",512,150359
"Shawn Chacon","COL",0.7158516,91.00309119,0.07588533,80.859375,,,0.16273187,74.66412214,0.0455312,80.17021277,,,,,0.05752561,"Shawn Chacon",424,276336
"R.A. Dickey","TEX",0.55985915,88.73188406,0.04107981,82.05,,,0.01877934,76.3,0.22593897,76.93272171,0.15434272,81.25365854,,,0.05739514,"R.A. Dickey",1245,285079
"Buddy Groom","BAL",0.60570687,88.88022284,0.24383917,82.29677419,,,,,0.15045396,81.25842697,,,,,0.05738706,"Buddy Groom",143,115183
"Darren Oliver","- - -",0.70057034,87.332,0.13403042,82.65217391,0.05513308,86.24444444,0.06844106,75.40425532,0.0418251,81.75862069,,,,,0.05734767,"Darren Oliver",206,119984
"Jason Kershner","TOR",0.56578947,87.28671329,0.18421053,78.88679245,,,0.01842105,72.33333333,0.23157895,79.20833333,,,,,0.05707196,"Jason Kershner",1566,424625
"Trevor Hoffman","SDP",0.60684932,85.84848485,0.00684932,81.66666667,0.00136986,84,0.04794521,73.92,0.3369863,74.14965986,,,,,0.05684755,"Trevor Hoffman",1035,116034
"Mike Fetters","ARI",0.53943218,88.89166667,0.12933754,82.88235294,,,0.03154574,79.125,0.16719243,81.58536585,0.13249211,82.24242424,,,0.05621302,"Mike Fetters",988,114097
"Kevin Gregg","ANA",0.64246196,92.03978052,0.13278008,84.10457516,,,0.02904564,81,0.09405256,83.1,0.10165975,83.91666667,,,0.05595316,"Kevin Gregg",1793,276514
"Armando Benitez","FLA",0.83229167,94.66776316,0.06041667,87.01886792,,,,,0.053125,86.41304348,0.05416667,87.95833333,,,0.05550146,"Armando Benitez",865,110859
"Brendan Donnelly","ANA",0.71574344,90.235,0.16472303,87.2125,,,,,0.11953353,82.21126761,,,,,0.05509642,"Brendan Donnelly",1441,407791
"Chan Ho Park","TEX",0.58044383,90.82286634,0.19417476,83.55319149,,,0.110957,77.90825688,0.11303745,82.424,0.00138696,,,,0.05442623,"Chan Ho Park",1267,120221
"Joel Pineiro","SEA",0.57587182,90.81444444,0.15834119,85.57241379,,,0.14043355,76.32195122,0.12535344,83.22169811,,,,,0.05434298,"Joel Pineiro",1094,334492
"Neal Cotts","CHW",0.70301418,90.28163993,0.10904255,82.80681818,,,0.12411348,77.57894737,0.06382979,80.90322581,,,,,0.05430242,"Neal Cotts",1797,425840
"Jason Christiansen","SFG",0.75328947,88.22611465,0.17598684,83.81081081,,,0.00328947,75,0.06743421,83.02777778,,,,,0.05409583,"Jason Christiansen",1111,112270
"Mike Remlinger","CHC",0.67959528,89.72077922,0.07082631,81.31034483,,,0.0623946,79.78571429,0.18718381,81.64772727,,,,,0.05354331,"Mike Remlinger",111,121060
"Chad Durbin","- - -",0.63063063,90.23206751,0.04234234,81.77272727,0.0009009,,0.11981982,77.62820513,0.20630631,81.30769231,,,,,0.05272109,"Chad Durbin",1442,239795
"Frank Francisco","TEX",0.7791762,95.18336484,0.03318078,84.69230769,,,0.02517162,80,0.0617849,85.66,0.1006865,85.64473684,,,0.05206074,"Frank Francisco",1933,407911
"Tim Harikkala","COL",0.679,89.80705009,0.146,83.94736842,0.003,86.33333333,0.055,75.33333333,0.115,81.32608696,0.002,82,,,0.05203406,"Tim Harikkala",1909,115475
"Josh Towers","TOR",0.62412253,88.44905213,0.18059987,82.85606061,0.00191449,86.33333333,0.10082961,77.95620438,0.0925335,81.08088235,,,,,0.05180723,"Josh Towers",1489,346869
"Gil Meche","SEA",0.61741906,91.96548507,0.05335157,84.26363636,,,0.20611035,76.4180791,0.12311902,82.43636364,,,,,0.051016,"Gil Meche",1089,219194
"Jesus Colome","TBD",0.87538462,96.31018519,0.06769231,87.24242424,,,,,0.05692308,86.86666667,,,,,0.05079826,"Jesus Colome",1198,400125
"Kevin Brown","NYY",0.69726663,89.26658625,0.18102114,84.83673469,0.00361011,86.83333333,0.00154719,80,0.07013925,83.01176471,0.04641568,86.35185185,,,0.05036675,"Kevin Brown",642,111554
"Billy Koch","- - -",0.75709421,92.92335766,0.13393871,87.83505155,,,0.09421112,79.59016393,0.01475596,81.625,,,,,0.05026738,"Billy Koch",924,150477
"Eric DuBose","BAL",0.54755997,86.21746881,0.04052936,75.91176471,,,0.15384615,72.66233766,0.25806452,75.37370242,,,,,0.05023548,"Eric DuBose",1633,276511
"Mike Myers","- - -",0.72486034,83.67592593,0.22346369,76.41284404,0.00418994,83.66666667,0.01536313,69.5,0.03212291,75.77777778,,,,,0.05,"Mike Myers",68,119624
"Ricky Stone","- - -",0.61548556,87.44117647,0.09186352,81.01960784,,,0.00131234,75,0.29133858,79.7125,,,,,0.0498132,"Ricky Stone",576,150392
"Dan Wheeler","- - -",0.59126984,88.9875,0.16964286,83.2189781,,,0.12301587,75.7826087,0.10119048,82.8045977,0.01488095,84.42857143,,,0.04971857,"Dan Wheeler",120,235095
"Jeff Weaver","LAD",0.5361205,89.12770412,0.18997848,80.44752475,0.00891485,84.55172414,0.20903781,73.99094203,0.05594836,80.35099338,,,,,0.04960607,"Jeff Weaver",503,213711
"B.J. Ryan","BAL",0.8321264,90.27872128,0.13824885,83.10691824,,,,,0.02962475,83.21052632,,,,,0.04912935,"B.J. Ryan",168,124805
"Kerry Wood","CHC",0.6407214,94.03564356,0.27289986,85.61171367,,,0.05790223,76.55045872,0.02847651,84.98113208,,,,,0.04912123,"Kerry Wood",304,134268
"Julian Tavarez","STL",0.6023085,91.52811736,0.22980063,80.38372093,,,0.03672613,77.8,0.11437566,83.07692308,0.01678909,83.93333333,,,0.04885344,"Julian Tavarez",541,123118
"Mike Lincoln","STL",0.64566929,91.4017094,0.03937008,81.125,,,0.31496063,77.35849057,,,,,,,0.04868914,"Mike Lincoln",1457,150221
"Danys Baez","TBD",0.85201794,93.28,0.01793722,85.13333333,,,0.07982063,79.05970149,0.00538117,83.66666667,0.04484305,88.14285714,,,0.04842821,"Danys Baez",367,276056
"Jose Lima","LAD",0.49715785,88.15841584,0.1674683,81.23705722,0.00043725,81,0.00131176,77.66666667,0.33362484,81.3375,,,,,0.04811282,"Jose Lima",475,117769
"Jae Weong Seo","NYM",0.5485183,87.39756098,0.04009297,79.984375,,,0.1121441,76.98275862,0.27948867,77.2364532,0.01975596,81.14705882,,,0.0478022,"Jae Weong Seo",895,150242
"Kevin Gryboski","ATL",0.93281654,93.21981424,0.03617571,87.28,,,0.00258398,81.5,0.02842377,87,,,,,0.0473301,"Kevin Gryboski",91,407839
"Amaury Telemaco","PHI",0.35135135,86.62295082,0.41441441,81.94578313,,,0.03088803,80.29411765,0.07464607,81.05882353,0.12870013,81.73333333,,,0.0473301,"Amaury Telemaco",1802,123176
"Troy Percival","ANA",0.80121212,93.7245614,,,,,0.14181818,76.98130841,0.0569697,84.43181818,,,,,0.04624277,"Troy Percival",29,120401
"Randy Wolf","PHI",0.61412233,86.32719836,0.02386872,75.73333333,0.00049727,,0.2148185,66.98989899,0.14669319,74.21621622,,,,,0.04577631,"Randy Wolf",976,150116
"Rob Bell","TBD",0.63459399,90.28710125,0.04115684,83.54347826,0.00222469,87.5,0.0650723,77.875,0.256396,83.90196078,0.00055617,83,,,0.04562334,"Rob Bell",1492,150174
"Cha Seung Baek","SEA",0.56405354,89.52155172,0.13001912,84.32608696,,,0.13575526,73.86538462,0.17017208,80.46153846,,,,,0.04562044,"Cha Seung Baek",8214,430657
"Francis Beltran","- - -",0.58712121,93.17507418,0.04166667,82.13043478,,,0.10606061,78.32786885,0.21843434,82.6350365,0.04671717,81.91176471,,,0.04463209,"Francis Beltran",1530,407779
"Akinori Otsuka","SDP",0.58931553,90.6872428,0.28130217,84.6199095,,,0.00834725,81.5,0.03839733,83.84615385,0.08263773,84.50632911,,,0.04444444,"Akinori Otsuka",1895,430788
"Mike Stanton","NYM",0.57595993,87.82491582,0.18196995,83.30366492,,,0.11686144,72.66666667,0.12520868,80.96527778,,,,,0.04368546,"Mike Stanton",849,122681
"Rodrigo Lopez","BAL",0.632206,90.20344545,0.15987702,81.77177177,0.00922367,86.73913043,0.05995388,79.61261261,0.13873943,83.05980066,,,,,0.0436377,"Rodrigo Lopez",150,150438
"Scott Stewart","- - -",0.53362256,88.61643836,0.26030369,82.65178571,,,0.06073753,74.36,0.14533623,81.09090909,,,,,0.04356846,"Scott Stewart",797,400305
"Salomon Torres","PIT",0.77310924,92.88314883,0.11993888,86.71323529,,,0.06646295,80.46875,0.03972498,85,0.00076394,88,,,0.04347826,"Salomon Torres",1628,123415
"Brett Myers","PHI",0.60371058,90.95628415,0.00185529,83,,,0.26604824,78.82621951,0.1283859,83.12435233,,,,,0.04280156,"Brett Myers",962,408206
"Grant Roberts","NYM",0.44444444,86.78947368,0.4,85.13888889,,,0.14444444,77,0.01111111,81,,,,,0.04255319,"Grant Roberts",894,150241
"Scot Shields","ANA",0.69975639,92.17391304,0.16930572,80.93577982,,,0.06211937,77.01470588,0.06881851,84.77173913,,,,,0.0424172,"Scot Shields",35,276912
"Wes Obermueller","MIL",0.64830971,89.97945205,0.14067612,83.54587156,,,0.07306434,75.95789474,0.13631407,81.33333333,0.00163577,81,,,0.04229765,"Wes Obermueller",1637,425286
"Elmer Dessens","- - -",0.61788618,91.09692671,0.22299652,84.76219512,,,0.08013937,77.6875,0.05981417,83.72043011,0.01916376,86.06451613,,,0.04219878,"Elmer Dessens",317,113296
"Javier Vazquez","NYY",0.56858912,90.11067961,0.0459433,79.88888889,,,0.14956012,73.55673759,0.23590746,79.57055215,,,,,0.04210855,"Javier Vazquez",801,134320
"Brandon Duckworth","HOU",0.62811127,88.1280654,0.07174231,84.04651163,,,0.19472914,76.58870968,0.10541728,82.03030303,,,,,0.04207574,"Brandon Duckworth",954,346855
"Jose Contreras","- - -",0.54389647,92.09411765,0.14515565,84.1744186,,,0.03812522,77.4516129,0.05666317,80.56,0.2161595,79.08430913,,,0.04176412,"Jose Contreras",1660,425747
"Mike Hampton","ATL",0.60007639,88.18825561,0.11038961,84.52988048,0.03246753,85.84810127,0.06875477,75.94,0.18831169,82.83571429,,,,,0.04137679,"Mike Hampton",430,115399
"CC Sabathia","CLE",0.65119408,93.81390449,0.06659939,81.95541401,,,0.15472587,77.97282609,0.12748066,84.48148148,,,,,0.04122383,"CC Sabathia",404,282332
"Rudy Seanez","- - -",0.59357542,93.48196721,0.23324022,84.02307692,,,0.00139665,,0.0698324,84.74358974,0.10195531,86.43103448,,,0.04021448,"Rudy Seanez",1279,121955
"Miguel Batista","TOR",0.54844899,92.76064736,0.16693316,87.83204134,0.14262872,89.3601108,0.05628398,77.90977444,0.06363927,82.93333333,0.02206588,85.64,,,0.04015941,"Miguel Batista",46,110683
"Steve Trachsel","NYM",0.50672505,87.18110851,0.00031279,80,,,0.15796059,76.74463007,0.07663434,81.14746544,0.25836722,81.83592645,,,0.04002389,"Steve Trachsel",898,123431
"Matt Hensley","ANA",0.6744186,92.09433962,0.01627907,84,,,0.20232558,75.87804878,0.08372093,84.77142857,0.02325581,84.7,,,0.0397351,"Matt Hensley",1924,425778
"Steve Sparks","ARI",0.16801292,79.08536585,,,,,0.01723209,73.63333333,0.02584814,72.15217391,,,0.78890684,70.60210526,0.03967027,"Steve Sparks",499,122562
"Roy Oswalt","HOU",0.62416497,94.04616272,0.09148998,85.78321678,0.00029044,87,0.21289573,70.09121622,0.0699971,82.98058252,0.00116178,87,,,0.0395874,"Roy Oswalt",571,400061
"Erik Bedard","BAL",0.69733751,90.56392405,0.01801096,81.74418605,0.00509005,88.92307692,0.20751762,77.96428571,0.07204385,80.48876404,,,,,0.03937008,"Erik Bedard",126,407853
"Greg Maddux","CHC",0.62549514,84.95498676,0.08102269,81.56115108,0.01620454,83.4,0.02304645,74.95918367,0.25423118,80.10018553,,,,,0.03932969,"Greg Maddux",104,118120
"Brandon Backe","HOU",0.56899811,91.2,0.2221172,82.28078818,,,0.17013233,74.68965517,0.03875236,81.96428571,,,,,0.03901996,"Brandon Backe",1529,407840
"Micheal Nakamura","TOR",0.44047619,86.40336134,0.32380952,76.92708333,,,0.12380952,71.23809524,0.11190476,77.15384615,,,,,0.03881279,"Micheal Nakamura",1734,425781
"Wayne Franklin","SFG",0.67704729,89.0141844,0.23183391,83.41176471,,,0.00922722,79.4,0.08189158,83.51851852,,,,,0.03880266,"Wayne Franklin",557,276356
"Chris Carpenter","STL",0.51563103,90.58164354,0.13778464,84.63218391,0.03164801,86.22641509,0.21381706,74.18309859,0.09455809,83.94954128,0.00656117,84.875,,,0.03858998,"Chris Carpenter",1292,112020
"Aaron Sele","ANA",0.56759259,86.69479769,0.06203704,82.84444444,0.01574074,84.64516129,0.2787037,71.68869936,0.07592593,79.64748201,,,,,0.03777778,"Aaron Sele",34,121986
"Braden Looper","NYM",0.75428571,92.95945946,0.12571429,86.0979021,,,0.00734694,82.16666667,0.10285714,85.11711712,0.00979592,86.375,,,0.03764706,"Braden Looper",526,131702
"Paul Wilson","CIN",0.68124322,88.70758355,0.02276834,80.75438596,,,0.12323816,71.82089552,0.17275027,79.55163728,,,,,0.03756522,"Paul Wilson",1234,124417
"Ryan Drese","TEX",0.73882353,89.49248346,0.09747899,84.47186147,0.00571429,86,0.04907563,78.29661017,0.09915966,82.99043062,0.0097479,,,,0.03709677,"Ryan Drese",379,400181
"Heath Bell","NYM",0.58196721,90.73015873,0.12021858,82.27272727,,,0.16939891,80.88461538,0.1284153,83.58139535,,,,,0.03684211,"Heath Bell",2080,425514
"Tyler Yates","NYM",0.63182346,91.47552448,0.26480836,86.01123596,,,0.0232288,77.6875,0.07897793,84.81818182,0.00116144,87,,,0.03666667,"Tyler Yates",1527,407884
"Arnie Munoz","CHW",0.47586207,86.768,0.2137931,82.64912281,,,0.19310345,75.96296296,0.11724138,79.5,,,,,0.03654485,"Arnie Munoz",2111,408097
"Curt Schilling","BOS",0.58186245,91.53760887,0.07212416,85.49685535,0.00760803,88.16666667,0.07821059,73.37951807,0.06786366,82.93975904,0.1923311,84.11597374,,,0.03636364,"Curt Schilling",73,121811
"Billy Wagner","PHI",0.81589958,96.52447552,0.17294282,85.96428571,,,0.0055788,76.5,0.0055788,85,,,,,0.03629032,"Billy Wagner",578,123790
"Justin Speier","TOR",0.56719184,90.79310345,0.3197405,84.98523985,0.00092678,87,0.01482854,80.06666667,0.0583874,82.09090909,0.03892493,81.89189189,,,0.0361552,"Justin Speier",451,133221
"Blaine Neal","SDP",0.66566717,92.60130719,0.1874063,82.83783784,,,0.017991,77.33333333,0.12893553,82.23809524,,,,,0.03607504,"Blaine Neal",1468,346862
"Brian Sweeney","SDP",0.52336449,87.48275862,0.09345794,80.625,0.01869159,83.5,0.05140187,73.375,0.31308411,75.65384615,,,,,0.03603604,"Brian Sweeney",1801,425789
"John Lackey","ANA",0.6529488,90.96372733,0.00486066,83.36363636,0.00583279,,0.2786779,79.4279661,0.05767984,80.93710692,,,,,0.03590384,"John Lackey",1507,407793
"Kerry Ligtenberg","TOR",0.57343413,89.07506702,0.28725702,80.75247525,,,0.00647948,77,0.11231102,81.06896552,0.02051836,81.30769231,,,0.03582395,"Kerry Ligtenberg",100,117763
"Casey Fossum","ARI",0.51663067,88.42596349,0.1987041,81.82843137,0.00475162,82,0.22159827,74.05620609,0.05831533,81.81967213,,,,,0.03535774,"Casey Fossum",188,407154
"Jason Marquis","STL",0.72301934,92.00746269,0.11665627,83.66101695,0.00093575,85.66666667,0.08577667,76.66272189,0.07361198,83.25842697,,,,,0.03518797,"Jason Marquis",105,150302
"Sidney Ponson","BAL",0.63647759,92.08050314,0.21842683,85.40034662,0.01316202,87.21875,0.0404262,79.43564356,0.0824193,84.63461538,0.00908806,86.45833333,,,0.03472222,"Sidney Ponson",161,132260
"Ryan Dempster","CHC",0.60547945,92.33540373,0.34794521,87.05494505,,,0.01917808,85.33333333,0.02739726,86.14285714,,,,,0.03439153,"Ryan Dempster",517,133225
"Alan Embree","BOS",0.8,91.9375,0.14936709,79.23376623,,,0.03670886,76.83333333,0.01392405,78.33333333,,,,,0.03422983,"Alan Embree",1030,113833
"John Thomson","ATL",0.78556263,90.24974359,0.1153574,85.78623188,0.00212314,88.33333333,0.05909413,77.65333333,0.0378627,84.46428571,,,,,0.03407155,"John Thomson",453,123307
"Rick White","CLE",0.63539095,92.40876945,0.15226337,83.54748603,,,0.14979424,79.66666667,0.06255144,83.38888889,,,,,0.03391167,"Rick White",456,124184
"Brian Powell","PHI",0.66492147,85.90140845,0.08726003,83.95652174,0.03141361,84.70588235,0.09773124,74.39393939,0.11867365,80.45454545,,,,,0.03367003,"Brian Powell",490,150064
"Toby Borland","FLA",0.6875,88.95428571,0.234375,77.82978723,,,0.040625,75.5,0.0375,79.72727273,,,,,0.03283582,"Toby Borland",511,111241
"Sam Narron","TEX",0.54237288,83.38888889,,,,,0.10169492,71.75,0.33898305,77.2,0.01694915,,,,0.03278689,"Sam Narron",4516,433897
"Derek Lowe","BOS",0.77395412,88.43875839,0.04622132,79.51219512,0.00033738,84,0.11066127,77.92771084,0.06680162,83.28346457,0.00202429,87.16666667,,,0.03257329,"Derek Lowe",199,117955
"John Smoltz","ATL",0.64963504,95.32601351,0.18613139,88.36158192,,,0.00273723,82.33333333,0.01186131,86.91666667,0.14963504,90.29323308,,,0.0323993,"John Smoltz",115,122477
"Franklyn German","DET",0.55035971,92.904,0.04316547,84.8,,,,,0.05395683,82.71428571,0.35251799,83.75949367,,,0.03135889,"Franklyn German",1603,407883
"Cliff Lee","CLE",0.70279948,89.38619075,0.07942708,84.13513514,0.05240885,86.25170068,0.09147135,74.0913242,0.07389323,82.3627451,,,,,0.03090508,"Cliff Lee",1636,424324
"James Baldwin","NYM",0.6031746,88.93333333,0.08730159,84.90909091,,,0.11111111,79.28571429,0.1984127,79.625,,,,,0.03076923,"James Baldwin",1064,110503
"Aquilino Lopez","TOR",0.53697749,88.65,0.32797428,78.91025641,,,,,0.09646302,82.19230769,0.03858521,84.72727273,,,0.03076923,"Aquilino Lopez",1671,425658
"Kevin Frederick","TOR",0.52282158,89.74871795,0.3153527,85.21296296,0.05186722,87.73913043,0.06431535,79.35294118,0.04564315,83.15,,,,,0.02994012,"Kevin Frederick",1536,407864
"Dave Borkowski","BAL",0.65299685,90.12121212,0.13459516,83.81904762,,,0.07886435,72.75925926,0.11777077,82.50526316,0.01577287,85.14285714,,,0.02950153,"Dave Borkowski",2002,150185
"Kirk Saarloos","OAK",0.52227723,85.97860963,0.07673267,78.96,,,0.04207921,76.93333333,0.35891089,79.88148148,,,,,0.02877698,"Kirk Saarloos",1516,424164
"Brett Tomko","SFG",0.67295189,92.01248439,0.14271782,84.09677419,0.0003251,87,0.07997399,77.18309859,0.10305592,82.61172161,0.00097529,,,,0.02869757,"Brett Tomko",1056,123387
"Mike Jackson","CHW",0.50327654,88.0738255,0.32241153,83.18957346,0.00131062,82,0.00131062,78,0.15203145,81.46153846,0.01965924,83.57142857,,,0.0278481,"Mike Jackson",732,116436
"Ron Villone","SEA",0.63406157,89.02978723,0.17725919,82.71024735,0.01539225,84.15384615,0.03277061,78.5483871,0.14051639,82.42578125,,,,,0.02701399,"Ron Villone",1010,123725
"Mike Venafro","LAD",0.45890411,84.83018868,0.23287671,73.27586207,,,0.17123288,72.25,0.1369863,73.55555556,,,,,0.02666667,"Mike Venafro",943,150291
"Rick Bauer","BAL",0.74487472,90.67410714,0.1571754,81.29906542,,,0.00341686,77,0.09111617,82.06153846,0.00341686,82,,,0.02657807,"Rick Bauer",125,407400
"Cliff Bartosh","CLE",0.49279539,88.14473684,0.43227666,80.77142857,,,0.00576369,76,0.06916427,81.875,,,,,0.0252809,"Cliff Bartosh",1871,407802
"Jose Acevedo","CIN",0.61836735,90.16954315,0.19714286,82.96996997,,,0.1322449,75.57575758,0.04734694,81.49450549,0.00489796,75.63636364,,,0.02455446,"Jose Acevedo",307,406895
"Scott Linebrink","SDP",0.71533442,92.6819788,0.07096248,80.25423729,,,0.04893964,79.17021277,0.16313214,79.85616438,0.00163132,81,,,0.02452532,"Scott Linebrink",564,276530
"Steve Kline","STL",0.56805556,87.54375,0.33194444,81.67772512,0.00138889,83,0.00277778,75,0.09583333,81.09230769,,,,,0.02422611,"Steve Kline",1164,117157
"Bobby Jones","BOS",0.46428571,89.5,0.45238095,84.6,,,,,0.08333333,83.75,,,,,0.02325581,"Bobby Jones",1454,116718
"Jason Young","COL",0.68047337,85.19626168,0.10650888,79.57142857,,,0.02366864,77.75,0.18934911,77.93548387,,,,,0.02312139,"Jason Young",1707,408221
"Marty McLeary","SDP",0.74712644,92.28813559,0.1954023,84,,,0.04597701,76.25,0.01149425,88,,,,,0.02247191,"Marty McLeary",2022,276373
"Orber Moreno","NYM",0.54562738,91.72881356,0.24144487,86.01,0.00760456,88,,,0.20152091,84.25,0.00380228,83.5,,,0.02226345,"Orber Moreno",617,150205
"Felix Heredia","NYY",0.6913767,89.67206478,0.19213313,80.89333333,,,0.02874433,78.72727273,0.08774584,83.27027027,,,,,0.02218935,"Felix Heredia",1304,115803
"Todd Williams","BAL",0.87219731,91.59477124,0.09641256,80.48275862,,,0.01345291,80,0.01793722,84.71428571,,,,,0.02192982,"Todd Williams",805,124343
"Armando Almanza","ATL",0.60986547,90.64912281,0.09865471,79.86363636,,,0.21973094,75.69047619,0.07174888,83.13333333,,,,,0.02155172,"Armando Almanza",507,150355
"Lance Carter","TBD",0.57928803,86.43186583,0.06957929,79.81666667,,,0.1092233,74.70103093,0.24190939,79.57990868,,,,,0.02132701,"Lance Carter",1592,238796
"Roberto Hernandez","PHI",0.72342621,94.49253731,0.14551084,88.42105263,,,,,0.01135191,87.6,0.11971104,87.825,,,0.02110553,"Roberto Hernandez",605,115832
"Edgar Gonzalez","ARI",0.59874214,89.17847769,0.23144654,81.18382353,,,0.05408805,74.77777778,0.11572327,81.75308642,,,,,0.02088452,"Edgar Gonzalez",1727,429440
"Francisco Cruceta","CLE",0.73426573,89.72164948,0.03496503,81.6,,,0.05594406,80.5,0.02797203,80,0.14685315,83.33333333,,,0.02054795,"Francisco Cruceta",2104,425510
"Darren Dreifort","LAD",0.59714599,94.82167043,0.36333699,85.62867647,0.00109769,84,0.0219539,83.47368421,0.01646542,84.6,,,,,0.02043011,"Darren Dreifort",647,113554
"John Franco","NYM",0.59193357,86.48,0.12811388,82.13186813,,,,,0.25266904,81.78010471,0.02728351,80.71428571,,,0.01967593,"John Franco",874,114374
"Josh Hancock","- - -",0.62655205,89.27294118,0.13944604,80.35714286,0.00477555,80.6,0.09455587,77.23943662,0.13467049,81.12037037,,,,,0.01966292,"Josh Hancock",1606,407820
"Travis Driskill","COL",0.50331126,88.37037037,0.08609272,80.45454545,,,0.15231788,77.29411765,0.13907285,81.84210526,0.1192053,81.30769231,,,0.01948052,"Travis Driskill",134,150344
"Tom Gordon","NYY",0.6954157,93.46444444,0.18803419,88.10569106,0.00621601,91,0.07459207,83.82926829,0.02331002,84.73333333,0.01243201,88,,,0.01888218,"Tom Gordon",282,114971
"Mike Bacsik","TEX",0.50892857,87.17045455,,,0.00446429,83,0.12946429,74.37037037,0.35714286,80,,,,,0.01754386,"Mike Bacsik",863,407194
"Jose Parra","NYM",0.6622807,90.51937984,0.23245614,86.42222222,0.03947368,88.77777778,,,0.06578947,84.14285714,,,,,0.01724138,"Jose Parra",70,120244
"Felix Diaz","CHW",0.54069767,89.35774648,0.23953488,80.7962963,0.01627907,84,0.02209302,77.94736842,0.18139535,75.88596491,,,,,0.01712329,"Felix Diaz",1932,407808
"Mariano Rivera","NYY",0.48387097,93.46745562,0.03763441,92.69230769,0.47491039,93.04792332,,,0.00358423,82.5,,,,,0.01660839,"Mariano Rivera",844,121250
"Brad Halsey","NYY",0.61073826,88.42857143,0.18288591,79.13888889,,,0.01845638,76,0.18791946,79.98529412,,,,,0.01650165,"Brad Halsey",4760,433517
"Jason Grilli","CHW",0.61003861,90.93112245,0.11068211,84.41558442,0.002574,89,0.20849421,79.43609023,0.06821107,82.6875,,,,,0.0164557,"Jason Grilli",521,276351
"Shingo Takatsu","CHW",0.54175365,86.45144357,0.21816284,74.13138686,,,0.03131524,69.61538462,0.20876827,68.03007519,,,,,0.0164271,"Shingo Takatsu",1896,430968
"Ryan Snare","TEX",0.66129032,88.9,0.01612903,79,,,0.06451613,72,0.25806452,78.75,,,,,0.01587302,"Ryan Snare",1912,424425
"Brian Shouse","TEX",0.66912851,83.77656676,0.23633678,75.73333333,,,,,0.09453471,78.27272727,,,,,0.01585014,"Brian Shouse",630,122195
"Bret Prinz","NYY",0.86117137,93.21991701,0.12147505,86.375,,,0.00650759,73,0.01084599,82.66666667,,,,,0.01495726,"Bret Prinz",1474,400092
"Geoff Geary","PHI",0.6888587,90.02189781,0.02038043,82.125,,,0.22418478,78.2,0.06657609,83.95,,,,,0.01460823,"Geoff Geary",1813,407783
"Brian Bruney","ARI",0.73509934,92.30835735,0.10761589,80.88461538,,,0.08443709,76.36956522,0.07284768,82.92307692,,,,,0.01458671,"Brian Bruney",1929,430663
"Byung-Hyun Kim","BOS",0.60915493,85.62831858,0.27816901,76.60714286,,,,,0.11267606,79.07407407,,,,,0.01388889,"Byung-Hyun Kim",61,218294
"Tanyon Sturtze","NYY",0.75464396,91.76406534,0.07352941,84.71186441,,,0.0123839,78.25,0.10913313,82.36144578,0.0503096,84.2195122,,,0.01371951,"Tanyon Sturtze",1230,122915
"Woody Williams","STL",0.56568278,88.00247117,0.12066169,83.14983713,0.0103795,82.89285714,0.19753487,75.65127021,0.10574116,81.76984127,,,,,0.01342282,"Woody Williams",1190,124315
"Eric Gagne","LAD",0.49920128,95.66972477,0.02875399,86.375,,,0.05830671,72.68421053,0.34904153,85.87139108,0.06469649,85.81666667,,,0.01339638,"Eric Gagne",650,150378
"Adam Bernero","COL",0.57884615,89.08230453,0.12692308,82.18518519,,,0.03653846,76.94736842,0.20769231,79.90816327,0.05,80.95454545,,,0.01328273,"Adam Bernero",460,333293
"Aaron Taylor","SEA",0.70666667,90.55555556,0.22666667,86,,,0.02666667,,0.04,84,,,,,0.01315789,"Aaron Taylor",1627,407818
"Nick Regilio","TEX",0.65517241,90.18636364,0.0132626,80.5,,,0.12732095,78.44186047,0.20424403,80,,,,,0.01308901,"Nick Regilio",2226,430651
"Pedro Astacio","BOS",0.59210526,88.46376812,0.07894737,78.66666667,,,0.16447368,75.52631579,0.16447368,78.38095238,,,,,0.01298701,"Pedro Astacio",862,110359
"Jeremy Griffiths","HOU",0.62337662,88.48837209,0.03896104,79,,,0.18181818,73.5,0.15584416,80.90909091,,,,,0.01282051,"Jeremy Griffiths",1731,425515
"Brad Hennessey","SFG",0.65645161,88.76635514,0.20967742,83.34862385,0.01451613,85,,,0.11935484,82.55223881,,,,,0.01273885,"Brad Hennessey",3720,430913
"Francisco Rodríguez","ANA",0.55572177,93.81094527,0.33956619,79.68974359,0.00149589,79,0.10172027,79.07216495,0.00149589,83.5,,,,,0.01254613,"Francisco Rodriguez",1642,408061
"Jamey Wright","COL",0.54612546,87.50882825,0.1904059,82.43005181,0.0199262,85.92592593,0.13284133,76.60625,0.11070111,81.512,,,,,0.01237263,"Jamey Wright",715,124604
"Dave Bush","TOR",0.58661146,89.92488263,0.07177364,77.97894737,0.00069013,,0.2284334,71,0.11249137,80.84090909,,,,,0.01220339,"Dave Bush",4635,433657
"Brandon Villafuerte","ARI",0.7204611,90.23036649,0.21325648,83.8115942,,,0.04610951,80.35714286,0.02017291,84.66666667,,,,,0.01126761,"Brandon Villafuerte",1059,276344
"Kameron Loe","TEX",0.71111111,87.58,,,,,0.16666667,75.84615385,0.12222222,81,,,,,0.01098901,"Kameron Loe",4422,434180
"Scott Williamson","BOS",0.62284483,91.35057471,0.23922414,83.83076923,,,0.04525862,81.5,0.02586207,84,0.06681034,84.6,,,0.01059322,"Scott Williamson",361,150182
"Travis Smith","ATL",0.74045802,88.19444444,0.06564885,81.4137931,0.00305344,84.5,0.07175573,74.175,0.11908397,79.75409836,,,,,0.01051051,"Travis Smith",1522,134000
"Ian Snell","PIT",0.68205128,92.41269841,0.18461538,82.45,,,0.04615385,79,0.08717949,85.77777778,,,,,0.01015228,"Ian Snell",2227,430636
"Roman Colon","ATL",0.71917808,94.54591837,0.14383562,85.56756757,,,,,0.06849315,88.16666667,0.06849315,88.05,,,0.01,"Roman Colon",2242,430638
"Guillermo Mota","- - -",0.53514883,95.02582496,0.07029766,86.17142857,,,,,0.39202027,84.27592593,0.00253325,84.25,,,0.00996885,"Guillermo Mota",1467,150407
"Victor Zambrano","- - -",0.60803059,90.9344859,0.2623327,83.43664717,,,0.01606119,79.33333333,0.08795411,84.69230769,0.02562141,85.70175439,,,0.00981502,"Victor Zambrano",1237,406913
"Mike Gosling","ARI",0.71463415,89.07664234,0.02439024,78.66666667,,,0.15609756,75.25396825,0.10487805,79.4047619,,,,,0.00966184,"Mike Gosling",2204,428420
"Kevin Jarvis","- - -",0.52302632,89.05737705,0.16118421,82.32352941,,,0.13157895,74.34285714,0.18421053,80.05660377,,,,,0.0096463,"Kevin Jarvis",1037,116496
"Jason Szuminski","SDP",0.71493213,88.92035398,0.11312217,82.1,0.00452489,83,0.00452489,89,0.09049774,81.5,0.07239819,82.53333333,,,0.00896861,"Jason Szuminski",1881,430835
"Bob Wickman","CLE",0.72949002,91.49438202,0.2195122,83.6875,,,0.03325942,79.14285714,0.01773836,83,,,,,0.00879121,"Bob Wickman",413,124233
"Nate Cornejo","DET",0.59070796,84.825,0.17477876,80.94202899,,,0.03539823,78.57142857,0.19911504,80.45333333,,,,,0.00877193,"Nate Cornejo",462,407074
"Mickey Callaway","TEX",0.53225806,87.48863636,0.05645161,83.15384615,0.03629032,83,0.21774194,75.71428571,0.14919355,81.27586207,0.00806452,,,,0.008,"Mickey Callaway",7,209068
"Masao Kida","- - -",0.51320755,90.57894737,0.01509434,84,,,0.13584906,73.53846154,0.16603774,82.63636364,0.16981132,84.69230769,,,0.00749064,"Masao Kida",1800,150196
"Kazuhito Tadano","CLE",0.56211562,88.80182927,0.07257073,80.62162162,,,0.13284133,79.45454545,0.2103321,78.58041958,0.02214022,81,,,0.00731707,"Kazuhito Tadano",1917,430954
"Scott Schoeneweis","CHW",0.6793049,89.83964758,0.18220116,82.92739274,0.0373881,87.17647059,0.00052659,86,0.10057925,82.05952381,,,,,0.00730308,"Scott Schoeneweis",33,150011
"Ricardo Rodriguez","TEX",0.7094431,90.89552239,0.08958838,80.90909091,,,0.01694915,78.85714286,0.16464891,84,0.01937046,84.5,,,0.00721154,"Ricardo Rodriguez",1585,400156
"Edwin Jackson","LAD",0.65127021,92.6627907,0.10161663,86.33333333,,,0.12471132,80.94444444,0.12240185,83.04444444,,,,,0.00688073,"Edwin Jackson",1841,429719
"Jon Garland","CHW",0.62581217,90.09919725,0.15682221,84.32043011,0.01181335,85.825,0.07058476,75.90776699,0.13496751,80.16049383,,,,,0.00674091,"Jon Garland",232,279782
"C.J. Nitkowski","- - -",0.67333333,90.69142857,0.15,83.1,0.00333333,88,0.09333333,76.59259259,0.08,81.825,,,,,0.00662252,"C.J. Nitkowski",570,119809
"Mike Mussina","NYY",0.4912892,88.67950693,0.0828494,83.21686747,0.00348432,85.66666667,0.27332559,76.69252078,0.0654278,78.42045455,0.07897793,84.49166667,0.00464576,76,0.00614675,"Mike Mussina",837,119608
"Todd Ritchie","TBD",0.56097561,88.18292683,0.23170732,82.02777778,,,0.09756098,72.5,0.09756098,79.93333333,0.01219512,78,,,0.00606061,"Todd Ritchie",253,121234
"Sergio Mitre","CHC",0.66464891,89.7814433,0.04237288,80,0.00242131,74,0.16949153,78.33613445,0.12106538,82.98888889,,,,,0.00600962,"Sergio Mitre",1773,429901
"Kyle Denney","CLE",0.55151515,89.95035461,0.1,83.03225806,,,0.23030303,75.63333333,0.06969697,83.38095238,0.04848485,82.25,,,0.00598802,"Kyle Denney",7192,430953
"Geremi Gonzalez","TBD",0.73134328,88.54885655,0.17910448,82.26732673,0.00574053,,0.02296211,76.42857143,0.0608496,80.64285714,,,,,0.00569476,"Geremi Gonzalez",1711,114928
"Jeremy Guthrie","CLE",0.80113636,91.92631579,0.04545455,84,0.00568182,85,0.125,79.78571429,0.02272727,80.66666667,,,,,0.00564972,"Jeremy Guthrie",2072,425386
"Jose Capellan","ATL",0.79545455,94.00757576,0.01704545,80.66666667,,,0.14772727,81.26923077,0.03977273,85.85714286,,,,,0.00564972,"Jose Capellan",2236,430642
"Justin Miller","TOR",0.61032532,89.58419244,0.1562942,80.35714286,0.00070721,81,0.08203678,78.08928571,0.14992928,79.41085271,0.00070721,78,,,0.0055905,"Justin Miller",1313,277405
"Chris Gissell","COL",0.67894737,88.94545455,0.18421053,81.72413793,,,0.05263158,74.22222222,0.08421053,81.07692308,,,,,0.0052356,"Chris Gissell",2015,277414
"Darwin Cubillan","BAL",0.62755102,92.67045455,0.21938776,85.25806452,,,0.00510204,79,0.13265306,83.27272727,0.01530612,85.33333333,,,0.00505051,"Darwin Cubillan",771,319114
"John Webb","TBD",0.61809045,90.55339806,0.20100503,83.41666667,0.00502513,71,0.05527638,74.42857143,0.12060302,84.65,,,,,0.005,"John Webb",7230,425486
"Kaz Ishii","LAD",0.58306423,85.6349892,0.01184069,79.76923077,0.00861141,83.34782609,0.2622892,72.505,0.13419447,77.72560976,,,,,0.00499821,"Kaz Ishii",655,408193
"Ramiro Mendoza","BOS",0.48395062,85.94117647,0.02222222,83.5,,,0.21481481,70.5,0.27654321,80.6,0.00246914,82,,,0.00486618,"Ramiro Mendoza",836,118947
"Aaron Heilman","NYM",0.50678733,90.32663317,0.22850679,82.86956522,,,0.00226244,75,0.21040724,81.57954545,0.0520362,81.47619048,,,0.0045045,"Aaron Heilman",1751,408310
"Kevin Millwood","PHI",0.65217391,90.44139651,0.19457598,82.25490196,,,0.12139475,72.10071942,0.03185536,81.41025641,,,,,0.00427168,"Kevin Millwood",106,119154
"Steve Watkins","SDP",0.70886076,89.71895425,0.10126582,78.76190476,0.01265823,88.33333333,0.12236287,77.55172414,0.05485232,82,,,,,0.00420168,"Steve Watkins",2029,400152
"Jaret Wright","ATL",0.8254717,92.6804901,0.10849057,82.69964664,,,0.04312668,81.21296296,0.02291105,84.74576271,,,,,0.00402145,"Jaret Wright",415,124605
"Al Leiter","NYM",0.47826087,86.81790592,0.10465839,81.21543408,0.2015528,85.50086957,0.14440994,76.647343,0.07111801,81.06666667,,,,,0.00400493,"Al Leiter",883,117652
"Scott Erickson","- - -",0.67773438,88.21484375,0.09179688,81.32432432,,,0.09765625,72.41176471,0.1328125,80.69565217,,,,,0.00389105,"Scott Erickson",137,113884
"Matt Riley","BAL",0.68334771,90.7167756,0.00086281,80,,,0.25625539,77.3902439,0.05953408,82.03448276,,,,,0.00343643,"Matt Riley",164,235494
"Adam Eaton","SDP",0.65040148,91.50341064,0.05744287,85.41322314,0.00525015,87.41176471,0.20321186,74.04477612,0.08369364,82.79904306,,,,,0.0033763,"Adam Eaton",1029,284566
"Sterling Hitchcock","SDP",0.51807229,83.91428571,0.01506024,80.5,,,0.13253012,70.9047619,0.30421687,77.76271186,0.03012048,76.55555556,,,0.003003,"Sterling Hitchcock",824,115982
"Ryan Glynn","TOR",0.69883041,89.51530612,0.14035088,79.93103448,0.00292398,,0.08479532,72.41176471,0.07309942,79.86363636,,,,,0.00291545,"Ryan Glynn",686,150281
"Kiko Calero","STL",0.33188406,89.82802548,0.53913043,81.28813559,,,0.01594203,78,0.11304348,81.21126761,,,,,0.00287356,"Kiko Calero",1676,425606
"Bob Howry","CLE",0.79237845,92.3317757,0.17082786,86.08737864,,,,,0.03679369,82.73913043,,,,,0.00262123,"Bob Howry",237,133982
"Bartolome Fortunato","- - -",0.65617978,93.27756654,0.09213483,81.35897436,0.00224719,,0.0741573,77.96296296,0.1752809,80.97368421,,,,,0.00224215,"Bartolome Fortunato",2213,430627
"Wilson Alvarez","LAD",0.70529101,87.88135593,0.0015873,79,,,0.09470899,75.58441558,0.1984127,77.40923077,,,,,0.00211193,"Wilson Alvarez",1193,110209
"Scott Kazmir","TBD",0.67592593,93.66838046,0.17438272,82.98039216,,,0.02777778,82.94444444,0.12191358,83.31944444,,,,,0.00154083,"Scott Kazmir",4897,431148
"Chris Young","TEX",0.81409295,91.21484375,,,,,0.13193403,74.5,0.05397301,80.5,,,,,0.00149701,"Chris Young",3196,432934
"Hideo Nomo","LAD",0.56496063,85.18607955,0.01049869,80.75,,,0.04199475,74.325,0.02493438,78.72727273,0.35761155,76.36141907,,,0.00065531,"Hideo Nomo",666,119827
"Kevin Appier","KCR",0.52325581,87.15,0.15116279,79.23076923,,,0.11627907,76.5,0.11627907,79.66666667,0.09302326,78.71428571,,,,"Kevin Appier",3,110293
"Lou Pote","CLE",0.57627119,90.18181818,,,,,0.30508475,76.83333333,0.11864407,84,,,,,,"Lou Pote",30,150010
"Ben Weber","ANA",0.67483296,88.83490566,0.17817372,83.56896552,,,,,0.14699332,83.44186047,,,,,,"Ben Weber",41,276533
"Eddie Oropesa","SDP",0.53535354,84.7037037,0.29292929,77.5,,,0.15656566,74.58823529,0.01515152,80,,,,,,"Eddie Oropesa",69,400280
"Jung Keun Bong","CIN",0.6366782,88.13450292,0.02076125,79.4,,,0.19723183,74.50877193,0.14532872,80.14285714,,,,,,"Jung Keun Bong",82,407794
"Damian Moss","TBD",0.60625,88.26315789,0.1375,82.66666667,,,0.075,68.5,0.18125,82.42857143,,,,,,"Damian Moss",107,150305
"Joe Nelson","BOS",0.5443038,90.40540541,,,,,0.12658228,76,0.32911392,78.91666667,,,,,,"Joe Nelson",108,406874
"Frank Castillo","BOS",0.57142857,84.25,0.04761905,80,,,0.23809524,75,0.14285714,75.33333333,,,,,,"Frank Castillo",180,112113
"Dan Wright","CHW",0.59365994,89.27777778,,,,,0.29394813,76.7625,0.11239193,80.34782609,,,,,,"Dan Wright",258,216106
"Kelly Wunsch","CHW",0.24137931,83.83333333,0.44827586,76.83333333,,,0.20689655,75,0.10344828,76,,,,,,"Kelly Wunsch",259,279823
"Leo Estrella","SFG",0.73529412,91.125,0.26470588,84.875,,,,,,,,,,,,"Leo Estrella",277,150471
"Donovan Osborne","NYY",0.56478405,86.88235294,0.15282392,81,,,0.13289037,71.71428571,0.14950166,78.92,,,,,,"Donovan Osborne",299,120085
"Jared Fernandez","HOU",0.13461538,78.33333333,,,,,,,,,,,0.86538462,67.29166667,,"Jared Fernandez",324,220594
"Jimmy Haynes","CIN",0.59726962,87.9030303,0.00682594,79,,,0.29692833,74.54022989,0.09897611,79.07407407,,,,,,"Jimmy Haynes",329,115649
"Tim Drew","ATL",0.58870968,88.984,0.07258065,82.0625,,,0.28225806,77.50847458,0.05645161,83.57142857,,,,,,"Tim Drew",380,282328
"Dave Maurer","TOR",0.61111111,86.16,0.11111111,78.2,,,0.03703704,,0.24074074,78.58333333,,,,,,"Dave Maurer",394,276531
"Todd Zeile","NYM",0.19354839,75.6,,,,,0.09677419,57.66666667,,,,,0.70967742,55.09090909,,"Todd Zeile",457,124755
"Vic Darensbourg","- - -",0.61983471,89.64285714,0.09090909,78.4,,,0.2231405,71.16666667,0.0661157,79,,,,,,"Vic Darensbourg",516,133240
"Shane Reynolds","ARI",0.64,84.96774194,,,,,0.12,73.16666667,0.08,77.75,0.16,77.5,,,,"Shane Reynolds",574,121110
"Andy Ashby","SDP",0.76,88,,,,,0.04,79,0.2,82.75,,,,,,"Andy Ashby",637,110351
"Dicky Gonzalez","TBD",0.64705882,90.8,0.00980392,77,,,0.31372549,78.72413793,0.02941176,83.33333333,,,,,,"Dicky Gonzalez",777,276508
"Jeff D'Amico","CLE",0.41242938,84.73,0.06026365,81.31818182,0.03954802,82.46666667,0.26553672,71.51315789,0.21845574,80.98701299,0.00376648,,,,,"Jeff D'Amico",871,113026
"Kevin Walker","SFG",0.47169811,89.78947368,0.47169811,81.71428571,,,,,0.05660377,81.33333333,,,,,,"Kevin Walker",1060,276526
"Rafael Soriano","SEA",0.70526316,91.70731707,0.22105263,81.5,,,,,0.04210526,85.5,0.03157895,84.5,,,,"Rafael Soriano",1100,400089
"Josh Pearce","STL",0.68181818,90,0.18181818,84.5,,,0.09090909,,0.04545455,84,,,,,,"Josh Pearce",1175,407870
"Nick Bierbrodt","TEX",0.66559486,89.73714286,0.20257235,83.53703704,,,0.04180064,81.38461538,0.09003215,82.83333333,,,,,,"Nick Bierbrodt",1194,150149
"Jason Standridge","TBD",0.65517241,90.86538462,0.14367816,84.52,,,0.13793103,78.13636364,0.06321839,85.77777778,,,,,,"Jason Standridge",1229,285075
"Colby Lewis","TEX",0.67346939,90.41176471,0.03741497,83.54545455,,,0.1292517,79.16666667,0.15986395,84.09677419,,,,,,"Colby Lewis",1259,407890
"Brian Cooper","SFG",0.54854369,88.16981132,0.16019417,83.2173913,,,0.02912621,77.66666667,0.12135922,81.52631579,0.1407767,81.31034483,,,,"Brian Cooper",1295,150001
"Kurt Ainsworth","BAL",0.59818182,90.28185328,0.22181818,82.14851485,,,0.08363636,77.81081081,0.09636364,80.5,,,,,,"Kurt Ainsworth",1431,215128
"Dave McCarty","BOS",0.703125,86.45454545,0.015625,,,,0.203125,75.6,0.078125,79,,,,,,"Dave McCarty",1462,118560
"Jesus Sanchez","CIN",0.5962963,89.65,0.21481481,80.69767442,,,0.02592593,,0.16296296,82.23076923,,,,,,"Jesus Sanchez",1476,133260
"Adrian Hernandez","MIL",0.54487179,89.69536424,0.30448718,82.08139535,,,0.04166667,77.25,0.09615385,78.59259259,0.01282051,,,,,"Adrian Hernandez",1504,406324
"Joe Dawley","CLE",0.5,89.34246575,0.19178082,80.03571429,,,0.26027397,67.35135135,0.04794521,81.57142857,,,,,,"Joe Dawley",1632,425307
"Tim Laker","CLE",0.875,79.21428571,,,,,0.125,71,,,,,,,,"Tim Laker",1681,117420
"Mike Neu","FLA",0.44827586,88.33333333,,,,,0.0862069,74.75,0.46551724,81.23076923,,,,,,"Mike Neu",1685,407915
"Jesse Foppert","SFG",0.66666667,89.41666667,0.22222222,82.75,,,,,0.11111111,80.5,,,,,,"Jesse Foppert",1688,425817
"Rosman Garcia","TEX",0.69285714,92.3125,0.26428571,86.03571429,,,,,0.04285714,85.25,,,,,,"Rosman Garcia",1691,425450
"Jason Stanford","CLE",0.62105263,87.48484848,0.15263158,79.40909091,,,0.03684211,74.33333333,0.18947368,78.54285714,,,,,,"Jason Stanford",1763,408037
"Mark Malaska","BOS",0.70026525,85.14364641,0.12732095,75.83333333,,,0.14588859,74.02272727,0.0265252,78.83333333,,,,,,"Mark Malaska",1769,429821
"Juan Dominguez","TEX",0.68695652,93.02830189,0.01449275,82.4,,,0.06086957,79.31578947,0.23768116,84.51282051,,,,,,"Juan Dominguez",1796,430021
"David Lee","CLE",0.77777778,91.6746988,0.19444444,81.23809524,,,,,0.02777778,84,,,,,,"David Lee",1843,150049
"Brian Falkenborg","LAD",0.66071429,90.65359477,0.05714286,86.06666667,,,0.20714286,78.51923077,0.075,84.29411765,,,,,,"Brian Falkenborg",1859,237346
"Shawn Hill","MON",0.68159204,88.01149425,,,,,0.24378109,75.65625,0.07462687,79.90909091,,,,,,"Shawn Hill",1882,429718
"David Aardsma","SFG",0.72457627,93.50387597,0.12288136,81.12,,,0.05932203,79.71428571,0.09322034,81.13636364,,,,,,"David Aardsma",1902,430911
"Phil Seibel","BOS",0.68181818,86.1875,0.09090909,78.33333333,,,0.10606061,76.5,0.12121212,80.75,,,,,,"Phil Seibel",1905,420672
"Alex Graman","NYY",0.52066116,89.125,0.18181818,81.18181818,,,0.14049587,72.33333333,0.15702479,78.6,,,,,,"Alex Graman",1910,407800
"Chris Saenz","MIL",0.67741935,,0.09677419,,,,0.19354839,,0.03225806,,,,,,,"Chris Saenz",1913,430609
"Eduardo Villacis","KCR",0.6969697,,,,,,0.10606061,,0.06060606,,0.13636364,,,,,"Eduardo Villacis",1922,433278
"Elizardo Ramirez","PHI",0.56779661,89.225,0.08898305,79,,,0.25423729,75.85,0.08898305,81.84615385,,,,,,"Elizardo Ramirez",1946,430579
"Travis Hughes","TEX",0.68421053,93.875,0.28947368,86.2,,,,,0.02631579,84,,,,,,"Travis Hughes",2045,407889
"Gustavo Chacin","TOR",0.53694581,89.74418605,0.13793103,84.5,0.13300493,85,0.05418719,76.375,0.13793103,81.27272727,,,,,,"Gustavo Chacin",2060,407860
"Fernando Cabrera","CLE",0.75609756,93.40740741,0.07317073,83.83333333,,,0.06097561,81.2,0.03658537,84.33333333,0.07317073,84,,,,"Fernando Cabrera",2105,425507
"Sam Marsonek","NYY",0.82608696,91.9,0.04347826,84,,,0.08695652,76,0.04347826,85,,,,,,"Sam Marsonek",2144,430564
"Jorge Vasquez","KCR",0.58064516,91.66666667,0.25806452,84.73333333,,,,,0.16129032,84.8,,,,,,"Jorge Vasquez",2221,430655
"Jake Robbins","CLE",0.80645161,91.91666667,0.09677419,,,,,,0.09677419,,,,,,,"Jake Robbins",2266,400267
"Sam McConnell","ATL",0.56962025,85.35802469,0.10759494,77.35714286,,,0.1835443,77.16,0.13924051,78.68181818,,,,,,"Sam McConnell",2355,430909
"Randy Williams","SEA",0.65217391,89.46511628,0.16304348,83.92307692,,,0.07608696,71.8,0.10869565,81.125,,,,,,"Randy Williams",2362,430942
"Scott Dunn","ANA",0.69565217,90.71428571,0.04347826,80.66666667,,,0.07246377,73,0.1884058,81.14285714,,,,,,"Scott Dunn",2634,430949
"Dusty Bergman","ANA",0.68965517,86.73684211,0.17241379,82.4,,,0.03448276,73,0.10344828,79.66666667,,,,,,"Dusty Bergman",2643,425776
"Brandon League","TOR",0.80952381,95.3125,0.14285714,87.11111111,,,,,0.04761905,87.66666667,,,,,,"Brandon League",3731,434181
"Adam Peterson","TOR",0.703125,93.1,0.046875,83.66666667,,,0.015625,80,0.234375,82.86666667,,,,,,"Adam Peterson",4523,433594
"John Maine","BAL",0.67164179,88.86046512,0.19402985,85.07692308,,,0.01492537,75,0.11940299,84.375,,,,,,"John Maine",4773,429720
"Joe Blanton","OAK",0.6171875,90.57894737,0.21875,82.03703704,0.0078125,77,0.0625,77.125,0.09375,83.16666667,,,,,,"Joe Blanton",4849,430599
"Abe Alvarez","BOS",0.70526316,83.72916667,,,,,0.11578947,64.8,0.17894737,75.92857143,,,,,,"Abe Alvarez",6259,433877
"Merkin Valdez","SFG",0.68421053,95.13513514,0.0877193,80.2,,,,,0.22807018,83.61538462,,,,,,"Merkin Valdez",7019,429723