Name,Team,IP,wFA/C,wFT/C,wFC/C,wFS/C,wFO/C,wSI/C,wSL/C,wCU/C,wKC/C,wEP/C,wCH/C,wSC/C,wKN/C,NameASCII,PlayerId,MLBAMID
"Aaron Miles","STL",1,,,,,,,,,,,19.625835120677948,,6.411986880832249,"Aaron Miles",1844,425446
"Tim Wakefield","BOS",181,0.8133762062094007,,,,,,,1.6906685664735992,,,,,0.26325774348639197,"Tim Wakefield",219,123801
"R.A. Dickey","SEA",112.1,1.2433669515954915,,,,,,,-10.054419189691544,,-4.4712870620017835,,,-1.2832060350926018,"R.A. Dickey",1245,285079
"Charlie Haeger","SDP",4.1,-5.5168480708681304,,,,,,,-4.203953593969345,,,,,-3.241536556146084,"Charlie Haeger",3545,446624
"Ryan Franklin","STL",78.2,2.0057663588267762,,-2.942887374332973,1.1795340799817853,,-3.098213381883575,-0.7809530671049909,1.373780369758606,,,-1.5900269994195901,,-3.829326629638672,"Ryan Franklin",1076,211041
"Charlie Zink","BOS",4.1,8.220743139584858,,,,,,-3.786475956439972,12.847122550010681,,,1.0301632916226107,,-4.423360501305532,"Charlie Zink",4180,468402
"Scott Patterson","- - -",4.2,2.7049551276784194,,,,,,-7.512014731764793,-7.893538562690511,,,-3.79346264526248,,,"Scott Patterson",5,456499
"Jamie Burke","SEA",1,,,,,,,,-4.066025465726852,,,-0.35545146092772484,,,"Jamie Burke",6,406550
"Troy Percival","TBR",45.2,-0.24642157000164655,,,,,2.311297108356218,3.155466241221274,0.008158843560391161,,,-1.7305243015289307,,,"Troy Percival",29,120401
"Scott Schoeneweis","NYM",56.2,-1.168391255081677,,-45.39664586385091,,,0.20335513411216363,0.9608869607737988,,,,,,,"Scott Schoeneweis",33,150011
"Scot Shields","LAA",63.1,2.5314100086688995,,,,,0.4417697537329889,,2.281293212643519,,,,,,"Scot Shields",35,276912
"Jarrod Washburn","SEA",153.2,0.12638963014492652,,-3.537636250257492,,,-0.8205484242631438,1.818316086693918,0.8722086150098491,,,-2.3886780459203836,,,"Jarrod Washburn",40,132220
"Matt Wise","NYM",7,-0.26131280750598546,,0.134948268532753,,,,15.358969569206238,,,,-3.348666513469857,,,"Matt Wise",42,277184
"Miguel Batista","SEA",115,-0.17459741809911894,,-22.53658498326937,,,-2.4185200070225914,-1.1503493226828534,-0.3690779590132562,,,-2.0389291269531666,,,"Miguel Batista",46,110683
"Randy Johnson","ARI",184,-2.071162614246343,,,0.04924574623937192,,2.0116823716102417,0.9422134299304604,,,,,,,"Randy Johnson",60,116615
"Tom Glavine","ATL",63.1,-4.471995879192741,,-4.039775828520456,,,-1.4744188593721939,-9.703834851582844,-17.86677598953247,,,1.321859547144461,,,"Tom Glavine",90,114849
"Greg Maddux","- - -",194,1.565995541485873,,-3.397207690423794,,,1.0341723268789471,,2.7087448104735343,,,-0.916387740488023,,,"Greg Maddux",104,118120
"Jason Marquis","CHC",167,,,,,,-0.09760737066438212,0.3572093603204325,,,,0.6662971648638463,,,"Jason Marquis",105,150302
"Kevin Millwood","TEX",168.2,0.21779313352372912,,-1.0978964872138446,1.7526991665363312,,-0.7366374375711628,-0.22417820416964018,-5.7492498141616135,,,-2.8844572346785973,,,"Kevin Millwood",106,119154
"Joe Nelson","FLA",54,1.7962503878869742,,-1.6869339678022597,,,0.10043737050649282,-5.535409450531006,,,,0.01178150680863251,,,"Joe Nelson",108,406874
"Horacio Ramirez","- - -",37.1,-1.8357819734617722,,,,,2.32874298537219,-0.10783231463925592,0.07583295757120305,,,0.1963590391171284,,,"Horacio Ramirez",110,400141
"John Smoltz","ATL",28,-2.4138281882648736,,,-0.5459041595458984,,-10.96647514237298,4.524535886188851,3.7296946559633524,,,,,,"John Smoltz",115,122477
"Dan Wheeler","TBR",66.1,0.6078760520271633,,1.9352246075868607,-0.6108742162405726,,1.9995132779893767,-5.297399684786797,1.3344306771348162,,,,,,"Dan Wheeler",120,235095
"Rick Bauer","CLE",6,-2.339639820036341,,,,,-5.535991986592611,-1.2886364822802336,,,,,,,"Rick Bauer",125,407400
"Erik Bedard","SEA",81,-0.3853536301549771,,0.35358691868716724,,,0.7964715890005126,,2.0551490349215635,,,-5.756950005888939,,,"Erik Bedard",126,407853
"Jason Johnson","LAD",29.1,-5.34993869177303,,,,,3.707662475018101,0.3552082101855658,5.030152151140116,,,-20.557507673899334,,,"Jason Johnson",147,116595
"Jorge Julio","- - -",30,1.0117775323439617,,,,,-3.9933010935783386,0.5466109978224702,,,,-0.9790479046542471,,,"Jorge Julio",148,406402
"John Parrish","TOR",42.1,0.4131958672874852,,,,,-0.7078675123361441,-0.17801736885646605,,,,-0.5941877961158752,,,"John Parrish",160,332292
"Sidney Ponson","- - -",135.2,2.8611820677052373,,,,,-1.2995528011787227,0.6129445648004886,-0.8127622893006783,,,-0.10967460645508656,,,"Sidney Ponson",161,132260
"B.J. Ryan","TOR",58,1.231102844374116,,0.6349389218101816,,,,-0.15960682661105424,,,,,,,"B.J. Ryan",168,124805
"Rafael Betancourt","CLE",71,0.5207530728137781,,-4.992410913109779,,,,-1.6719278608049666,,,,0.3869183113177617,,,"Rafael Betancourt",177,429783
"Casey Fossum","DET",41.1,-4.812355602488799,,,,,0.3461921537244642,0.027140480067048754,0.3371090650558472,,-7.823716849088669,,,,"Casey Fossum",188,407154
"Derek Lowe","LAD",211,,,3.0310237941457263,,,0.2770277435830073,2.8112702740880544,,,-4.299736022949219,-1.8509972386243867,,,"Derek Lowe",199,117955
"Pedro Martínez","NYM",109,-1.619499992877499,,,,,-2.43738296184134,-3.0564587875451457,0.8045994350851213,,,2.146070827672511,,,"Pedro Martinez",200,118377
"Darren Oliver","LAA",72,-0.12995458262808182,,,,,0.6426498909627111,2.5314781252898317,,,,-13.50607361112322,,,"Darren Oliver",206,119984
"Mark Buehrle","CHW",218.2,0.2897902152798919,,-0.835291888770156,,,1.5604676508377027,,-0.2585874413544277,,,-1.012286762733244,,,"Mark Buehrle",225,279824
"Keith Foulke","OAK",31,0.40806116542749704,,,,,2.480937396326373,-1.8217602744698524,,,,-5.670206170333059,,,"Keith Foulke",231,114342
"Jon Garland","LAA",196.2,-0.7079979219484892,,,,,-0.21577054482919197,-0.47854633216398307,-1.651567006282669,,,-0.6062660965265012,,,"Jon Garland",232,279782
"Matt Ginter","CLE",21,-0.7615056999942712,,,,,-0.30894885078454626,2.299234653130556,2.2765701816928003,,,-0.8842984437942505,,,"Matt Ginter",233,215197
"Gary Glover","- - -",54.1,-0.6720239278679846,,,,,-1.9526870974472592,0.21770716233308926,-4.3754566538458075,,,3.535961654950988,,,"Gary Glover",234,150474
"Bob Howry","CHC",70.2,0.6992969661951065,,,,,-1.1152657521825258,0.5323879117888164,,,,-8.163411863918963,,,"Bob Howry",237,133982
"Damaso Marte","- - -",65,2.3654308235436154,,,,,0.20605895299553464,2.3000108965829056,,,,-0.0714995644309304,,,"Damaso Marte",247,150122
"Joe Borowski","CLE",16.2,-0.7099138416406763,,2.244142194588979,,,,-4.060168735316543,,,,-11.391814549763996,,,"Joe Borowski",267,111244
"Juan Cruz","ARI",51.2,0.1379466133485653,,0.8828501809727062,,,,0.9673890904483631,,,,5.677151068662986,,,"Juan Cruz",273,407297
"Kyle Farnsworth","- - -",60.1,-0.3068586155376603,,0.8794599253198375,,,-7.2351022224341115,-1.1484575966384514,,,,6.279107183218002,,,"Kyle Farnsworth",278,150035
"Tom Gordon","PHI",29.2,-0.07655176978844863,,,,,-2.984495088458061,-1.4954382307985996,1.5353387152707134,,,,,,"Tom Gordon",282,114971
"Jon Lieber","CHC",46.2,-0.6673109802332792,,-14.36593705607999,,,-1.1981448862287734,0.5771067205943989,,,,3.6696072886971867,,,"Jon Lieber",287,117758
"Ron Mahay","KCR",64.2,-0.8110896434659272,,,,,,1.7137961509900217,,,,1.8258874739833812,,,"Ron Mahay",290,118158
"Will Ohman","ATL",58.2,0.9576945955103093,,,,,1.2873403487666961,1.7636470424318775,,,,-5.206741094589233,,,"Will Ohman",296,349193
"Kerry Wood","CHC",66.1,0.7584691414466271,,,,,,-1.333723760939933,1.4201074121743953,,,,,,"Kerry Wood",304,134268
"Carlos Zambrano","CHC",188.2,0.9144151733484768,,2.667990038471837,0.5030371225797213,,0.22285227872887434,-0.5813147102654314,-10.019099050097996,,,0.24721790105104446,,,"Carlos Zambrano",305,407296
"Elmer Dessens","ATL",4,-10.166070938110352,,,,,-4.3059449725680885,-2.939458191394806,-1.2621586521466575,,,-2.068859338760376,,,"Elmer Dessens",317,113296
"Bartolo Colon","BOS",39,0.6843570320085548,,,,,1.8495449908944064,-3.434337713779547,-0.3444747569469305,,,-4.2206504128196025,,,"Bartolo Colon",375,112526
"Chad Paronto","HOU",10.1,-3.122090559739333,,,,,3.261480519646093,-0.26894243987830907,,,,-14.903490245342255,,,"Chad Paronto",399,406301
"Ricardo Rincon","NYM",4,2.8647705912590027,,,,,0.8281775646739535,-2.64105131992927,,,,0.10337233543395996,,,"Ricardo Rincon",401,121215
"David Riske","MIL",42.1,-0.8550571861551769,,,,,2.22420266696385,,,,,-3.224464075280985,,,"David Riske",402,228594
"CC Sabathia","- - -",253,-0.20489939272683924,,,,,0.3105857712167864,3.373290306359679,-2.1729984879493713,,,1.684102267217697,,,"CC Sabathia",404,282332
"Billy Traber","NYY",16.2,9.156073331832886,,,,,-0.2240142246492866,-2.584221065044403,-7.879495620727539,,,4.020676761865616,,,"Billy Traber",410,407896
"Jake Westbrook","CLE",34.2,-7.8614503145217896,,-5.5513545870780945,-2.033012732863426,,0.46065228107648015,-1.7241529056004117,4.61680034421525,,,0.1729168126295353,,,"Jake Westbrook",412,150414
"Shawn Chacon","HOU",85.2,0.7424446001444778,,,,,-0.7304801102961457,-1.3520612949278297,-1.0072138479777746,,,-1.8745002539261528,,,"Shawn Chacon",424,276336
"Scott Elarton","CLE",15.1,0.7060375169058827,,,,,0.3064638843723372,-1.9043464320046561,1.7520650740592711,,,1.034968625754118,,,"Scott Elarton",426,134003
"Brian Fuentes","COL",62.2,,,,,,1.1969288646946465,2.2041822496748646,,,,-0.9193725364152775,,,"Brian Fuentes",429,150118
"Mike Hampton","ATL",78,-1.7932126236932573,,0.4570588740435514,,,-0.13146860690056522,,0.33685601339107607,,,0.5798006379926527,,,"Mike Hampton",430,115399
"Jason Jennings","TEX",27.1,-0.7059159102263274,,-2.0422511100769043,,,-4.232810827401968,0.8224458530031401,,,,-5.910044366663152,,,"Jason Jennings",434,407298
"Todd Jones","DET",41.2,-1.5620468413993105,,-1.4538328698340883,,,1.0230705781948348,,-1.5222143771043464,,,-6.022748407327904,,,"Todd Jones",436,116734
"Kent Mercker","CIN",13.2,-1.6608556922601194,,,,,4.6485731678624305,-0.9123156113283974,,,,-2.4777221268620986,,,"Kent Mercker",439,118967
"Dennys Reyes","MIN",46.1,0.14232183496157327,,,,,0.9842576842377151,-0.17496630873369134,,,,3.1441581583468716,,,"Dennys Reyes",444,121096
"Justin Speier","LAA",68,0.568129060169061,,1.122720867900525,,,-2.7264494392740066,0.1540964970024683,,,,-2.4308567245801287,,,"Justin Speier",451,133221
"Brian Moehler","HOU",150,0.12782785770701052,,0.9638044484861337,,,-0.4263078866724195,,-1.3323814079568193,,,-3.205257584477029,,,"Brian Moehler",480,119215
"Adam Pettyjohn","CIN",4,-38.91749083995819,,,,,-18.96870051111494,2.4019092321395874,,,,1.226431415194557,,,"Adam Pettyjohn",489,282562
"Mark Redman","COL",45.1,0.16675050725641938,,,,,-1.9027686238024557,,-0.026800449598919262,,,-0.6290917109726066,,,"Mark Redman",491,150230
"Fernando Rodney","DET",40.1,0.8926848804249482,,,,,-0.8333964300860326,2.6283660531044006,,,,-0.8599394843691871,,,"Fernando Rodney",494,407845
"Jamie Walker","BAL",38,-4.993264448075068,,,,,-1.3608858182832793,-1.113357154311837,,,,-3.7790633017016995,,,"Jamie Walker",502,123828
"Josh Beckett","BOS",174.1,0.18504235596783394,,2.1055191986320554,,,1.7039602076929716,,-0.009216456615094896,,,-0.4187857111295064,,,"Josh Beckett",510,277417
"A.J. Burnett","TOR",221.1,-0.7416817307235546,,,,,0.5976308475841176,,,1.3184766859422004,,-0.8668371372752719,,,"A.J. Burnett",512,150359
"Ryan Dempster","CHC",206.2,-0.11474212172560683,,1.1786228844097681,-0.3634322179506903,,0.9022426828567541,2.1982361728373463,,,,,,,"Ryan Dempster",517,133225
"Jason Grilli","- - -",75,-0.36148721554193153,,,,,-2.2259834089449475,3.0800111672275783,,,,-5.107568590729325,,,"Jason Grilli",521,276351
"Braden Looper","STL",199,-2.4643207880596365,,,0.3783405520195185,,0.16932840758141898,1.3849753100855822,,,,-4.413541053470812,,,"Braden Looper",526,131702
"Vladimir Nunez","ATL",32.2,-2.21584466126588,,,,,1.1311549535939391,1.6856819704959267,,,,0.8615740414323478,,,"Vladimir Nunez",532,136727
"Brad Penny","LAD",94.2,-1.6456058598506857,,1.382924331707901,1.6562435178109156,,-3.128570318222046,,-0.00441150272383672,,,0.4949849098920822,,,"Brad Penny",535,207267
"R.J. Swindle","PHI",4.2,,,,,,-5.2098289779994795,0.10346942455381959,-15.684913098812103,,,9.205408096313477,,,"R.J. Swindle",539,449881
"Julian Tavarez","- - -",54.2,0.2138656377792358,,-1.0510105033253514,,,-1.7944971878690072,1.763077514866988,,,,-2.5645728243721857,,,"Julian Tavarez",541,123118
"Doug Brocail","HOU",68.2,1.8413975634382445,,0.6201349343771136,,,-1.6061810759810713,,2.1308871415945196,,,-0.3720328211784363,,,"Doug Brocail",551,111492
"Octavio Dotel","CHW",67,1.108685893527532,,-5.823469161987305,,,,-2.9393783890374814,-1.8873863909617965,,,,,,"Octavio Dotel",555,136734
"Brad Lidge","PHI",69.1,0.35821958300993617,,,,,-1.3016386330127716,2.448717314621498,,,,,,,"Brad Lidge",563,400058
"Scott Linebrink","CHW",46.1,2.7355470621896054,,1.3231873512268066,,-0.3782507739489592,1.4192465579870976,-1.706170488934998,,,,,,,"Scott Linebrink",564,276530
"Roy Oswalt","HOU",208.2,1.118476503198573,,1.1735374165564467,,,-0.2023812915597643,0.6693742214105067,-1.109233946247674,,,-0.41783179647179064,,,"Roy Oswalt",571,400061
"Tim Redding","WSN",182,0.437403974155198,,,,,-0.02320055872666544,-0.20846285150910776,-1.8680554005637098,,,-2.6038184578036083,,,"Tim Redding",573,400062
"Billy Wagner","NYM",47,1.4640139944759416,,,,,,1.9677640282534024,,,,,,,"Billy Wagner",578,123790
"Jeremy Affeldt","CIN",78.1,-0.4031672364189511,,,,,-0.8541597818073473,,1.498720567832966,,,1.8968957921733027,,,"Jeremy Affeldt",583,346793
"Paul Byrd","- - -",180,-0.06526839925579422,,,,,0.6618275064410585,0.1964604054238687,-3.959744904428867,,,-0.5486614148593644,,,"Paul Byrd",594,111838
"Mike MacDougal","CHW",17,-6.0707151889801025,,,,,2.793944595206497,-0.5640723087169506,-8.41984510421753,,,,,,"Mike MacDougal",612,213680
"Brian Shouse","MIL",51.1,-0.5813038945198059,,,,,1.4107402793582908,0.7841998530972388,-3.5105913877487183,,,,,,"Brian Shouse",630,122195
"Jeff Suppan","MIL",177.2,-1.9018204796393183,,-0.4227848376257945,,,-0.10249677168972353,,0.8563800456406047,,,-0.7529874281449751,,,"Jeff Suppan",633,122987
"Eric Gagne","MIL",46.1,-1.3261709640275188,,-2.2767750918865204,,,8.111282495351938,,0.6233158565702892,,,0.7541468543727903,,,"Eric Gagne",650,150378
"Hideo Nomo","KCR",4.1,-7.584158066780336,,,-7.505626028234308,,,-2.594937343855162,,,,,,,"Hideo Nomo",666,119827
"Odalis Perez","WSN",159.2,0.053557764894608756,,,,,-1.0032768734914814,-1.237118628717238,-2.5906104873455567,,,-0.020023470432295864,,,"Odalis Perez",668,136602
"Valerio De Los Santos","COL",8,-2.169361379411485,,-1.8765959474775527,,,1.873188405423551,,,,,0.8791294752382766,,,"Valerio De Los Santos",681,136304
"Nelson Figueroa","NYM",45.1,0.2674873348927394,,,-3.9994273029389933,,,-0.6793221489327853,0.024811256872980216,,,,,,"Nelson Figueroa",683,150153
"Chad Fox","CHC",3.1,2.5751662254333496,,,,,,-1.6435633314416764,,,,,,,"Chad Fox",684,114354
"Ray King","WSN",6.1,-2.52341590821743,,,,,-10.704798698425293,2.36822014505213,,,,,,,"Ray King",693,150037
"Glendon Rusch","- - -",83.2,0.0898452667018062,,-1.1721930156151452,,,1.0918205763612474,-1.7380881399365524,1.8154787746342747,,,-4.153245373776084,,,"Glendon Rusch",707,121556
"Ben Sheets","MIL",198.1,1.086456447102577,,,,,-0.6624808576371934,,-0.028424171205613913,,,0.5745736419731844,,,"Ben Sheets",710,282656
"Luis Vizcaino","COL",46,1.3773472998229372,,,-8.473626772562664,,2.313890527276432,0.0816581556049173,,,,,,,"Luis Vizcaino",714,150430
"Jamey Wright","TEX",84.1,6.752641995747884,,0.018091160816011705,,,-0.21885549758593656,,1.14849277008745,,,-5.72092592716217,,,"Jamey Wright",715,124604
"Grant Balfour","TBR",58.1,2.7166967038755065,,6.279107183218002,,,2.249689237766356,-1.176290400326252,-13.380570212999979,,,-5.892684857050578,,,"Grant Balfour",718,346797
"Eddie Guardado","- - -",56.1,7.124376893043519,,,,,1.1305745874272017,-3.9037670982017945,4.157190322875977,,,0.06351768970489502,,,"Eddie Guardado",727,115216
"LaTroy Hawkins","- - -",62,1.4079073258431634,,,,,4.403102804314007,0.46301905397345255,1.878202100302659,,,-1.6161116342695934,,,"LaTroy Hawkins",729,115629
"Kyle Lohse","STL",200,-3.9240489926254543,,,,,-0.5018037986436239,0.6761474526805795,2.782395510997587,,,2.954982970812306,,,"Kyle Lohse",739,346798
"Juan Rincon","- - -",55.1,-0.6918782892736416,,,,,-2.3847943160966127,1.9691735903422036,,,,-1.8375351577997208,,,"Juan Rincon",752,346799
"J.C. Romero","PHI",59,1.415244381079513,,,,,0.608047814703983,0.005134668888397587,,,,0.6905216810315153,,,"J.C. Romero",754,240694
"Johan Santana","NYM",234.1,0.45963074835562107,,,,,1.2431958732481527,-1.481422734206001,,,,3.005839118212785,,,"Johan Santana",755,276371
"Tony Armas","NYM",8.1,8.302867226302624,,,,,-1.3962545593579612,-1.1907481277982392,-26.767590021093685,,,-3.151831030845642,,,"Tony Armas",761,150393
"Scott Downs","TOR",70.2,7.0260778069496155,,,,,0.9831313479109491,-4.327365599180523,2.9296398162841797,,,,,,"Scott Downs",773,275933
"Matt Herges","COL",64.1,-1.7207147030348189,,,,,0.007332682884233888,,-1.1006319228513741,,,0.6760048605229733,,,"Matt Herges",780,150382
"Carl Pavano","NYY",34.1,-6.010816494623819,,,-4.760618011156717,,-1.2376739054310077,0.9898687733544245,,,,-0.4127360340477764,,,"Carl Pavano",790,134321
"Javier Vazquez","CHW",208.1,-0.011511578047571103,,,,,-0.26088630117387135,0.14360151184138967,1.2202906743281305,,,-2.121215396457248,,,"Javier Vazquez",801,134320
"Brandon Knight","NYM",12,-1.958401565966399,,,,,-0.03248769789934158,1.3890598949633146,5.505102770081882,,,0.24721790105104446,,,"Brandon Knight",831,150284
"Ted Lilly","CHC",204.2,-0.8338793739394044,,,,,-2.3464784026145935,1.9714209351754874,-0.8021091766587918,,,0.6647658575148809,,,"Ted Lilly",833,150404
"Mike Mussina","NYY",200.1,0.40573639105696707,,0.26628090403018856,,,0.15279188343923386,2.1341107288996377,,-1.0410268316155835,,1.6639954043972875,,,"Mike Mussina",837,119608
"Andy Pettitte","NYY",204,0.5367060705107085,,0.23104331755618104,,,-2.3194227014477464,0.38483398529543633,0.14872157085708707,,,-1.9172846971444748,,,"Andy Pettitte",840,120485
"Mariano Rivera","NYY",70.2,1.4380346868456024,,2.887345454014769,,,,,,,,,,,"Mariano Rivera",844,121250
"John Bale","KCR",26.2,-1.111744259888271,,,,,2.816461331873055,,-1.2403124407546162,,,-1.8992733264314956,,,"John Bale",864,150469
"Armando Benitez","TOR",6.1,-5.470098427363804,,,-5.372605100274086,,1.3179750396655154,2.9615799585978193,,,,,,,"Armando Benitez",865,110859
"Shawn Estes","SDP",43.2,-1.3411694595999752,,,,,0.8903713250646785,,-1.831556494171555,,,-1.419449696001017,,,"Shawn Estes",873,113915
"Steve Trachsel","BAL",39.2,-3.8860021999904086,,,0.39415653679788726,,4.3150873482227325,,-1.2328413151602708,,,,,,"Steve Trachsel",898,123431
"Tyler Walker","SFG",53.1,-0.8435846579195274,,2.9537009638409284,,,0.5786119675149722,1.9461581783909954,,,,-0.6922783916943693,,,"Tyler Walker",901,400104
"David Weathers","CIN",69.1,0.5741628011067709,,-0.4650518650145043,,,0.5643000749692525,-0.38170344120747335,,,,-2.3655792077382403,,,"David Weathers",902,124000
"Chad Bradford","- - -",59.1,1.688690367154777,,,,,1.6896499551605277,,0.7689060135321183,,,-0.33914655447006226,,,"Chad Bradford",904,136268
"Justin Duchscherer","OAK",141.2,-0.4100299976739782,,,,,1.168207438935372,2.738172559690555,1.4477584715063625,,,4.327189922332764,,,"Justin Duchscherer",910,407113
"Tim Hudson","ATL",142,1.3139217476481977,,0.5170007361723563,1.1439138679009564,,1.353320684005965,-0.07530290133027888,-2.2028013511940285,,,,,,"Tim Hudson",921,218596
"Mark Mulder","STL",1.2,11.707442253828049,,-6.162954121828079,,,-4.434749393752127,,-11.11491322517395,,,5.386726185679436,,,"Mark Mulder",932,150426
"Barry Zito","SFG",180,-1.6830348229223444,,1.7489398347920384,,,0.08584111807098763,0.5465317689455472,-0.6506095905448087,,,-0.4191444625317211,,,"Barry Zito",944,217096
"Brandon Duckworth","KCR",38,0.31881539189085667,,,,,1.3572000442667211,-2.332119560241699,0.3642981063644841,,,-1.220281645655632,,,"Brandon Duckworth",954,346855
"Brett Myers","PHI",190,-0.38142024615164577,,-2.123824048925329,,,-2.356782134773653,-0.219263850584538,2.4987659418827106,,,0.4146291638299617,,,"Brett Myers",962,408206
"Vicente Padilla","TEX",171,-0.3265260640787607,,,-0.19206442688935554,,-0.8225879003835279,-0.546160364151001,-3.1384483973185224,,2.647127072835706,-1.1612640924690185,,,"Vicente Padilla",964,218894
"Carlos Silva","SEA",153.1,-1.6593299192540785,,,,,-0.7328531537052976,-0.8725818311958983,,,,-1.5227292232586505,,,"Carlos Silva",973,400067
"Randy Wolf","- - -",190.1,1.1151614628340067,,-2.0393090679290444,,,0.6157673233753497,-0.5066694666808795,-0.577352309990608,,,-0.48112841289396324,,,"Randy Wolf",976,150116
"Bronson Arroyo","CIN",200,-0.4054984142040384,,-3.3689056572161222,,,-0.7779462267426482,1.0840132606065744,-0.24345694191636016,,,-0.8516457850087382,,,"Bronson Arroyo",978,276520
"Joe Beimel","LAD",49,1.1834761984748945,,,,,0.22051692378041174,-0.2710709112814103,,,,-1.8480161825815837,,,"Joe Beimel",979,346847
"Josh Fogg","CIN",78.1,-1.4455936067854351,,-2.1323503609693018,,,1.2360261965401564,-4.223014217502666,,,,-1.8304855592789187,,,"Josh Fogg",989,150319
"Al Reyes","TBR",22.2,2.3392502386965344,,,,,4.391148686408997,1.8591094762086868,-3.733226268187813,,,-1.6836491259899766,,,"Al Reyes",1005,121099
"Ron Villone","STL",50,1.2937833468119302,,,,,0.1719362466666955,-1.57306316857026,,,,-1.2823612739642463,,,"Ron Villone",1010,123725
"Kip Wells","- - -",37.2,-0.16082749607857694,,-3.316192000227816,,,-0.05561474109023707,-0.31459199827770856,-6.566206424955339,,,1.3947851146044938,,,"Kip Wells",1012,150337
"Adam Eaton","PHI",107,-0.6429080581347618,,0.8581075571515233,,,-1.2711139084238103,0.7389138883619166,-6.9904864639849285,,,-0.11631425929396119,,,"Adam Eaton",1029,284566
"Alan Embree","OAK",61.2,-0.17731185172014174,,,,,,0.23957257335250443,,,,-2.508353441953659,,,"Alan Embree",1030,113833
"Trevor Hoffman","SDP",45.1,-0.215781890616125,,2.161333849141886,,,,3.440586436878551,-20.994536876678467,,,2.5188737793972615,,,"Trevor Hoffman",1035,116034
"Jake Peavy","SDP",173.2,0.9859159623069325,,1.0789938684175393,,,0.9724155365233402,1.5606284141540527,2.051344968504825,,,-1.7825791093169667,,,"Jake Peavy",1051,408241
"Brett Tomko","- - -",70,-0.596676108559543,,,,,0.6880980368816492,-1.1473414679281577,-0.3831249661743641,,,-2.265485197953556,,,"Brett Tomko",1056,123387
"Ryan Tucker","FLA",37,-3.8413842176568918,,,0.35543014874329437,,-1.4073788600774546,0.13829788617920458,,,,-1.0212768141816302,,,"Ryan Tucker",1062,457761
"Freddy Garcia","DET",15,-6.081204613049826,,,6.719830940509665,,-2.5088574296684674,1.0058058159691947,4.093295998043485,,,2.422923977310593,,,"Freddy Garcia",1077,150119
"Gil Meche","KCR",210.1,0.6836389501889546,,,,,1.4311369922426012,0.7848402401348492,-0.24693949160233042,,,-0.17950033756106334,,,"Gil Meche",1089,219194
"Jamie Moyer","PHI",196.1,-0.581206761154474,,0.2687603590504223,,,0.2414696152745914,,-0.3879425403113677,,,0.26604996099100486,,,"Jamie Moyer",1091,119469
"Joel Pineiro","STL",148.2,-2.162458357724501,,,,,0.09196155374834997,1.2893168535907713,-2.2839964334689196,,,-0.07267007604241371,,,"Joel Pineiro",1094,334492
"Arthur Rhodes","- - -",35.1,1.7676289243497112,,,,,,2.0427603109747965,,,,-0.41620518480028423,,,"Arthur Rhodes",1097,121125
"Rafael Soriano","ATL",14,1.6305811821468292,,2.0043802888769853,,,-0.24194270372390747,3.8542202540806363,,,,-17.37621852329799,,,"Rafael Soriano",1100,400089
"Livan Hernandez","- - -",180,-2.043745660374307,,,,,-0.08209912851155518,-1.8100998166835671,-1.9164150529871873,,,-2.976786096890767,,,"Livan Hernandez",1116,115817
"Marco Estrada","WSN",12.2,-3.204007761194071,,,,,-3.405799468358358,,0.3667994836966197,,,-2.855559965459312,,,"Marco Estrada",1118,462136
"Joe Nathan","MIN",67.2,3.139653136187655,,-5.182422697544098,,,1.4003617662779042,1.6943131335526236,1.0134475058819874,,,-1.6917254775762558,,,"Joe Nathan",1122,150274
"Tommy Hunter","TEX",11,-4.596996647971017,,8.274960021177929,,,,-1.8340880051255226,1.1711315384932928,,,-30.435714721679684,,,"Tommy Hunter",1157,488984
"Jason Isringhausen","STL",42.2,0.29131032171703525,,-1.1996097089838684,,,-0.21189706374521122,,-1.768136721605446,,,,,,"Jason Isringhausen",1158,116414
"Matt Morris","PIT",22.1,-8.408214064205394,,,,,-5.098829213638751,-1.9023621377866131,-0.5786666775693987,,,-3.322678804397583,,,"Matt Morris",1172,119403
"Mike Timlin","BOS",49.1,1.354018721993514,,-0.3748922348022461,-2.281430872475229,,-3.479480743408203,-2.75845929800746,,,,,,,"Mike Timlin",1187,123348
"Jesus Colome","WSN",71,0.39868799362393376,,,,,2.2134727361250897,0.7082689230081737,,,,1.7876981160579584,,,"Jesus Colome",1198,400125
"Bobby Seay","DET",56.1,0.6457126029183932,,,,,1.3458707619923114,-1.2339805154239432,,,,,,,"Bobby Seay",1225,150144
"Jorge Sosa","NYM",21.2,-7.039214694310749,,,,,-2.623213801467628,-0.21265976769583567,,,,1.7203505392427796,,,"Jorge Sosa",1228,407901
"Tanyon Sturtze","LAD",2.1,4.154301207998524,,,,,4.280911758542061,,,,,5.301445180719549,,,"Tanyon Sturtze",1230,122915
"Francisco Cordero","CIN",70.1,0.43104692553797513,,,,,,-0.022521218903462856,0.1349484547972679,,,1.9089993089437485,,,"Francisco Cordero",1243,150188
"Doug Davis","ARI",146,-1.6006689805250902,,0.11629314436642366,,,4.103829930810368,-1.1764102511935763,-0.011459955715712733,,,-0.8055040612816811,,,"Doug Davis",1244,150277
"Chan Ho Park","LAD",95.1,-1.7566965083883266,,,,,-0.5657036723317327,1.6874817531386275,0.5808604724945561,,,0.26367693616632826,,,"Chan Ho Park",1267,120221
"Kenny Rogers","DET",173.2,-0.6310363892586001,,-0.6859715562313795,,,-1.187649978988472,-1.6946113929546698,-2.7648658909424833,,,-0.14552781173774787,,,"Kenny Rogers",1277,121386
"Rudy Seanez","PHI",43.1,-2.855997284253438,,,,,,3.7613414750327925,,,,0.5091237870952751,,,"Rudy Seanez",1279,121955
"Chris Carpenter","STL",15.1,,,3.6870117009174628,,,1.0160506615098919,,-2.417519798985234,,,1.3858231631192293,,,"Chris Carpenter",1292,112020
"Scott Eyre","- - -",25.2,0.3944735490638791,,,,,,1.956974234007582,,,,-5.732582092285156,,,"Scott Eyre",1300,113961
"Roy Halladay","TOR",246,,,1.6218637245880716,,,0.3270045029075813,,2.667610366623123,,,-4.5835684774056915,,,"Roy Halladay",1303,136880
"Esteban Loaiza","- - -",27,-0.6927730563359382,,-0.8956745639443398,,,-1.591873883215849,,,,,3.294687372233186,,,"Esteban Loaiza",1310,117842
"Brandon Lyon","ARI",59.1,-1.2772629752991693,,-2.5437305802884307,,,-0.07221847772598267,,-1.0152334190276733,,,2.183401584625244,,,"Brandon Lyon",1312,407193
"Justin Miller","FLA",46.2,-2.4455866022924684,,,,,-1.2900833425850704,0.9872263211470383,2.0072530650492735,,,-3.737662567032708,,,"Justin Miller",1313,277405
"Joaquín Benoit","TEX",45,1.0220325776260264,,,,,-3.3719235775517484,-1.97345334931282,,,,-1.3726756686256045,,,"Joaquin Benoit",1437,276542
"Bryan Corey","- - -",45,-4.018356800079346,,2.09575732042835,,,0.365287627813951,-6.54999175492455,,,,-3.4152002684001266,,,"Bryan Corey",1439,132241
"Brendan Donnelly","CLE",13.2,-1.4514494342964237,,,-4.898002467204615,,,,,,,3.1861302645310112,,,"Brendan Donnelly",1441,407791
"Chad Durbin","PHI",87.2,1.5845292235073978,,0.9526144276868116,-0.05173267282802483,,1.2605398827856713,,-0.8026094698324435,,,1.2890547760261977,,,"Chad Durbin",1442,239795
"Randy Flores","STL",25.2,-2.164229368552183,,,,,-2.838021993637085,-1.1940098880382066,0.8195793804000406,,,,,,"Randy Flores",1446,420864
"Lee Gardner","FLA",6.2,-1.482363666097323,,-4.173216819763184,,,-1.5687889319199781,,-12.185678482055664,,,-5.802472432454428,,,"Lee Gardner",1448,421104
"Aaron Harang","CIN",184.1,0.07402659623653858,,,,,-1.3497392092400102,-0.9500736738466153,-5.928413540709252,,,-1.2510380437297206,,,"Aaron Harang",1451,421685
"Mike Lincoln","CIN",70.1,5.680999904870987,,-0.14443037746188878,,,-0.3055535067586921,,1.4978553999715776,,,5.260477215051651,,,"Mike Lincoln",1457,150221
"Guillermo Mota","MIL",57,-4.5365907643970695,,,,,0.7839169028322789,-0.008887677423415645,,,,-0.6059772753841662,,,"Guillermo Mota",1467,150407
"Jon Rauch","- - -",71.2,0.5802024138365552,,-1.9165750592947006,,,3.849927536570109,0.44915914535522455,-2.535401494049829,,,-0.9907623309464683,,,"Jon Rauch",1475,400010
"John Lackey","LAA",163.1,-0.2499831041550254,,-0.3045366232439598,,,0.8551886883275261,17.070984840393066,3.002111243192481,,,-9.799044059984611,,,"John Lackey",1507,407793
"Oliver Pérez","NYM",194,0.3042898505428505,,,,,3.570540939889303,-0.16663885836540338,1.833872153208806,,,-2.605112587533346,,,"Oliver Perez",1514,424144
"Kirk Saarloos","OAK",26.1,2.463557598767457,,0.6816643861032302,,,-1.1805591649479337,9.243980795145035,0.38953232315351377,,,-5.6284124129696895,,,"Kirk Saarloos",1516,424164
"Duaner Sanchez","NYM",58.1,-0.7758804436387686,,-0.20122017179216656,,,0.3496628619254904,,0.5514041616998869,,,2.139753880708114,,,"Duaner Sanchez",1518,400093
"Tyler Yates","PIT",73.1,-0.37115388641170427,,,,,-2.7417924669053817,1.1765113179112825,,,,,,,"Tyler Yates",1527,407884
"Runelvys Hernandez","HOU",19.1,-4.4690702272498095,,,,,0.777926464234629,2.231305100944605,-8.514965375264486,,,-5.0386124643786205,,,"Runelvys Hernandez",1528,424465
"Brandon Backe","HOU",166.2,-2.2223743624237895,,-2.293884754180908,,,-1.4928890179984178,0.3925588852601033,-1.4235237086797559,,,-2.91580242839286,,,"Brandon Backe",1529,407840
"Francis Beltran","DET",13,-0.24447114500280928,,,-2.2033450603485107,,-4.299984091804141,-0.8870571851730347,0,,,2.814413234591484,,,"Francis Beltran",1530,407779
"Ryan Bukvich","BAL",5.1,-7.719461441040039,,,,,0.8131518959999084,1.0131621225313707,,,,-4.028810262680054,,,"Ryan Bukvich",1531,424426
"Micah Bowie","COL",8,,,,,,-0.2449339803527383,-0.34147208197075024,,,,-14.569312334060669,,,"Micah Bowie",1561,150295
"Aaron Cook","COL",211.1,0.6209424470416807,,,,,0.18261781535177754,-1.8695512620529326,2.093530159730178,,,,,,"Aaron Cook",1571,346871
"Mark Hendrickson","FLA",133.2,0.05679503145162403,,1.427142297635313,,,1.7624000576247407,,-1.3171596134581216,,,-3.239637613296509,,,"Mark Hendrickson",1574,424805
"Clay Condrey","PHI",69,-1.6643837520054408,,0.10987528831283482,,,-0.2255885899066925,2.5413999017679467,,,,-1.1898189174885654,,,"Clay Condrey",1579,424925
"Jason Davis","PIT",34,-0.6617007646879527,,-3.0814770609140396,-0.6800739765167236,,,0.4516814269271551,,,,,,,"Jason Davis",1598,425186
"Pedro Feliciano","NYM",53.1,-5.735499092510769,,,,,-0.15084359133354971,6.997274027930366,0.7127011673791068,,,0.5113768836726312,,,"Pedro Feliciano",1601,408230
"Franklyn German","TEX",21.2,1.1029084523518882,,,1.4028443821838923,,-2.4470549821853638,,,,,,,,"Franklyn German",1603,407883
"Shane Loux","LAA",16,-7.511515915393829,,,,,3.481525883955114,-1.8907072751418403,-13.194514811038971,,,-1.2447550892829895,,,"Shane Loux",1613,400076
"Nate Robertson","DET",168.2,4.827557610613959,,-3.9770917426193915,,,-0.7246050257352913,-0.7099933614415571,2.134041643854397,,,-0.4873806358414356,,,"Nate Robertson",1620,425146
"Salomon Torres","MIL",80,-1.1171336684908186,,,,,0.7467690070113794,,2.264134816720452,,,0.17017404032494737,,,"Salomon Torres",1628,123415
"Cliff Lee","CLE",223.1,2.016613446176052,,0.5851514013853367,,,1.0099603897328342,4.814772208531697,0.9453803111033835,,,0.8638129784510685,,,"Cliff Lee",1636,424324
"Francisco Rodríguez","LAA",68.1,-0.18477089637148697,,,,,,,0.2701610326766968,,,4.5257336384541285,,,"Francisco Rodriguez",1642,408061
"Brian Tallet","TOR",56.1,0.7048529832541537,,,,,1.4376413914584374,1.6756959756215415,0.9190835619485506,,,-1.4445802569389343,,,"Brian Tallet",1646,425226
"Luis Ayala","- - -",75.2,0.16631533344872565,,,,,-0.4253193736076355,0.1358646558502973,-19.738505283991493,,,-2.484341026041549,,,"Luis Ayala",1650,425646
"Russ Springer","STL",50.1,2.2548939026508132,,,,,0.8766137501772712,1.0658484150246146,-1.9531824111938476,,,,,,"Russ Springer",1652,122620
"Oscar Villarreal","HOU",37.2,-5.9886325960573945,,,,,-2.3197283247103195,-1.1764229029074482,-0.5065536126494408,,,3.3432283822227924,,,"Oscar Villarreal",1654,425629
"Seth McClung","MIL",105.1,1.181668347003413,,,,,0.5748628674504849,-1.3240678586821626,-2.6578239032200406,,,1.1420955402510509,,,"Seth McClung",1657,425528
"Jose Contreras","CHW",121,-0.7159151888023605,,,-0.28803980784860217,,0.5126382972373337,0.5128646643341795,,,,,,,"Jose Contreras",1660,425747
"Javier López","BOS",59.1,,,,,,1.2847016978737535,0.4095444265677005,-0.5787224022310171,,,-0.6678697653114796,,,"Javier Lopez",1663,425657
"D.J. Carrasco","CHW",38.2,-0.14674976820082175,,3.5288995732375184,,,-2.3715001823258226,2.325994365817898,1.4865556359291077,,,3.23201835155487,,,"D.J. Carrasco",1666,425647
"Jeremy Bonderman","DET",71.1,-3.6135363024334572,,,,,0.33660109899218943,0.684553174905374,,,,-4.398764043614484,,,"Jeremy Bonderman",1667,425827
"Wilfredo Ledezma","- - -",58.1,-0.13058623337646738,,,,,2.085194557905197,-1.4015690844984694,-4.8403500020504,,,1.91135548116747,,,"Wilfredo Ledezma",1669,425656
"Aquilino Lopez","DET",78.2,0.9540543057560141,,-3.786475956439972,-0.40668718516826635,,1.0748737388186984,-1.9595248822620193,,,,-1.7070190193726846,,,"Aquilino Lopez",1671,425658
"Trever Miller","TBR",43.1,0.9031597916428392,,,,,-3.4479055059961525,2.3990676630681484,,,,0.556561296636408,,,"Trever Miller",1672,119125
"Kiko Calero","OAK",4.2,-0.5406412543082724,,,,,-12.521223511014664,6.06907087823619,12.952472269535065,,,9.274312108755112,,,"Kiko Calero",1676,425606
"Kyle Snyder","BOS",1.2,-2.6579832037289934,,,,,,-5.359796807169914,,,,-3.9868690073490143,,,"Kyle Snyder",1689,216897
"Brandon Webb","ARI",226.2,-2.135857810144839,,0.678782042909841,,,0.13533515425828785,,0.8036878373887804,,,3.9445998673013434,,,"Brandon Webb",1692,425630
"Derrick Turnbow","MIL",6.1,-5.848017982814623,,,,,-4.4208016888848665,1.8852243056664102,,,,0,,,"Derrick Turnbow",1694,276913
"Claudio Vargas","NYM",37,1.2266159826709377,,,,,0.30104148257625557,3.7823177653656908,,,,-6.459645893838671,,,"Claudio Vargas",1695,282567
"Dontrelle Willis","DET",24,-2.69378627742733,,,,,-1.002280557597125,1.2720518568648567,4.072857201099396,,,-3.4208872318267822,,,"Dontrelle Willis",1703,425883
"Todd Wellemeyer","STL",191.2,-1.0536592740278978,,,,,0.2808515288930053,2.0830190787881104,5.61812784936693,,,1.5472444994696255,,,"Todd Wellemeyer",1709,425487
"Jose Valverde","HOU",72,1.2533385513322943,,,-0.594478218179,,-14.824007451534271,,,,,,,,"Jose Valverde",1726,407878
"Edgar Gonzalez","ARI",48,0.6655644705827288,,-1.0826797975647835,,,-0.5112035169957145,-4.333913326263428,,,,-0.8934855461120605,,,"Edgar Gonzalez",1727,429440
"Les Walrond","PHI",10.1,-2.5418075823014785,,,,,-4.14672413387814,0.3857767634224474,3.0938235776765004,,,-0.9199902415275574,,,"Les Walrond",1735,400113
"Aaron Heilman","NYM",76,11.465499550104141,,,,,-0.8404873741997613,1.1114432662725449,4.320739954710007,,,0.2726647129940121,,,"Aaron Heilman",1751,408310
"Dan Haren","ARI",216,0.07666294727850398,,1.976918095919355,-0.12977920603333856,,0.747062331310928,,,2.157711952199704,,,,,"Dan Haren",1757,429717
"Kevin Correia","SFG",110,-1.8484704129330745,,-0.8971198298298894,,,1.5748834971225625,-0.49549108075793147,0.5464080969492594,,,-2.735517395141462,,,"Kevin Correia",1767,429781
"Rich Harden","- - -",148,0.8504081311961044,,,,,-4.974715039134026,2.16841052913066,,,,1.7526188007620878,,,"Rich Harden",1772,425848
"Roy Corcoran","SEA",72.2,3.059949814898413,,,,,-0.1282889181855081,0.13097806109322443,,,,4.205505450566609,,,"Roy Corcoran",1780,429981
"Chad Gaudin","- - -",90,-0.28100463232599704,,,,,-0.6300354755557744,2.6771107445592466,,,,-0.6358498757755434,,,"Chad Gaudin",1783,429985
"Jimmy Gobble","KCR",31.2,-2.5814062726181164,,,,,0.011150760853544195,-0.7211835584907889,-6.864280998706818,,,-6.56966251485488,,,"Jimmy Gobble",1791,425471
"Kevin Gregg","FLA",68.2,0.7902684125924785,,29.084038734436035,0.27701926776786256,,4.280911758542061,4.12365992863973,0.9062179340207709,,,4.280911758542061,,,"Kevin Gregg",1793,276514
"Michael Gonzalez","ATL",33.2,-0.9154370904328959,,,,,-2.907925181918674,3.145899147283836,,,,-0.6512990593910217,,,"Michael Gonzalez",1794,283166
"J.J. Putz","SEA",46.1,0.4053604362333886,,,0.6488077033906293,,-1.83094674294148,-0.06433162775080083,1.0988170379086546,,,,,,"J.J. Putz",1795,407816
"Neal Cotts","CHC",35.2,-0.47177483395832337,,1.1302021642525992,-3.786475956439972,,-8.064040683564686,1.002290760729946,,,,-1.5099094973670113,,,"Neal Cotts",1797,425840
"Jon Adkins","CIN",3.2,1.2582702072043168,,,,,-9.662536531686783,-6.029792785644531,,,,6.279107183218002,,,"Jon Adkins",1799,424668
"Geoff Geary","HOU",64,1.5312124791979531,,,-3.786475956439972,,0.862368525460709,1.9221118914328539,,,,5.73092642284575,,,"Geoff Geary",1813,407783
"Doug Waechter","FLA",63.1,-0.8173260660398575,,,,,-3.483571522477744,2.3862200842963324,,,,1.916350523630778,,,"Doug Waechter",1814,425531
"Chad Cordero","WSN",4.1,0.17938666247032783,,,,,10.400907198588055,1.4236590691975184,-13.77679705619812,,,-1.536328754117412,,,"Chad Cordero",1816,430101
"Matt Belisle","CIN",29.2,-0.9450025942133761,,-5.112313561969333,,,-1.5963814475319602,-0.29820775744890926,1.0855155747111251,,,-9.505396263272155,,,"Matt Belisle",1837,279571
"Vinnie Chulk","SFG",31.2,-0.35676830504314005,,-2.597601811091105,,,2.0747116895822377,,-3.1950613856315613,,,0.5490717364520561,,,"Vinnie Chulk",1838,425562
"Edwin Jackson","TBR",183.1,-0.7781883758475923,,,,,1.1154248594091487,2.566928493224109,0.797620415687561,,,-3.1639076628774965,,,"Edwin Jackson",1841,429719
"Chris Bootcheck","LAA",16,-3.067447130496685,,-7.5768351554870605,,,-11.833824051751032,-0.21547776076101488,0.38639330863952637,,,,,,"Chris Bootcheck",1842,408052
"John Grabow","PIT",76,-0.7713753742860355,,,,,,1.7353231256658381,4.280911758542061,,,2.015169706638689,,,"John Grabow",1848,346848
"Ryan Madson","PHI",82.2,0.3071286813999579,,0.35663509368896484,,,2.784518152475357,1.5590533945295546,,,,2.0877142327069516,,,"Ryan Madson",1852,425492
"Shawn Camp","TOR",39.1,,,,,,0.06418291306653559,2.5826990961314675,,,,-2.2264744990911236,,,"Shawn Camp",1855,425861
"Michael Wuertz","CHC",44.2,-1.9215062513189802,,,,,,0.790306500026158,,,,2.1531550571171927,,,"Michael Wuertz",1856,430900
"Brian Falkenborg","- - -",22.1,-0.7109736680984498,,,-2.9186443736155825,,0.955889288705724,-4.812995716929436,-0.17823323164836014,,,,,,"Brian Falkenborg",1859,237346
"Shawn Hill","WSN",63.1,2.493947744369507,,,,,-1.5497540885751897,-3.042274151208266,-0.36846192983480597,,,-0.6569176912307739,,,"Shawn Hill",1882,429718
"Sean Burnett","PIT",56.2,-1.3495205264342458,,22.930999100208282,,,-0.47990736715933857,-0.6083625368773937,,,,-1.737672912663427,,,"Sean Burnett",1886,430634
"Lenny DiNardo","OAK",23,-1.6853876637689995,,0.3385515316672947,,,,,-1.2511498708691862,,,-0.4861147566275163,,,"Lenny DiNardo",1894,430837
"Greg Aquino","BAL",9.1,-3.9383469558343656,,,,,-6.098167101542154,-1.694036560294069,,,,0.7971758954226971,,,"Greg Aquino",1899,425628
"David Aardsma","BOS",48.2,-0.7484282543456632,,3.8570523262023926,0.08927961765242017,,2.3881514157567705,-1.2261730114012275,,,,,,,"David Aardsma",1902,430911
"Jeff Bennett","ATL",97.1,-0.555978746932799,,,,,0.5029175177361201,2.784644208685325,2.724078865278335,,,-4.08085785350021,,,"Jeff Bennett",1903,430831
"Jason Frasor","TOR",47.1,0.9821123547024198,,,,,1.0266568841813486,-2.4265665218142645,,,,1.9303484209652604,,,"Jason Frasor",1906,430630
"Scott Proctor","LAD",38.2,-1.5867837197688281,,,,,0.28609247119338427,0.796927388306636,-1.0583141020366125,,,,,,"Scott Proctor",1911,429984
"Matt Thornton","CHW",67.1,2.2126052953019926,,1.4395921838049794,,,-4.91777261098226,-0.29251544949520064,,,,,,,"Matt Thornton",1918,407819
"Brian Bruney","NYY",34.1,2.0089435560927207,,,,,-1.9297854974865913,1.3116387213453835,,,,4.694623748461405,,,"Brian Bruney",1929,430663
"Daniel Cabrera","BAL",180,-0.560829901570425,,,,,-0.571658942690227,-0.40234315484096633,,,,-4.871738129767818,,,"Daniel Cabrera",1931,425555
"Frank Francisco","TEX",63.1,1.4093952562341738,,,-0.146200112067163,,-1.68779841009176,-7.723890542984009,-0.5505713605389153,,,,,,"Frank Francisco",1933,407911
"Scott Dohmann","TBR",14.2,-0.3863315385087092,,,,,-4.248986542224884,-0.371574553159567,,,,4.5090556144714355,,,"Scott Dohmann",1936,430617
"Mike Adams","SDP",65.1,1.892889715948535,,,,,0.6930805202843486,-2.3445932255234827,3.73735590877696,,,4.590455591678619,,,"Mike Adams",1937,430606
"Justin Germano","SDP",43.2,-3.717774540185928,,,,,0.03462450844900948,,-0.2905213972553611,,,-3.9491237712507488,,,"Justin Germano",1938,430683
"Zack Greinke","KCR",202.1,-0.11454249845887195,,,,,-0.3062420492197809,2.270537192581906,0.49474551177479587,,,-1.8484350234743148,,,"Zack Greinke",1943,425844
"Elizardo Ramirez","TEX",2.2,-5.410476752689906,,,,,-0.6786495447158813,,-3.0011502405007677,,,-15.884548967534846,,,"Elizardo Ramirez",1946,430579
"Denny Bautista","- - -",60.1,-0.12798998262975123,,,,,-0.9262017382864366,-0.9047684686708966,0.32180704176425934,,,12.083358069260914,,,"Denny Bautista",1947,429714
"Tim Byrdak","HOU",55.1,0.20993050002050526,,,,,-1.5551901445156189,0.8606942658571852,,,,-2.606498638046122,,,"Tim Byrdak",1995,136263
"Dave Borkowski","HOU",36,1.5129768011862772,,,,,-0.42313524456911306,-8.869459318078082,-8.01824116315998,,,0.4676403047946783,,,"Dave Borkowski",2002,150185
"Buddy Carlyle","ATL",62.2,1.0229019195802749,,,,,4.264092725865981,-1.1150915282113212,0.6910166957161643,,,4.7025962573726,,,"Buddy Carlyle",2010,234194
"Saul Rivera","WSN",84,0.38063864044795764,,1.0955744484178127,,,,-5.625242453355055,,,,,,,"Saul Rivera",2027,346800
"Clayton Kershaw","LAD",107.2,-0.1862204103378588,,,,,,-2.7230575680732727,0.8262984156608582,,,2.562387271593976,,,"Clayton Kershaw",2036,477132
"Justin Masterson","BOS",88.1,-0.596105558857037,,,,,1.2392137899381743,2.4753729687180632,,,,-3.8780465958610413,,,"Justin Masterson",2038,475416
"Jorge De La Rosa","COL",130,-0.7167872705199363,,,0.8652704094238431,,,2.4134985506534576,-1.557861450241833,,,,,,"Jorge De La Rosa",2047,407822
"Joselo Diaz","TEX",1,0.9353407791682653,,,,,,-8.700035299573626,,,,-2.984495088458061,,,"Joselo Diaz",2057,407872
"Matt Guerrier","MIN",76.1,-0.9314432180017457,,3.230778376261393,,,-4.376638787133353,,-0.9010428606077682,,,-4.965203255414963,,,"Matt Guerrier",2061,407825
"Jose Veras","NYY",57.2,,,,-2.1981183559663835,,-0.3162218352495614,6.991413235664368,1.2882281612876234,,,,,,"Jose Veras",2063,407842
"Jeremy Guthrie","BAL",190.2,-0.7064196642707377,,-2.545420825481415,,,1.7898053320768839,0.2113770902826545,-0.29398417346691963,,-3.786475956439972,1.4363986958000776,,,"Jeremy Guthrie",2072,425386
"Chien-Ming Wang","NYY",95,,,,1.604791610471664,,0.8905382230014875,1.140946646531423,,,,,,,"Chien-Ming Wang",2074,425426
"Heath Bell","SDP",78,2.0980714812992125,,,,,-1.2576612719783076,,-0.2860463126588263,,,-4.812995716929436,,,"Heath Bell",2080,425514
"Francisco Cruceta","DET",11.2,-4.228490591049194,,,-1.0192696084367467,,5.957043170928955,2.5938830205372403,4.280911758542061,,,4.532928466796875,,,"Francisco Cruceta",2104,425510
"Fernando Cabrera","BAL",28.1,-3.347875543141644,,-3.1356344097538997,,,-4.066025465726852,-0.6534803359903754,1.8250241875648499,,,3.4953435262044272,,,"Fernando Cabrera",2105,425507
"Andrew Brown","OAK",35,1.0584121165068252,,,,,2.021391322647316,1.2733785090623078,0.19876948885015538,,,3.597552701830864,,,"Andrew Brown",2115,408046
"Gary Majewski","CIN",40,,,,,,-2.4224257763521173,-0.3839159173663385,,,,-4.269669737134661,,,"Gary Majewski",2131,400008
"Adam Loewen","BAL",21.1,-2.0321919824238175,,-9.662536531686783,,,-6.710652510325114,,-0.08196317487292819,,,3.582983918306304,,,"Adam Loewen",2134,429400
"Angel Guzman","CHC",9.2,0.5589480889905798,,-5.744762228507745,,,-7.900174483656882,,3.362413744131724,,,,,,"Angel Guzman",2145,425768
"Sean Henn","SDP",9.1,-0.35605397489335805,,-50.4845917224884,,,-2.932887938287523,3.6827312197004045,,,,3.0598739018807044,,,"Sean Henn",2147,430675
"Yhency Brazoban","LAD",3,1.6639874627192814,,,,,-3.8030280007256403,-0.43709058137167073,,,,,,,"Yhency Brazoban",2150,430674
"Alfredo Simon","BAL",13,-5.424806475639343,,,0.217406348935489,,1.3054142607019303,,5.7784062056314385,,,,,,"Alfredo Simon",2155,430580
"Boof Bonser","MIN",118.1,-0.36838571904069284,,,,,-1.6226740387397083,0.18082034368456507,0.333284929394722,,,-1.6147848264670666,,,"Boof Bonser",2159,425818
"Taylor Buchholz","COL",66.1,2.877244984146452,,,,,1.0104273392902157,,2.02516108751297,,,-2.984495088458061,,,"Taylor Buchholz",2168,430587
"Chad Qualls","ARI",73.2,5.2696210997445245,,,,,1.9508674565483541,1.3867244124412537,,,,,,,"Chad Qualls",2170,430589
"Fernando Nieve","HOU",10.2,-1.4664895242924314,,,,,5.8029655367136,1.415521651506424,12.62597322463989,,,3.005487389034695,,,"Fernando Nieve",2173,430588
"Dennis Sarfate","BAL",79.2,0.332644894636797,,1.9274788874166984,,,,,-0.37494180429035723,,,1.0678723214134094,,,"Dennis Sarfate",2174,430610
"Renyel Pinto","FLA",64.2,-0.8060603983262006,,,,,1.7255064467309227,1.1074195531281557,,,,0.9813389340460589,,,"Renyel Pinto",2180,430594
"Joel Hanrahan","WSN",84.1,-0.04588011863677002,,,,,-22.954514026641846,1.4538358521941523,-6.162954121828079,,,3.0951321125030518,,,"Joel Hanrahan",2186,430629
"Jake Woods","SEA",19,0.48390566478676517,,,,,-0.7353160944249895,-0.8790054491588049,-4.512762672760908,,,-13.431890010833742,,,"Jake Woods",2196,430646
"Phil Stockman","ATL",7.1,2.3824511347590267,,-0.01580730518874,,,,,3.450565275393034,,,,,,"Phil Stockman",2206,430666
"Justin Hampson","SDP",30.2,1.2022838378563905,,,,,,2.0586617648861814,-0.8863082196977403,,,-11.754365589307703,,,"Justin Hampson",2209,430618
"Brian Bass","- - -",89.1,-0.33481331607002524,,,,,3.489212336994353,-1.2494207762960179,-0.6048045465796013,,,0.06074215357120221,,,"Brian Bass",2219,430654
"Ian Snell","PIT",164.1,-0.5609003278278313,,,,,-1.2089632264333754,-1.3056186189308292,,,,0.08742485142432119,,,"Ian Snell",2227,430636
"John Van Benschoten","PIT",22.1,-4.302289713901352,,-0.2751782536506653,,,-0.012066806184834447,-4.563353571199602,-2.891336175111624,,,-1.907377755817245,,,"John Van Benschoten",2228,429724
"Adam Wainwright","STL",132,-5.910535378031211,,0.962500523794726,,,0.8636323085950013,,0.9342148476970685,,,0.19862651824951172,,,"Adam Wainwright",2233,425794
"Jose Capellan","COL",2,-0.46396688336417785,,,,,-4.812995716929436,0.11005444595446955,,,,,,,"Jose Capellan",2236,430642
"Blaine Boyer","ATL",72,0.07834368951703444,,,,,-4.6281683678720515,3.7091789146264396,0.4943461860785504,,,-1.8151431925156538,,,"Blaine Boyer",2237,430641
"Tony Pena Jr.","KCR",1,5.7529230912526454,,5.082892626523972,,,-4.812995716929436,0,14.166594545046488,,,,,,"Tony Pena Jr.",2240,430640
"Joel Peralta","KCR",52.2,-1.4866321951478392,,-0.22414696346866628,-0.059982792419545794,,,,-0.7124128030694049,,,,,,"Joel Peralta",2332,407908
"Brian Gordon","TEX",4,3.7669147214581886,,,,,,2.899530529975891,-36.73472702503204,,,19.421499967575073,,,"Brian Gordon",2374,430950
"Marino Salas","PIT",17,-2.8834155542933524,,0.18199040997223775,,,1.6007353862126668,-1.8350833340695027,6.651660799980164,,,-4.4672053793202275,,,"Marino Salas",2432,434978
"Alex Serrano","LAA",1,11.163672804832458,,,,,-18.55104168256124,,,,,4.915047809481621,,,"Alex Serrano",2436,443563
"Todd Coffey","- - -",26.2,-1.3593175109814515,,,,,-1.4417385972967935,2.016477651529379,,,,-4.812995716929436,,,"Todd Coffey",2467,434298
"Mark DiFelice","MIL",19,-6.687110823553962,,,,,,1.961642610556763,-15.112277865409851,,,4.56271231174469,,,"Mark DiFelice",2468,442707
"Juan Salas","TBR",6.1,-0.323076599410602,,-1.3022638284243069,,,2.4422895163297653,2.7717571104726484,,,,-6.162954121828079,,,"Juan Salas",2533,466838
"Enrique Gonzalez","SDP",3.1,-9.564897537231445,,,,,11.937450170516968,2.259544479219537,6.918545812368393,,,30.987834930419922,,,"Enrique Gonzalez",2568,434619
"Robinson Tejeda","- - -",45.1,1.5889302833930596,,,,,1.3141133523774597,1.2523562722914927,,,,0.13312107572952908,,,"Robinson Tejeda",2575,434565
"Wandy Rodriguez","HOU",137.1,0.3405855563838499,,2.398786078328672,,,1.0004387887496522,,0.39674190117819685,,,-2.6158253805977956,,,"Wandy Rodriguez",2586,434643
"Chris Sampson","HOU",117.1,2.0236852924646698,,,,,-0.8008196756437227,0.8711783379470746,-1.3055568240409674,,,-1.7748597557797576,,,"Chris Sampson",2651,448200
"Dan Giese","NYY",43.1,-0.33983399596395375,,,,,1.7467062388147627,0.6787011623382568,,,,,,,"Dan Giese",2656,435500
"Randy Messenger","SEA",12.2,-1.0882799039807236,,,,,,-2.646551443182904,3.486875523912146,,,-4.761658012866974,,,"Randy Messenger",2658,434591
"Joba Chamberlain","NYY",100.1,0.9834848616245019,,,,,-5.80475814640522,1.9465283000659293,-0.3596509724855423,,,-1.1973285499741049,,,"Joba Chamberlain",2692,501955
"Neal Musser","KCR",1,7.416337728500366,,,,,,-3.525260090827942,,,,6.279107183218002,,,"Neal Musser",2727,461377
"Brian Sanches","WSN",11,-1.171435379400486,,,,-0.9413155061858041,0.9240033534856943,-1.636764168739319,-4.812995716929436,,,,,,"Brian Sanches",2739,430083
"Rich Rundles","CLE",5,1.6508199017623375,,,,,-4.346706921404058,3.8534710804621377,3.578653335571289,,,,,,"Rich Rundles",2760,457858
"Jack Taschner","SFG",48,-1.9806238135906182,,-1.4470907481941016,,,-0.3814689924290453,0.7019386170016733,,,,-0.8777566858240077,,,"Jack Taschner",2766,435620
"Carlos Marmol","CHC",87.1,0.07615265579442554,,,,,0.19188572963078815,2.9396795457409275,-3.786475956439972,,,,,,"Carlos Marmol",2790,461791
"Manny Corpas","COL",79.2,0.527773521564625,,,,,-0.05137749477145598,-0.4596294135582156,,,,,,,"Manny Corpas",2807,466918
"Jeff Ridgway","ATL",9.2,3.4238522565817533,,,,,1.8024580478668215,-4.839136139039071,,,,-5.717644237336658,,,"Jeff Ridgway",2819,455047
"Franquelis Osoria","PIT",60.2,1.8920757940837314,,,,,-1.3706487121311486,-0.6270829020746496,,,,-3.6214437749650745,,,"Franquelis Osoria",2860,434701
"Eddie Kunz","NYM",2.2,-7.566491762797038,,,,,,0.1507643610239029,,,,5.835944414138794,,,"Eddie Kunz",2862,446333
"Santiago Casilla","OAK",50.1,0.10322607770750793,,,,,0.5590318985607313,-1.506646103778128,,,,-5.751188596089682,,,"Santiago Casilla",2873,433586
"Juan Carlos Oviedo","KCR",48.1,0.6429444353487803,,,,,3.883196325863109,-2.609825332959493,,,,0.41483740678569614,,,"Juan Carlos Oviedo",2886,434663
"Ramon Ramirez","CIN",27,2.0972316794925265,,,,,0.8714805389272755,5.436324762801329,,,,1.2236512186539232,,,"Ramon Ramirez",2899,459371
"Kelvin Jimenez","STL",24,0.9173502431851681,,,-1.3316042721271515,,-2.5050361435134687,-2.221466002063216,,,,,,,"Kelvin Jimenez",2902,459376
"Jailen Peguero","ARI",9.1,2.7238142901453477,,,,,1.8528435911451067,-1.3211833669784223,,,,,,,"Jailen Peguero",2913,460639
"Sean Green","SEA",79,-3.9504255119122957,,,,,-0.1830733991136738,,1.6601597883676051,,,1.0082447901368141,,,"Sean Green",3001,434958
"Jack Cassel","HOU",30.1,-0.15319998447711652,,,,,-0.390576905217664,-3.668467642675186,-1.5326518278855543,,,-0.02319037914276123,,,"Jack Cassel",3052,445222
"Alberto Arias","- - -",21.2,-0.6009412339194812,,,,,,0.43493335057670873,,,,,,,"Alberto Arias",3087,464244
"Bill White","TEX",4,-6.715307337172488,,-4.812995716929436,,,-2.2027775645256042,-3.857022523880005,-26.125437021255493,,,-19.545874993006386,,,"Bill White",3089,450321
"Doug Slaten","ARI",32.1,-0.9731219496045794,,,,,2.107078029263404,-1.716135564397593,,,,3.0655601849922767,,,"Doug Slaten",3107,460657
"Luis Mendoza","TEX",63.1,1.0994675010442734,,,,,-3.224350415109619,-1.1569456230822226,-1.5753647455802329,,,-6.080276935131519,,,"Luis Mendoza",3126,434669
"Max Scherzer","ARI",56,1.1053931771540175,,,,,0.26209173457963125,3.3631360294013626,,,,-3.1001759202856767,,,"Max Scherzer",3137,453286
"Yorman Bazardo","DET",3,-10.846314710729263,,,,,-6.263116002082825,,,,,-1.2943592564813022,,,"Yorman Bazardo",3143,434590
"Erick Threets","SFG",10,-2.2025459068865816,,-4.812995716929436,,,-2.5523528456687927,-1.6324951098515437,,,,3.9774821085088394,,,"Erick Threets",3158,408069
"Manny Delcarmen","BOS",74.1,1.1838274416716204,,,,,6.800183496977154,,0.20968317985534668,,,1.0238434836181283,,,"Manny Delcarmen",3180,434668
"David Price","TBR",14,0.017032973350040496,,0.8283364363539387,,,8.02599083293568,,,,,3.959705432256063,,,"David Price",3184,456034
"Zach Miner","DET",118,1.1013703686850411,,,,,0.12178086498779178,-0.11369747671521144,-0.7090704558893691,,,0.028875840676797403,,,"Zach Miner",3193,435261
"Chris Young","SDP",102.1,0.7726549274391598,,,,,,-1.4829439812518181,-0.44246236483256024,,,0.5834654235003287,,,"Chris Young",3196,432934
"Ervin Santana","LAA",219,0.24263779652069217,,,,,-0.6852194903388855,2.223888674889735,,,,0.22021995650397408,,,"Ervin Santana",3200,429722
"Francisco Liriano","MIN",76,-0.662244673360858,,,,,-0.7686922208367155,2.5892046496117405,,,,0.6722025853350646,,,"Francisco Liriano",3201,434538
"Josh Roenicke","CIN",3,-2.3655148843924207,,,,,4.956741631031036,,-23.83793830871582,,,-51.256006956100464,,,"Josh Roenicke",3241,502158
"Ryan Rowland-Smith","SEA",118.1,-1.1065654153746318,,,,,0.20121228921392834,1.2569669182553436,1.939097685473306,,,0.6322605997069269,,,"Ryan Rowland-Smith",3245,434884
"Jeff Samardzija","CHC",27.2,0.38450749715169275,,,3.5905014384876597,,-0.6649255034435226,2.208742168214586,,,,,,,"Jeff Samardzija",3254,502188
"Roberto Hernandez","CLE",120.2,0.16976601698181845,,,,,-0.33651801742191073,-3.4544799142255043,,,,0.5396693655588094,,,"Roberto Hernandez",3273,433584
"Masa Kobayashi","CLE",55.2,-0.290627821588315,,,1.6473060473799706,,0.5647770255556397,-0.1149405582019916,,,,-1.1485104644021322,,,"Masa Kobayashi",3276,493131
"Yasuhiko Yabuta","KCR",37.2,-1.7490398499273485,,,0.5109208912106614,,5.082892626523972,-2.795611036584732,,,,0.8113201017732974,,,"Yasuhiko Yabuta",3277,493161
"Joe Smith","NYM",63.1,-1.9134080180755026,,,,,0.4207342196577273,1.9899885375778397,,,,-5.679133145705513,,,"Joe Smith",3281,501925
"Hiroki Kuroda","LAD",183.1,0.07669813281571619,,,-1.0192482591532974,,1.5544868630077946,0.8524041289167388,2.0195700504161693,,,,,,"Hiroki Kuroda",3283,493133
"Aníbal Sánchez","FLA",51.2,-2.5301052542293774,,8.912946118248835,-2.8475922032406458,,-0.07807066807380089,2.266738149854872,1.8312539566646924,,,,,,"Anibal Sanchez",3284,434671
"Kazuo Fukumori","TEX",4,-4.94684014055464,,,,,-1.1135312772932509,,-10.12880802154541,,,-3.7679819833664667,,,"Kazuo Fukumori",3288,506429
"Cedrick Bowers","COL",6.2,-2.2383275131384535,,,,,,,-1.3714812695980072,,,-14.700640572441948,,,"Cedrick Bowers",3293,276914
"Jesus Delgado","FLA",2,-1.1703285731767354,,,,,,,10.332255363464355,,,7.0260778069496155,,,"Jesus Delgado",3308,445984
"Alberto Castillo","BAL",26,,,,,,-1.1016462383599117,-0.48539520050427926,,,,1.7629595126135873,,,"Alberto Castillo",3316,441368
"Darren O'Day","LAA",43.1,-0.562404706829884,,,,,0.6116531566231551,0.6519366264343263,,,,-9.662536531686783,,,"Darren O'Day",3321,503285
"Matt Garza","TBR",184.2,1.524541757109914,,,,,1.4926718325469757,-1.7896121807312697,0.37120112573913255,,,-1.553421704758443,,,"Matt Garza",3340,490063
"Mitchell Boggs","STL",34,-2.7771366881085684,,-0.3083812785737309,,,-3.6582912640138106,0.9446722559812591,,,,-8.320510387420654,,,"Mitchell Boggs",3344,459939
"Jon Meloan","CLE",2,2.7763720601797104,,-1.6252685338258743,,,,,10.437189539273579,,,,,,"Jon Meloan",3355,459974
"Juan Morillo","COL",1,-0.1368258148431778,,,,,,5.082892626523972,,,,-1.4922475442290306,,,"Juan Morillo",3369,434623
"Ubaldo Jiménez","COL",198.2,0.5112175604034271,,2.5113371285525234,30.717939138412476,,-0.5820257224461985,0.7146630391081655,1.7150806969609755,,,0.1088477351182809,,,"Ubaldo Jimenez",3374,434622
"Jensen Lewis","CLE",66,-0.022119730484177168,,-1.576200781798944,,,,-3.233211636543274,,,,0.3043692362935919,,,"Jensen Lewis",3384,460029
"Kason Gabbard","TEX",56,,,,,,-0.8806999840030602,,0.39614027621699316,,,0.13046477970324064,,,"Kason Gabbard",3418,451257
"A.J. Murray","TEX",7.2,-1.722899554432302,,-1.6443566272133274,,,-0.7881474991639456,,1.4438991035733904,,,0.8245602250099182,,,"A.J. Murray",3422,451262
"Brian Burres","BAL",129.2,0.4182885015251661,,,,,-2.8911742913364855,-1.355506192173874,-1.566353048721369,,,-1.8191685626556824,,,"Brian Burres",3425,434638
"Greg Smith","OAK",190.1,0.2734004587366961,,,,,-0.6267515593619735,0.9683385653693172,-3.0202383971094484,,,0.9396687047234897,,,"Greg Smith",3455,460105
"Devon Lowery","KCR",4.1,-1.8447720815264987,,,,,,1.4804252556392126,,,,-6.5930040677388515,,,"Devon Lowery",3500,434587
"Jonathan Albaladejo","NYY",13.2,-0.4743726480574835,,,,,-3.6489163126264303,0.38138712671670044,8.377989360264369,,,-7.384030222892761,,,"Jonathan Albaladejo",3521,452293
"Kevin Cameron","SDP",10,-14.84424440484298,,1.6630997561445138,,,,1.3765294518735673,-4.812995716929436,,,,,,"Kevin Cameron",3523,452298
"Jeff Fulchino","KCR",14,-0.7614285630338332,,,,,-3.0922113902985107,-1.354942045041493,,,,-12.117150555486264,,,"Jeff Fulchino",3532,445246
"Clay Buchholz","BOS",76,-1.2547562749762284,,,,,-7.59690173564513,0.45541638586049277,-0.3688341743654484,,,0.645645350611105,,,"Clay Buchholz",3543,453329
"Clayton Richard","CHW",47.2,1.278525497764349,,,,,0.5594847369785151,-0.1173706941826399,-2.802215738499418,,,-4.038891852410003,,,"Clayton Richard",3551,453385
"Chris Schroder","WSN",5,-3.3382996436088317,,,,,-2.046337127685547,3.2254683474699655,,,,-3.5530812210506864,,,"Chris Schroder",3553,456744
"Charlie Manning","WSN",42,0.3163400718144008,,,,,-1.0992649829748906,,-0.6163182583722201,,,,,,"Charlie Manning",3578,425899
"C.J. Wilson","TEX",46.1,-1.5588082293028473,,11.480655670166016,,,1.1620217891780094,-2.8142002191436424,-2.150166928768158,,,-4.035275890713646,,,"C.J. Wilson",3580,450351
"Chris Britton","NYY",23,-2.8401430130004885,,,,,-2.645762761433919,2.752668081327926,,,,-0.09825730041877644,,,"Chris Britton",3600,461904
"David Pauley","BOS",12.1,-4.066025465726852,,,,,-3.102810638772566,0.31141665848818695,-6.84837858851363,,,2.5670173622313,,,"David Pauley",3625,456102
"Josh Kinney","STL",7,,,,,,1.1792239389921488,4.406110303742545,4.6852268278598785,,,,,,"Josh Kinney",3638,448337
"Kyle Davies","KCR",113,-0.2090511673014725,,0.7744019385427237,,,9.386193752288818,,1.9066164570470012,,,-0.8817523948906003,,,"Kyle Davies",3642,434678
"Jim Johnson","BAL",68.2,0.5754986875935605,,,,,1.9271792143500284,,2.160324177271883,,,0.6075065445016932,,,"Jim Johnson",3656,462382
"Steven Shell","WSN",50,4.280911758542061,,,,,1.7988591580777555,2.3507443212327503,0.8984106664474193,,,-1.3295173645019531,,,"Steven Shell",3681,434579
"Jesse Litsch","TOR",176,-0.4019413281370092,,2.0025126220006024,,,-0.8673241446095128,1.4859657246349711,-0.810577561778407,,,-1.524738533853811,,,"Jesse Litsch",3688,446209
"Brad Hennessey","SFG",40.1,-1.9696611975958955,,,,,-6.355215148102465,-1.6489301919937134,-0.23506173962040952,,,0.07897893043413555,,,"Brad Hennessey",3720,430913
"Brandon League","TOR",33,,,,0.021627448175264442,,1.4039217811269857,-1.202131382056645,,,,,,,"Brandon League",3731,434181
"Cesar Jimenez","SEA",34.1,0.04478406328643482,,,,,0.6401728838682175,-1.4074978088178942,,,,2.8956168387309615,,,"Cesar Jimenez",3762,462945
"Mike Hinckley","WSN",13.2,4.794733013425555,,,,,2.1571238835652666,,3.5315871238708496,,,1.7542308339705832,,,"Mike Hinckley",3769,434479
"Chris Resop","ATL",18.1,0.14662883690828404,,,,,0.6588227138286684,-6.313112974166871,-4.597486058870951,,,10.195876251567494,,,"Chris Resop",3799,434592
"Ryan Speier","COL",51,-0.5033199731693712,,,,,1.8954128645267725,-0.05748145685994567,,,,2.4285039840600433,,,"Ryan Speier",3808,434627
"Ricky Nolasco","FLA",212.1,0.6135725658951384,,-0.017359630308217473,1.1207481513874165,,0.5624690912835609,-0.11891700603343823,1.3617834961658206,,,,,,"Ricky Nolasco",3830,445060
"Zach Duke","PIT",185,-2.0760323307273256,,,,,-0.5098948912187056,-0.8569211494631884,-0.7958631737287656,,,1.2634943708588804,,,"Zach Duke",3840,435043
"Gavin Floyd","CHW",206.1,-0.9310047013543663,,0.45151025729071825,,,-0.06745553598171328,,0.7676434516906738,,,2.1785509640767695,,,"Gavin Floyd",3886,425856
"Jason Bulger","LAA",16,-3.2385423909062925,,,,,-2.3083792130152383,1.676533803218553,,,,3.5687689979871116,,,"Jason Bulger",3915,408072
"Frankie De La Cruz","FLA",9,-2.9992474634556254,,,,,-2.2605175152420998,-3.786475956439972,-3.2871894538402557,,,-5.077225040821802,,,"Frankie De La Cruz",3920,448842
"Alex Hinshaw","SFG",39.2,0.8184383123999766,,,,,,5.810328324635824,-3.879768531639259,,,-15.65536359945933,,,"Alex Hinshaw",3941,450527
"Doug Mathis","TEX",22.1,-4.462181338181733,,-0.37491004043650406,,,-3.5039305686950684,,2.5210118176890353,,,3.672106382323474,,,"Doug Mathis",3944,450545
"Jose Ascanio","CHC",5.2,8.441711465517681,,,,,-3.0195246140162153,,-4.022540495945857,,,-0.14211036264896393,,,"Jose Ascanio",3951,448857
"Edward Mujica","CLE",38.2,0.13896727438736947,,,-2.153900840826202,,6.733090430498123,-0.793124870820479,,,,,,,"Edward Mujica",3970,465629
"Edinson Volquez","CIN",196,1.1044316239409393,,,,,-1.1324513120857698,,,-0.3463320264333411,,0.9149955243480449,,,"Edinson Volquez",3990,450172
"Josh Outman","OAK",25.2,-0.3908936827825005,,,,,-21.11668586730957,-2.7213379434526783,0.8551239371299744,,,-1.0647983021206326,,,"Josh Outman",4004,489189
"Yusmeiro Petit","ARI",56.1,-0.1425228706777912,,-0.584079520333381,,,,3.043375985097077,1.8989489253224998,,,-2.846917007928309,,,"Yusmeiro Petit",4020,433589
"Rafael Perez","CLE",76.1,-0.7355506424783034,,5.0419386476278305,,,,2.4762967238725215,1.3471942394971848,,,17.914247512817383,,,"Rafael Perez",4078,460370
"Osiris Matos","SFG",20.2,-0.8901374327704079,,3.0874019319360904,,,,-3.699013202086739,,,,-4.59870131392228,,,"Osiris Matos",4100,467683
"Carlos Villanueva","MIL",108.1,-1.543434998455447,,,,,2.7123752804029557,-0.5975465802751349,-0.6613399436483617,,,2.0171077652732925,,,"Carlos Villanueva",4138,453646
"Jose Mijares","MIN",10.1,5.138601064682007,,,,,11.4153191447258,0.3413583817226546,,,,9.445025704123756,,,"Jose Mijares",4140,467726
"Romulo Sanchez","PIT",13.1,1.6820103750316375,,,,,2.006009469429652,1.1636228031582303,,,,-2.5042738554612645,,,"Romulo Sanchez",4170,454972
"Armando Galarraga","DET",178.2,,,,,,-0.7091292331271101,2.279849055780913,,,,-1.0002778457091734,,,"Armando Galarraga",4222,451482
"Jered Weaver","LAA",176.2,-0.3953896742600661,,,,,-0.8450222830487113,1.0857896393574238,0.4558192907705815,,,2.0068998897776886,,,"Jered Weaver",4235,450308
"Micah Owings","ARI",104.2,0.8854168770074262,,-0.8627695354019723,,,-0.89788417560312,-0.29644463011013567,,,,-0.2528996901078658,,,"Micah Owings",4253,452249
"Nick Blackburn","MIN",193.1,0.7020489063138277,,-0.7547610273985105,,,1.0857658021768948,,-0.02088153295302659,,,-2.346644558749356,,,"Nick Blackburn",4270,448147
"Manny Parra","MIL",166,-1.5489409520075872,,,2.3552604259983188,,-46.975091099739075,,-0.252679432408091,,,,,,"Manny Parra",4279,448159
"Matt Albers","BAL",49,8.94653657451272,,,,,1.1108455666597339,,1.7892339143408351,,,-8.716373443603516,,,"Matt Albers",4300,458006
"Humberto Sanchez","NYY",2,9.652128002860328,,-1.5586745738983154,,,-3.786475956439972,5.921195447444916,-7.7263131737709045,,,-3.9868690073490143,,,"Humberto Sanchez",4303,458008
"Scott Richmond","TOR",27,-1.0791253585081835,,,,,-1.042586700482802,1.718138048312808,1.1361932754516602,,,-8.870357558840796,,,"Scott Richmond",4307,446341
"Lance Cormier","BAL",71.2,,,0.41600035702493265,,,-2.131780461497503,-3.786475956439972,1.1403027750289214,,,,,,"Lance Cormier",4346,433578
"Royce Ring","ATL",22.1,-10.054419189691544,,,,,-0.05943143208112035,,-3.571541982752676,,,-5.116481130773371,,,"Royce Ring",4350,429721
"Craig Breslow","- - -",47,-0.3469337116588246,,,,,3.9549438091360525,4.2428269077409135,-1.2832785314983792,,,0.04112947847425323,,,"Craig Breslow",4363,444520
"Joe Saunders","LAA",198,-0.4907953768170953,,,,,0.8243921747375298,2.3119995227226844,-1.1108095804850262,,,2.3557909869839073,,,"Joe Saunders",4366,434578
"Jesse Carlson","TOR",60,-33.578340212504074,,,,,1.8347086835263382,1.9692985692881222,,,,-46.1063027381897,,,"Jesse Carlson",4391,434482
"Dan Meyer","OAK",27.2,-0.44227609267601603,,,,,-0.8540863664741191,-4.818473991594816,,,,-3.293296350882603,,,"Dan Meyer",4402,434159
"Kameron Loe","TEX",30.2,1.8071664231164113,,,,,0.18284902069139183,-0.6072012402794578,,,,-6.714202676500593,,,"Kameron Loe",4422,434180
"Jonathon Niese","NYM",14,-2.6770862990510675,,-4.812995716929436,,,6.601208448410034,,0.9135493726441355,,,-4.392743110656738,,,"Jonathon Niese",4424,477003
"Dustin Nippert","TEX",71.2,-1.1077841146710958,,4.905770293303898,,,-2.1101985527918887,-3.824934959411621,-0.8420763537287712,,,-1.52277542197186,,,"Dustin Nippert",4426,430962
"Michael Bowden","BOS",5,-1.9713255075307992,,-11.443746089935303,3.8200812680380682,,,,4.419351707805286,,,,,,"Michael Bowden",4440,476601
"Matt Palmer","SFG",12.2,-5.970841996810015,,0.16437792058648734,,,-4.334187193920737,,-2.4663448333740234,,,-7.638318642326023,,,"Matt Palmer",4457,461212
"Scott Olsen","FLA",201.2,-0.38633851756836846,,,,,-1.3478965115693449,1.085792120939456,,,,0.8028593891522878,,,"Scott Olsen",4529,435179
"Randy Wells","- - -",5.1,2.8310916231324272,,,,,15.51108674870597,2.0731553435325623,,,,7.619846065839132,,,"Randy Wells",4535,448694
"Jason Hammel","TBR",78.1,0.169413563346326,,,,,-4.378850313159527,0.07369961414037575,0.8391458272665471,,,3.2858227895311085,,,"Jason Hammel",4538,434628
"Chris Smith","BOS",18.1,-0.4933999083136435,,,,,,,-2.3799777030944824,,,-1.3978594541549683,,,"Chris Smith",4544,434672
"Daniel Herrera","CIN",7.1,8.111727734406788,,,,,-0.6582117394397133,1.763462834060192,,,,10.18308401107788,-7.563381317334297,,"Daniel Herrera",4552,502609
"Josh Johnson","FLA",87.1,0.16026744028417075,,,,,1.4136181158177992,1.9203806795725007,,,,-1.8292867993733968,,,"Josh Johnson",4567,435178
"Ramon Pena","ARI",72.2,-0.14904481125381186,,,,,-0.5919972414611488,1.2915735978346605,,,,0.3126279140512148,,,"Ramon Pena",4573,430963
"Clay Hensley","SDP",39,,,,,,-0.693137375349851,1.120198354488466,,,,2.6596899864808567,,,"Clay Hensley",4593,454535
"Matt Lindstrom","FLA",57.1,0.9613388187282688,,,,,1.1154292643755332,-0.3320353266633587,,,,1.5831840726045463,,,"Matt Lindstrom",4604,434637
"Bobby Korecky","MIN",17.2,-0.6097871523637037,,,,,0.9508818642705934,,-1.5389450099490105,,,4.378388609204974,,,"Bobby Korecky",4608,445090
"Joe Thatcher","SDP",25.2,-2.0573345030316657,,-2.3251992237718797,,,,-0.7955343576899747,,,,-1.3763411956674914,,,"Joe Thatcher",4620,491159
"Dave Bush","MIL",185,0.8297404092193026,,0.44114025647208194,,,0.9338711288791719,,-0.405921739175779,,,-2.4039920797382575,,,"Dave Bush",4635,433657
"Jason Bergmann","WSN",139.2,-1.5460098415684302,,,,,-0.44967250958565746,-1.3718346718846677,2.3281763670808178,,,-0.47988956995147597,,,"Jason Bergmann",4640,456589
"Brandon McCarthy","TEX",22,-1.892452012924921,,-0.05532259551378397,,,0.8517596209160636,,3.498618419353779,,,0.6750395846745324,,,"Brandon McCarthy",4662,435221
"Charlie Morton","ATL",74.2,0.2740593332993357,,,,,-1.2563567266376625,-3.059796119729678,-2.1219976963820284,,,-1.2112785564753616,,,"Charlie Morton",4676,450203
"Pat Neshek","MIN",13.1,,,,,,0.92884571928727,0.34875044226646423,,,,-5.937245984872183,,,"Pat Neshek",4682,450212
"Jeff Francis","COL",143.2,-5.4626985390981035,,,,,-0.8098233020168611,,0.6555388240437758,,,-0.5715103183534789,,,"Jeff Francis",4684,433585
"Ramon Troncoso","LAD",38,-0.5314010484465237,,,,,0.08230586161558656,-9.838724881410599,4.037398558396559,,,2.516314884026845,,,"Ramon Troncoso",4685,470462
"Joel Zumaya","DET",23.1,-0.8483854572424728,,,,,-8.434092402458191,,-1.648877767416147,,,,,,"Joel Zumaya",4699,451491
"Brian Slocum","CLE",2,-10.739084982102916,,,,,,-17.00599491596222,-0.5733667872846127,,,-1.6817417527948106,,,"Brian Slocum",4705,451497
"Jose Arredondo","LAA",61,1.455747956598262,,,2.4737990697224936,,,-0.5196385383605957,,,,,,,"Jose Arredondo",4722,461766
"Matt Cain","SFG",217.2,0.08207186198574999,,,,,1.3540241453382704,1.5378660018290948,-2.1657505365201306,,,-0.07165386115463035,,,"Matt Cain",4732,430912
"Jonathan Broxton","LAD",69,1.2252129064957198,,2.5429619683159723,,,-54.782623052597046,2.356741795173058,,,,-0.7726434814302544,,,"Jonathan Broxton",4759,455009
"Darrell Rasner","NYY",113.1,-0.7311502690700924,,-0.42464130186621163,,,-0.7428889425519185,,-0.22368275357368297,,,-0.8085924166220205,,,"Darrell Rasner",4770,434480
"Félix Hernández","SEA",200.2,0.531866846158523,,2.108512818813324,,,0.2834127717098947,0.187900621597081,-0.6330682717117609,,,0.9635234946635232,,,"Felix Hernandez",4772,433587
"John Maine","NYM",140,0.09443335682967974,,,,,0.027785876456261554,0.9086078374173628,,,,0.46755314684238564,,,"John Maine",4773,429720
"Josh Geer","SDP",27,-1.2738361182036222,,,,,3.9369168320322423,-0.9063046047652977,,,,-2.0664022650037492,,,"Josh Geer",4781,446207
"Matt Capps","PIT",53.2,0.5730698836173896,,,,,3.3195265490024246,-1.5136560201644897,,,,-0.04106958468373005,,,"Matt Capps",4788,448165
"Craig Hansen","- - -",46.1,-1.389419391591062,,0.6091076500561773,,,10.90154184235467,0.5194398791947847,,,,-2.1383969113230705,,,"Craig Hansen",4798,475022
"Rich Hill","CHC",19.2,0.49820551231725896,,,,,7.960258424282074,5.522133111953735,2.0981369018554688,,,-3.5183911522229514,,,"Rich Hill",4806,448179
"Jesse Crain","MIN",62.2,0.9505205954553859,,,,,-4.4330478493684256,1.6869277954101562,-1.1988214084080286,,,-5.046489834785461,,,"Jesse Crain",4817,430884
"Edwar Ramirez","NYY",55.1,-0.2816542983055115,,,,,0.08004450665087505,-1.9122948366052963,,,,1.4026308538124315,,,"Edwar Ramirez",4830,469735
"Clay Rapada","DET",21.1,2.3273880562085782,,,,,-0.12012173091211625,-0.29143172033717124,,,,2.022131851741246,,,"Clay Rapada",4831,449060
"Kyle McClellan","STL",75.2,-0.5748743812243144,,-1.6221791505813599,,,-0.6288786938315943,1.513196326590873,1.5489145561500832,,,-1.6086563467979431,,,"Kyle McClellan",4845,449072
"Joe Blanton","- - -",197.2,0.3401415605578273,,0.05536786345548408,,,-1.7693379788699737,-0.5636592557139264,-0.2656255155167681,,,-0.0007295481315473231,,,"Joe Blanton",4849,430599
"Chuck James","ATL",29.2,-2.4884422083158753,,,,,-2.0209471384684248,-6.9107519255744085,,,,-1.9051322070035066,,,"Chuck James",4886,460580
"Peter Moylan","ATL",5.2,,,,,,-0.3679331254076075,1.8286848068237307,,,,,,,"Peter Moylan",4891,493247
"Scott Kazmir","TBR",152.1,2.61735471089681,,,,,0.720099971622824,-1.4244076493498565,,,,-1.6805992387745476,,,"Scott Kazmir",4897,431148
"Brad Thompson","STL",64.2,2.0452454686164856,,,,,-0.18407179546198046,-6.281723488460887,0.07225885623838844,,,-0.26399294535319007,,,"Brad Thompson",4911,433581
"Jon Lester","BOS",210.1,-0.03921811779340108,,0.6045209627163989,,,3.0502861911810717,,0.6780946364096545,,,1.9964628441389218,,,"Jon Lester",4930,452657
"Devern Hansack","BOS",6.2,4.614866611569426,,,,,4.967457552750906,-3.124463908812579,,,,2.5435562317187967,,,"Devern Hansack",4939,468962
"Mitch Talbot","TBR",9.2,-7.422537545123732,,5.589084606617689,,,-26.376097542898997,-3.786475956439972,,-1.3067961670458317,,-0.3762433115316897,,,"Mitch Talbot",4961,452676
"Cole Hamels","PHI",227.1,0.8300270106097006,,3.042222373187542,,,,,-0.4068212171571444,,,2.124934126860904,,,"Cole Hamels",4972,430935
"Bryan Bullington","CLE",14.2,-11.626342256018456,,,,,2.531167699231042,6.661863376696904,,,,3.5560376942157745,,,"Bryan Bullington",5066,425860
"Franklin Morales","COL",25.1,-6.145915885766348,,,,,-0.47897842465614787,,-1.906941831111908,,,3.3003415380205423,,,"Franklin Morales",5088,462985
"Rick Van Den Hurk","FLA",14,-0.4717126816905018,,,,,26.447579264640808,0.3498550202395465,-4.657935044344734,,,-2.8338975376553006,,,"Rick Van Den Hurk",5099,462995
"Evan Meek","PIT",13,-0.7143297451454521,,-5.897584226396349,,,-7.063928743203481,,-0.27724792880396687,,,,,,"Evan Meek",5109,457425
"Alfredo Aceves","NYY",30,1.265499060102504,,1.0178683741578778,-1.6290982564290364,,-0.08615258296853617,22.930999100208282,0.43912571668624883,,,3.821465628487723,,,"Alfredo Aceves",5164,469686
"Rocky Cherry","BAL",17,-2.745398453303746,,,,,-5.776434195669074,0.7625627020994823,,,,-11.109902709722519,,,"Rocky Cherry",5188,457122
"Mike Pelfrey","NYM",200.2,1.0825082493041718,,,-1.8211409852311418,,0.6480367868543587,-1.9395860036214192,-5.333193961311789,,,,,,"Mike Pelfrey",5203,460059
"Chris Perez","STL",41.2,0.15487812660835884,,,,,4.931313544511795,0.26658239864533945,4.280911758542061,,,,,,"Chris Perez",5213,453198
"Wade LeBlanc","SDP",21.1,0.5107180557059283,,,,,-11.959407329559326,,-22.114306688308716,,,-1.685649677387719,,,"Wade LeBlanc",5221,453281
"Freddy Dolsi","DET",47.2,-0.271810997616161,,,,,1.086289984217522,-2.3601133798815543,,,,-2.0511713756877143,,,"Freddy Dolsi",5424,451767
"Matt DeSalvo","ATL",2,2.329461849652804,,,,,-10.976961586210463,-6.779399088450841,,-7.23804235458374,,-9.229644934336344,,,"Matt DeSalvo",5439,451774
"Jesse Chavez","PIT",15,-1.7764129638671875,,-2.4408194224039717,,,-1.302658985642826,,,,,0.9657360315322876,,,"Jesse Chavez",5448,445926
"Dana Eveland","OAK",168,0.19684045701413544,,,-4.974715039134026,,-0.8950891397188387,1.293502892523009,0.6993940506858387,,,-0.4345796588394377,,,"Dana Eveland",5508,445968
"Tim Dillard","MIL",14.1,-0.4638419238799209,,,,,-0.32935249671507416,-2.1401236057281494,,,,-0.35863589495420456,,,"Tim Dillard",5518,457422
"James McDonald","LAD",6,1.1676069937254252,,,,,,,-0.6217424806795623,,,6.652382800453588,,,"James McDonald",5523,457428
"Boone Logan","CHW",42.1,3.3765123649076982,,,,,-2.5284631333484,0.029583578345490923,5.2834659814834595,,,-1.0985756139142797,,,"Boone Logan",5525,457429
"Phil Coke","NYY",14.2,3.8576459884643555,,,,,5.917799689553001,1.6761977298586976,,,,4.155749082565308,,,"Phil Coke",5535,457435
"Fernando Hernandez","OAK",3,-0.9609714553162858,,-7.105789401314476,,,-6.162954121828079,-3.7630238316275855,-1.1553649107615154,,,5.2157923579216,,,"Fernando Hernandez",5536,467761
"Jared Wells","- - -",8.1,-2.8222679845848173,,,,,-10.579524437586468,1.4911232888698578,,,,-0.3899664804339409,,,"Jared Wells",5538,457437
"Matt Harrison","TEX",83.2,-1.7060713587279916,,-2.9946295420328775,,,1.8685313238613845,,-4.3287168230329245,,,1.2659561526667964,,,"Matt Harrison",5551,457448
"Randor Bierd","BAL",36.2,-1.98031807567087,,3.5396184240068704,,,-4.916286894253322,1.413057294002799,,,,-2.215564478734496,,,"Randor Bierd",5555,457452
"Jair Jurrjens","ATL",188.1,0.5973539091533441,,0.11229756786379702,,,-0.092279925578978,-0.5051918510520166,,,,0.6227551973783053,,,"Jair Jurrjens",5556,457453
"Jo-Jo Reyes","ATL",113,0.09344891701250259,,-3.786475956439972,,,-1.974103924689485,-1.3466474273441973,-2.6777645474986027,,,0.10689830338513409,,,"Jo-Jo Reyes",5559,457456
"Ty Taubenheim","PIT",6,-3.1622618436813354,,,,,-0.3222019995673228,1.800978183746338,-3.525260090827942,,,7.142617801825206,,,"Ty Taubenheim",5561,457458
"Josh Banks","SDP",85.1,-0.5177325810547229,,,,,2.2484984906280743,-4.163288005760738,-0.8966386794697406,,,0.16457266575388246,,,"Josh Banks",5570,457468
"Mitch Stetter","MIL",25.1,-2.592670092792631,,,,,0.22716751253163375,3.353241951234879,,,,-6.532127410173416,,,"Mitch Stetter",5579,449777
"Leo Rosales","ARI",30,0.4711263520377023,,,,,-7.280252738432451,1.8873187026592217,,,,-2.5366889346729624,,,"Leo Rosales",5618,449820
"Tyler Clippard","WSN",10.1,-0.8937568465868632,,,,,,,0.10252110660076141,,,-4.239813770566668,,,"Tyler Clippard",5640,461325
"Carlos Guevara","SDP",12.1,1.1406539142995642,,,,,-3.559751944108443,4.9140626192092896,,,,-3.7984880168786215,,,"Carlos Guevara",5692,454581
"Tim Lincecum","SFG",227,1.1573605208814388,,,,,1.1967775839434072,3.245463947186599,1.9038521308909384,,,1.060500782253833,,,"Tim Lincecum",5705,453311
"Greg Reynolds","COL",62,-2.821808897930643,,,,,-1.3982060265406377,-10.407629433800192,-0.3465280502657347,,,-0.6018593206125147,,,"Greg Reynolds",5712,453353
"Levale Speigner","WSN",8,-6.033515551733592,,,,,-8.307869294110466,1.2207503412284102,4.724766314029694,,,5.230807140469551,,,"Levale Speigner",5717,446453
"Brian Bannister","KCR",182.2,-0.7364872124643225,,-0.9094833242002949,,,-1.2247441690179366,-1.789683404594961,0.5099401182057905,,,0.16662031025081486,,,"Brian Bannister",5718,446454
"Eric O'Flaherty","SEA",6.2,-10.253507091153052,,,,,-2.2737592458724976,-2.908468587057931,,,,4.533213376998901,,,"Eric O'Flaherty",5746,447714
"Tom Mastny","CLE",20,-2.534682041889912,,,,,-5.0894939395434715,-4.532205529751316,3.1150956002492753,,,-3.1877671264939837,,,"Tom Mastny",5768,457826
"Chad Billingsley","LAD",200.2,0.4197784474930152,,1.8233194181416508,,,-0.8433428447416591,1.0361515350275106,-1.5484504401683807,,,-4.455200831095377,,,"Chad Billingsley",5842,451532
"Radhames Liz","BAL",84.1,-1.6186140424923179,,,,,-2.3486898495600776,-0.062075781911499935,,,,0.003215362502552789,,,"Radhames Liz",5843,467785
"Jason Motte","STL",11,3.609597298406785,,2.320814345564161,,,,,,,,-2.406497858464718,,,"Jason Motte",5861,435400
"Carlos Muniz","NYM",23.1,-1.8968095382054646,,,,,-2.4429288091538828,2.801934541282007,,,,4.009296165572272,,,"Carlos Muniz",5878,444370
"Jeff Karstens","PIT",51.1,-0.15245920437275484,,-13.782072067260742,,,1.3219526258565613,-0.7940207084600073,-2.662720142955511,,,0.41821358295587396,,,"Jeff Karstens",5879,444371
"Eddie Bonine","DET",26.2,-4.952530757240627,,,,,1.0426763288989038,0.0631416179970199,2.0627162108818693,,,-4.010629963565182,,,"Eddie Bonine",5890,444382
"Sean Marshall","CHC",65.1,0.39572122434502865,,,,,-1.3224222511053085,-0.2254159757371485,3.4502891763564083,,,-3.4990866645043637,,,"Sean Marshall",5905,445156
"Pat Misch","SFG",52.1,0.2588121577946827,,,,,-0.41693749765282895,,-0.38011388958625075,,,-0.29172074626868877,,,"Pat Misch",5909,435619
"Bob McCrory","BAL",6.1,0.1479983653711236,,,,,-0.9316954761743546,-10.12052059173584,-0.4664897173643112,,,-2.984495088458061,,,"Bob McCrory",5924,455970
"Wesley Wright","HOU",55.2,-0.10222604948994718,,,,,5.172752837340036,1.5953020971329488,,-0.48261586055960704,,-4.037790298461914,,,"Wesley Wright",5960,449079
"Jonathan Papelbon","BOS",69.1,2.45939906518064,,1.285730885422748,-0.9294143894262481,,2.9014827683568,-1.8165382055135872,,,,,,,"Jonathan Papelbon",5975,449097
"Francisley Bueno","ATL",2.1,-7.961744070053101,,,,,-3.786475956439972,6.006936516080584,,,,-1.6052672266960146,,,"Francisley Bueno",5980,499107
"Dirk Hayhurst","SDP",16.2,-0.09205811476522638,,,,,-0.6923602213935246,-2.600272055025454,-2.4046750231222673,,,-4.406850423776742,,,"Dirk Hayhurst",6010,460602
"Takashi Saito","LAD",47,0.7323425585829366,,,,,5.870359358580216,0.9829829518611614,2.30211365607477,,,,,,"Takashi Saito",6021,493416
"Matt Chico","WSN",48,-0.2662307822827211,,,,,-1.3078279611541004,-2.75797233259751,-3.18615045120467,,,-1.9383880454049984,,,"Matt Chico",6068,453889
"T.J. Beam","PIT",45.2,-1.1958541348576546,,6.828188896179199,,,-0.7269771118474201,0.8661158775028429,15.09292721748352,,,-3.6133081572396413,,,"T.J. Beam",6101,446884
"Logan Kensing","FLA",55.1,-0.9405000447720733,,,,,1.889938181573218,-0.49698719133933383,-0.19859802889657185,,,2.7680926463183235,,,"Logan Kensing",6166,434137
"Scott Baker","MIN",172.1,-1.0801868162293364,,,,,0.390715868967884,1.6508184227288936,,,,2.731828384747788,,,"Scott Baker",6176,435044
"Shaun Marcum","TOR",151.1,-1.4196273090557658,,0.7580622896417841,,,2.4653591607746326,-1.692124610937736,0.6588680876625909,,,1.944587024404729,,,"Shaun Marcum",6204,451788
"Kyle Kendrick","PHI",155.2,-3.9710334685754605,,-0.21976850409740653,,,-0.9229979326659785,-1.4743522287824669,,,,-0.9581876350076575,,,"Kyle Kendrick",6230,452718
"Billy Sadler","SFG",44.1,0.25531510141818914,,,,,,,1.1496064497187815,,,-4.503455237736778,,,"Billy Sadler",6235,452724
"Wes Littleton","TEX",18,,,,,,-0.044165892820609245,2.3700190915001764,,,,-0.2615803327315893,,,"Wes Littleton",6236,452725
"Tom Gorzelanny","PIT",105.1,-0.2788271373236559,,,,,-1.5347836945485487,-2.90903065742467,,,,-0.9788443028241738,,,"Tom Gorzelanny",6244,452733
"Aaron Laffey","CLE",93.2,-0.3675728194457663,,,,,-0.561168765233568,2.205785050684092,,,,0.6244440628177345,,,"Aaron Laffey",6248,444836
"Scott Feldman","TEX",151.1,-0.4098737407304825,,-1.714129743032699,,,-0.30545353999538544,,0.36716041206127376,,,-0.5490981155272686,,,"Scott Feldman",6283,444857
"George Sherrill","BAL",53.1,0.3494465369529665,,-1.4767113853903377,,,,1.1303329714839323,,,,,,,"George Sherrill",6291,430941
"Jimmy Barthmaier","PIT",10.1,-8.727938287398395,,,,,-4.155817131201426,,-2.4674588983709165,,,7.555730002267021,,,"Jimmy Barthmaier",6292,444864
"Jason Hirsh","COL",8.2,-2.9511049759289447,,,,,,-7.031433656811714,2.438511699438095,,,-4.050944209098816,,,"Jason Hirsh",6293,444865
"John Danks","CHW",195,1.2670074742473791,,0.08809853940320438,,,-0.9907366783638312,,-0.44786839545527585,,,1.1692202404925698,,,"John Danks",6329,433579
"Ryan Feierabend","SEA",39.2,-3.391361585903517,,,,,-1.281143789706023,-1.1269330978393555,-0.6936660943887172,,,-2.2681257578247753,,,"Ryan Feierabend",6336,456387
"Ehren Wassermann","CHW",19.2,-0.21284092859975226,,,,,-2.0973614906067173,-0.4451688174363021,,,,-5.731893213171708,,,"Ehren Wassermann",6380,469164
"Warner Madrigal","TEX",36,-0.06258856426846157,,,0.8509686027747997,,-8.37749159613321,1.625258546499979,,,,,,,"Warner Madrigal",6419,444127
"Rich Thompson","LAA",2,-2.8994355350732803,,,,,,,-2.3873980108060335,,,-2.984495088458061,,,"Rich Thompson",6422,460366
"Jeremy Accardo","TOR",12.1,-0.920048781803676,,5.6911202038035675,,,2.294383359991986,0.7320941487948099,,,,-11.3589640016909,,,"Jeremy Accardo",6428,435618
"Michael O'Connor","WSN",9,-0.44333723684151966,,,,,-7.581845101188211,6.121225282549858,-1.4627697567145028,,,-2.7103239108645725,,,"Michael O'Connor",6457,456585
"Kevin Jepsen","LAA",8.1,1.529809261890168,,2.980639161290349,,,,,-2.0494211942721634,,,,,,"Kevin Jepsen",6475,448178
"Brian Wilson","SFG",62.1,0.7978366480933295,,,,,-4.129016749999102,-1.1356468800898198,1.1335720618565879,,,7.152394453684489,,,"Brian Wilson",6485,451216
"Daryl Thompson","CIN",14.1,-5.6298965631529345,,,,,1.4027107021083003,2.6234912872314453,2.8305483361085253,,,-1.6979041772011,,,"Daryl Thompson",6603,444354
"Shairon Martis","WSN",20.2,-1.0927089395370075,,,,,-0.7745498105099327,2.200971854229768,-2.271365225315094,,,-0.2017057236330009,,,"Shairon Martis",6781,463017
"Andrew Miller","FLA",107.1,0.17788371748261317,,,,,-2.513431651251657,-0.503199446845699,,,,-1.1386841922611386,,,"Andrew Miller",6785,453192
"Nick Adenhart","LAA",12,-4.591678170596852,,,,,0.38967479359019885,,-2.08002541746412,,,-4.658531176077354,,,"Nick Adenhart",6879,444440
"Collin Balester","WSN",80,-0.8160081604265379,,,,,-2.4043550362458097,,-0.8564568264580472,,,0.7670412609233193,,,"Collin Balester",6883,444446
"Johnny Cueto","CIN",174,-1.2829323420448908,,1.2683091954113965,,,-0.45129106831304805,0.32151298282779406,-9.662536531686783,,,-2.867654851965002,,,"Johnny Cueto",6893,456501
"Joakim Soria","KCR",67.1,1.3196233908335369,,3.619865086524998,,,1.570282710923089,1.0271380857094048,3.2137813775435737,,,3.8089005843452783,,,"Joakim Soria",6941,465657
"Luke Hochevar","KCR",129,0.1913386441412426,,,,,-0.48350515594914073,2.321809233583476,,-1.5434216688023532,,-3.245348296141977,,,"Luke Hochevar",6943,460024
"Ian Kennedy","NYY",39.2,-1.499694468545132,,,,,0.25668989528309216,-11.43105474172854,,-1.9469278261942022,,-1.4350374868093443,,,"Ian Kennedy",6986,453178
"Chris Waters","BAL",64.2,-3.797666577325351,,,,,-0.9418817537020794,0.7023279096039248,-1.0397494963879854,,,0.4734583718832149,,,"Chris Waters",7015,425561
"Hung-Chih Kuo","LAD",80,2.745203842467028,,,,,2.029143163451442,-3.4287567185883474,-1.6359081864356992,,,-7.8904869556427,,,"Hung-Chih Kuo",7016,425539
"Merkin Valdez","SFG",16,0.772536557818216,,,,,-11.130355596542358,-0.28270411491394043,,,,2.650469776831175,,,"Merkin Valdez",7019,429723
"James Shields","TBR",215,0.13913902566875036,,0.5740788597122409,,,-1.0813640251319279,,,1.5791132059662185,,1.2359664090879403,,,"James Shields",7059,448306
"Dustin Moseley","LAA",50.1,2.044305589891249,,-1.893237978219986,,,-1.4978774920667066,,-1.3385738375820693,,,-1.730499748330917,,,"Dustin Moseley",7060,400291
"John Lannan","WSN",182,0.43663268219934753,,,,,1.4432194845038642,-2.1072309750777025,0.5226474850117659,,,-0.9303001127478934,,,"John Lannan",7080,458709
"Anthony Reyes","- - -",49,1.4603403430354618,,,,,-5.680331369725669,,0.388667501252273,,,-0.25061997821775533,,,"Anthony Reyes",7105,435039
"Josh Rupe","TEX",89.1,-1.7047929012869285,,,,,0.18949667884878915,0.8321831930051291,1.697400469838837,,,-0.10516975607190812,,,"Josh Rupe",7206,434666
"Kurt Birkins","TBR",10,4.532529841894391,,,,,5.653494596481323,,4.468035286870496,,,-8.236721158027649,,,"Kurt Birkins",7266,451256
"Nick Masset","- - -",62,-0.5107886473039039,,3.905395559362463,-1.1246170454586928,,-4.331065277042597,3.46146406950774,,,,,,,"Nick Masset",7267,434665
"Brad Ziegler","OAK",59.2,-49.57769215106964,,,4.586199522018433,,1.9570271979192577,,4.556691149870554,,,0.2881135294834773,,,"Brad Ziegler",7293,446899
"Scott Lewis","CLE",24,1.886481830051967,,,,,1.7863310672141408,-1.1388246218363445,-0.8187641700108846,,,-3.055173072262087,,,"Scott Lewis",7322,460260
"Adam Russell","CHW",26,,,,,,-0.2803192161523496,2.1687273468290056,,,,-7.983659952878952,,,"Adam Russell",7334,452240
"Garrett Mock","WSN",41,1.1907413752392084,,-3.490930050611496,,,-1.1634243859185112,2.8067529569437473,-0.8464805990736062,,,0.5188702127418002,,,"Garrett Mock",7335,452241
"Josh Newman","- - -",15.2,-1.5636970741408214,,-15.80343063061054,,,-5.426265457843212,-2.6836941347402687,,,,-1.9564600701027728,,,"Josh Newman",7383,456682
"Geno Espineli","SFG",16,-6.676396727561951,,,,,-0.9811602182836341,,,,,-0.9517016234221283,,,"Geno Espineli",7405,457910
"J.A. Happ","PHI",31.2,2.1859400126398825,,,,,0.8862791582942009,-1.84521897166383,0.5316267907619476,,,-2.3274193917001997,,,"J.A. Happ",7410,457918
"Mark Lowe","SEA",63.2,-1.1328650383370176,,,,,-5.024317900339762,0.0611925878191507,,,,0.31670196608164425,,,"Mark Lowe",7416,450275
"Gio González","OAK",34,-1.8421795592844306,,,,,-1.713897654267608,,-0.8817549546559651,,,-0.7518644962045882,,,"Gio Gonzalez",7448,461829
"Phil Hughes","NYY",34,-0.7181851978761604,,1.0192456699552992,,,-4.947355618843666,-0.45195178073995257,,0.2954120331622185,,-3.967042041547371,,,"Phil Hughes",7450,461833
"Jim Miller","BAL",7.2,-3.6631683508555093,,,,,-1.8737351572191394,-1.0293525050986896,1.5712122917175293,,,,,,"Jim Miller",7458,461848
"Steven Register","COL",10,-2.306866386662359,,,,,-8.649823400709364,-1.179502569899267,,,,-2.7690453962846235,,,"Steven Register",7463,461862
"Mike Ekstrom","SDP",9.2,-2.6231038765829116,,,,,-1.4919672463391278,4.4927544063991975,,,,-3.469622880220413,,,"Mike Ekstrom",7488,455091
"Scott Elbert","LAD",6,-3.62900523912339,,,,,,-1.0750626695567165,,,,5.308092385530472,,,"Scott Elbert",7489,455092
"Jonathan Sánchez","SFG",158,0.5731860734229934,,,,,0.14565140632405937,0.7417037179975798,,,,-1.478801649443957,,,"Jonathan Sanchez",7507,456043
"Cory Wade","LAD",71.1,0.0541244133522636,,-2.079357862472534,,,-0.2598934872135235,0.481702908873558,5.481464579953986,,,2.2341577870071316,,,"Cory Wade",7570,460677
"Cla Meredith","SDP",70.1,0.7265163485327103,,5.082892626523972,,,-0.7884995466997835,-0.040104087346639394,,,,1.4414695593026967,,,"Cla Meredith",7613,448592
"Chad Reineke","SDP",18,0.2318189560788349,,,,,-0.07213413715362549,1.400300832021804,,,,-1.6463880737622578,,,"Chad Reineke",7641,448656
"Andy Sonnanstine","TBR",193.1,-1.8427445781217842,,1.4812628908339824,,,,-0.025973340291627414,0.24231000635827887,,,,,,"Andy Sonnanstine",7667,458567
"Connor Robertson","ARI",7,-2.829108238220215,,-1.9302408484851614,,,-3.519149124622345,4.041108687718709,2.875257283449173,,,,,,"Connor Robertson",7705,452075
"Jeff Gray","OAK",4.2,-1.497312102999006,,,,,-5.6831371039152145,2.2288858890533447,-2.8607201117735643,,,-6.162954121828079,,,"Jeff Gray",7718,462522
"James Parr","ATL",22.1,-0.3675118526991676,,1.1127669560281854,,,,-6.5529584884643555,1.9351390691903922,,,-6.52308464050293,,,"James Parr",7734,444970
"Yoslan Herrera","PIT",18.1,-3.473174462624646,,5.561628606584337,,,-2.8581313083046362,,-4.124804224286761,,,-0.7026271025339762,,,"Yoslan Herrera",7759,506648
"Hideki Okajima","BOS",62,0.6779827780037001,,-8.987476428349812,1.733469190420928,,,,1.0689514720306965,,,,,,"Hideki Okajima",7763,506606
"Daisuke Matsuzaka","BOS",167.2,-0.22475529906346475,,0.8427905229887045,-1.6245047251383464,,4.065363176407352,1.8862628507828605,0.3630143792732902,,,,,,"Daisuke Matsuzaka",7775,493137
"Kei Igawa","NYY",4,-4.325890256599947,,-29.44653034210205,,,-3.9175178110599522,4.956481605768204,-3.6003721257050834,,,-9.120618104934692,,,"Kei Igawa",7794,506432
"Jerry Blevins","OAK",37.2,-6.066783574911264,,,,,1.9100842784293255,7.80496100584666,-0.7687603726106531,,,-2.216902550529031,,,"Jerry Blevins",7841,460283
"Ramon E Ramirez","KCR",71.2,1.2905793647243553,,,,,0.7026391476392746,4.4822548374985205,,,,0.5638451287240693,,,"Ramon E Ramirez",7986,430673
"Eric Stults","LAD",38.2,0.12657841046651203,,,,,,3.443145751953125,-1.2593782225320505,,,-0.013533604556116564,,,"Eric Stults",8011,445590
"Glen Perkins","MIN",151,-0.19391662261210837,,,,,0.3659969107639968,-2.028729303463085,-1.859276846977277,,,-2.7439769945646586,,,"Glen Perkins",8041,450282
"Mark Worrell","STL",5.2,-6.76499605178833,,,,,-1.3888092268080938,,-0.2488777267210411,,,,,,"Mark Worrell",8045,450312
"Chris Lambert","DET",20.2,-0.12319772550375153,,,,,-10.473892481430717,,-6.002498937375618,,,-0.6327148883239083,,,"Chris Lambert",8047,461836
"Mike Parisi","STL",23,-4.7958451225644065,,9.269176721572876,,,4.617360234260559,,-0.14612606870449654,,,-1.916755254452045,,,"Mike Parisi",8070,449157
"Kevin Hart","CHC",27.2,-2.24932591120402,,,,,-4.570260392614158,-1.7256328818994926,2.0726417317802523,,,,,,"Kevin Hart",8079,453954
"Dallas Braden","OAK",71.2,0.1273581019619055,,-3.8531363010406494,,,-1.6886609425476942,,-0.16945360115219876,,,2.412841258183965,,,"Dallas Braden",8099,460284
"Jaime García","STL",16,2.537026276459565,,0.010195449620735745,,,-0.49605509266257286,,-0.34110890494452584,,,-4.896343469619751,,,"Jaime Garcia",8137,448802
"Yovani Gallardo","MIL",24,0.46580736599271266,,,,,-2.0385930071706357,4.7565069691888215,-0.9545967496674637,,,-1.3294757654269538,,,"Yovani Gallardo",8173,451596
"Cha Seung Baek","- - -",141,-0.36333342831508786,,,,,-3.1076539163441623,0.5518896108747076,0.7302671046314125,,,-0.029115879397594788,,,"Cha Seung Baek",8214,430657
"Jae Kuk Ryu","TBR",1.1,2.818586230278015,,,,,-2.8799692168831825,,-2.984495088458061,,,8.7990403175354,,,"Jae Kuk Ryu",8228,472490
"David Robertson","NYY",30.1,0.8667024239054266,,2.064162152154105,,,,,,-1.0665337244669595,,-11.189983785152435,,,"David Robertson",8241,502085
"J.P. Howell","TBR",89.1,6.157811121507124,,,,,0.5257426960569124,6.279107183218002,,1.940556659417994,,2.0280357088361467,,,"J.P. Howell",8245,434442
"Taylor Tankersley","FLA",17.2,-1.67726781219244,,,,,-2.302232578661315,,-0.9794922378974231,,,-1.6266732414563496,,,"Taylor Tankersley",8249,452237
"Billy Buckner","ARI",14,-1.4191717891902715,,,,,-3.1011343002319336,11.431880508150373,6.042696535587311,,,-12.375036569742056,,,"Billy Buckner",8253,434438
"Huston Street","OAK",70,5.8029655367136,,,,,1.8870313582411233,0.8020185587698953,,,,-1.8418056377466174,,,"Huston Street",8258,434718
"Sean Gallagher","- - -",115.1,-0.6026684853597455,,,,,,-1.4044943128123588,0.5318578318916124,,,1.2875695007316994,,,"Sean Gallagher",8261,451595
"Ross Ohlendorf","- - -",62.2,-2.366774923661176,,,,,-1.3592023926951824,0.7040198211076195,,,,-5.332306304983065,,,"Ross Ohlendorf",8268,456027
"Jared Burton","CIN",58.2,0.54495166177335,,1.175456351422249,,,1.0835061943720259,0.695433775583903,,,,-4.72183328993777,,,"Jared Burton",8346,454537
"Zach Jackson","- - -",58.1,0.5969982784431618,,0.014978622602037162,,,-1.6014084360215457,,-1.7785728354997272,,,0.09255182159983594,,,"Zach Jackson",8356,435638
"David Purcey","TOR",65,-0.5999814865547087,,,,,-1.3458553701639175,-1.0787665525222208,0.35810010300742257,,,1.94497549533844,,,"David Purcey",8360,453515
"Homer Bailey","CIN",36.1,-0.14109346826197738,,-7.328298527707336,,,-1.9195503913439236,-4.940193632374639,,-4.707727321358615,,-1.4506361447274685,,,"Homer Bailey",8362,456701
"Eric Hurley","TEX",24.2,-2.6497713116367465,,,,,-3.3531269301538877,2.3092670100075856,,,,2.931942763151946,,,"Eric Hurley",8364,457922
"Brian Wolfe","TOR",22,1.588221939130761,,-0.7108112987206906,,,2.570472988817427,-0.44678538106381893,3.3247706625196667,,,-3.0898014704386396,,,"Brian Wolfe",8515,430582
"Carlos Rosa","KCR",3.1,-1.4305545886357625,,,,,,6.284959117571513,,,,-0.22301813587546349,,,"Carlos Rosa",8529,460349
"Bill Bray","CIN",47,-2.5567478928829264,,,,,0.7387425873305771,1.3839827800716773,,,,3.7430767502103537,,,"Bill Bray",8538,435538
"Philip Humber","MIN",11.2,1.5714450814258092,,,,,0.8150967684659091,5.931324263413748,-4.425456623236338,,,-11.415232419967651,,,"Philip Humber",8586,458950
"Jeff Niemann","TBR",16,-1.2305890044120893,,1.7297214040389426,-2.984495088458061,,-3.151686648105053,-1.6430255956947803,3.577399592507969,,,-3.8461267948150635,,,"Jeff Niemann",8591,435298
"Phil Dumatrait","PIT",78.2,-2.6002283049065893,,,,,-0.13103497464482378,-1.0324014396202275,,,,3.208845947671125,,,"Phil Dumatrait",8598,430597
"Dustin McGowan","TOR",111.1,0.7036340763291202,,,,,-0.32711293962266713,0.781702995300293,-2.2314558223802217,,,-0.7888813018798828,,,"Dustin McGowan",8600,430661
"Brandon Medders","ARI",19.2,-1.28496785958608,,3.2411146972139004,,,-3.0729691982269287,-3.9144089818000793,1.4298547108968098,,,-6.162954121828079,,,"Brandon Medders",8604,430665
"Keiichi Yabu","SFG",68,-0.5410723477245802,,1.470234990119934,,,-1.1684332756285971,7.620883378826204,-1.0540988998136658,,,0.22255378248898877,,,"Keiichi Yabu",8624,435158
"Bobby Jenks","CHW",61.2,1.4428799659743372,,4.9391303062438965,,,,1.9781901584408148,2.8655756844414606,,,1.461695943559919,,,"Bobby Jenks",8645,408057
"Brian Stokes","NYM",33.1,1.9964528487900555,,,,,-4.203086098035177,,0.3855285821137605,,,-1.7562787906796324,,,"Brian Stokes",8653,425530
"Paul Maholm","PIT",206.1,0.48752289867073395,,4.198638959364458,,,0.20612534354714787,1.4565168108258928,0.21787505400808235,,,0.012797221847592969,,,"Paul Maholm",8678,430904
"Jorge Campillo","ATL",158.2,0.43604062742976296,,-1.9285408441315999,,,-2.641270514702637,0.8876234590017122,-0.48412511477599274,,,0.9466683885041068,,,"Jorge Campillo",8686,435658
"Justin Verlander","DET",201,0.13297290726761377,,,,,-3.557815271265367,2.792501449584961,1.0820322647327332,,,0.3382023666458257,,,"Justin Verlander",8700,434378
"Manny Acosta","ATL",53,0.6257057569588825,,,,,-0.07157443590413512,-0.4130037625630697,,,,0.8020127918703336,,,"Manny Acosta",8725,407924
"Jeremy Sowers","CLE",121,-1.3471040166715957,,,,,1.1303946067546975,,1.9074891830657743,,,-1.8555739453730693,,,"Jeremy Sowers",9083,460265
"Brandon Morrow","SEA",64.2,1.2896704737008091,,,-0.6957140323278066,,,0.1676188114492651,,-2.9105550863526086,,,,,"Brandon Morrow",9346,453344
"Kam Mickolio","BAL",7.2,0.25177665476529104,,,,,-11.452697004590716,1.5034706755117937,,,,5.961679418881735,,,"Kam Mickolio",9513,501874
"Drew Carpenter","PHI",1,2.3198667499754166,,,,,-3.786475956439972,7.0260778069496155,,,,2.081844210624695,,,"Drew Carpenter",9533,502165
"Burke Badenhop","FLA",47.1,1.871403232216835,,,-5.81838846206665,,-0.5477030514454355,-0.1877560574784238,,,,,,,"Burke Badenhop",9736,488674
"Sergio Romo","SFG",34,1.7716088001196986,,,,,4.2121292340873495,2.176743083530002,,,,-3.4538686275482178,,,"Sergio Romo",9817,489265
"Joey Devine","OAK",45.2,4.206948553413022,,,,,2.918517163821629,0.33072494155731963,,,,,,,"Joey Devine",9862,457733
"Lance Broadway","CHW",14,-8.366230480811176,,,,,-3.525861994973544,-1.3279784184235792,,,,4.4468714959091615,,,"Lance Broadway",9885,473560
"Garrett Olson","BAL",132.2,-2.953676988849532,,,,,-1.0232092386268707,-0.7493039905624901,,,,-0.32788452735314,,,"Garrett Olson",9889,457796
"Chris Volstad","FLA",84.1,-0.9442661385769132,,,,,1.0127387227530176,11.745030229741877,1.6996266712483605,,,1.3126253007768511,,,"Chris Volstad",9901,458690
"Justin Thomas","SEA",4,1.4879076253800165,,,,,-11.37419581413269,-2.7251761067997324,,,,-3.0316588779290514,,,"Justin Thomas",9910,476206
"Kevin Slowey","MIN",160.1,0.297692604829793,,,,,0.8683709572431139,-0.5375317891438802,-0.3636339108149211,,,0.22725385863606526,,,"Kevin Slowey",9918,458713
"Bobby Parnell","NYM",5,2.867733555681565,,,6.986872106790543,,7.0260778069496155,0.3346683830022812,,,,,,,"Bobby Parnell",9926,458730