Name,Team,W,L,ERA,G,GS,QS,CG,ShO,SV,HLD,BS,IP,TBF,H,R,ER,HR,BB,IBB,HBP,WP,BK,SO,NameASCII,PlayerId,MLBAMID
"Yu Darvish","TEX",13,9,2.8330682937532727,32,32,21,0,0,0,0,0,209.2,841,145,68,66,26,80,1,8,7,1,277,"Yu Darvish",13074,506433
"Max Scherzer","DET",21,3,2.8973562118353766,32,32,25,0,0,0,0,0,214.1,836,152,73,69,18,56,0,4,6,1,240,"Max Scherzer",3137,453286
"Clayton Kershaw","LAD",16,9,1.8305084745762712,33,33,27,3,2,0,0,0,236,908,164,55,48,11,52,2,3,12,2,232,"Clayton Kershaw",2036,477132
"Chris Sale","CHW",11,14,3.065318890782355,30,30,23,4,1,0,0,0,214.1,866,184,81,73,23,46,2,14,8,1,226,"Chris Sale",10603,519242
"Cliff Lee","PHI",14,8,2.869760413489418,31,31,24,2,1,0,0,0,222.2,876,193,77,71,22,32,0,4,1,0,222,"Cliff Lee",1636,424324
"Adam Wainwright","STL",19,9,2.9420690893583767,34,34,26,5,2,0,0,0,241.2,956,223,83,79,15,35,2,6,5,0,219,"Adam Wainwright",2233,425794
"Justin Verlander","DET",13,12,3.4625952585190514,34,34,22,0,0,0,0,0,218.1,925,212,94,84,19,75,1,4,3,1,217,"Justin Verlander",8700,434378
"Félix Hernández","SEA",12,10,3.039151561586386,31,31,22,0,0,0,0,0,204.1,822,185,74,69,15,46,1,3,13,0,216,"Felix Hernandez",4772,433587
"Jeff Samardzija","CHC",8,13,4.338533438064327,33,33,19,2,1,0,0,0,213.2,914,210,109,103,25,78,3,8,11,0,214,"Jeff Samardzija",3254,502188
"A.J. Burnett","PIT",10,11,3.298429319371728,30,30,18,1,0,0,0,0,191,801,165,79,70,11,67,3,9,12,0,209,"A.J. Burnett",512,150359
"Aníbal Sánchez","DET",14,8,2.5714283558413027,29,29,20,1,1,0,0,0,182,746,156,56,52,9,54,1,2,7,0,202,"Anibal Sanchez",3284,434671
"Cole Hamels","PHI",8,14,3.6,33,33,25,1,0,0,0,0,220,905,205,94,88,21,50,5,9,4,0,202,"Cole Hamels",4972,430935
"Madison Bumgarner","SFG",13,9,2.7715230387745518,31,31,22,0,0,0,0,0,201.1,803,146,68,62,15,62,6,6,6,0,199,"Madison Bumgarner",5524,518516
"Homer Bailey","CIN",11,12,3.4880385321686327,32,32,20,2,1,0,0,0,209,849,181,85,81,20,54,2,10,5,2,199,"Homer Bailey",8362,456701
"Lance Lynn","STL",15,10,3.971901026798016,33,33,19,0,0,0,0,0,201.2,856,189,92,89,14,76,0,11,6,0,198,"Lance Lynn",2520,458681
"James Shields","KCR",13,9,3.148688186720609,34,34,27,2,0,0,0,0,228.2,946,215,82,80,20,68,0,8,11,2,196,"James Shields",7059,448306
"Justin Masterson","CLE",14,10,3.4507769633531447,32,29,18,3,3,0,0,0,193,803,156,75,74,13,76,0,17,8,0,195,"Justin Masterson",2038,475416
"Ubaldo Jiménez","CLE",13,9,3.3010947985935966,32,32,16,0,0,0,0,0,182.2,777,163,75,67,16,80,0,3,8,0,194,"Ubaldo Jimenez",3374,434622
"Tim Lincecum","SFG",10,14,4.370994828505753,32,32,15,1,1,0,0,0,197.2,841,184,102,96,21,76,8,7,11,2,193,"Tim Lincecum",5705,453311
"Gio González","WSN",11,8,3.357751190399971,32,32,21,1,1,0,0,0,195.2,819,169,79,73,17,76,1,2,4,1,192,"Gio Gonzalez",7448,461829
"Stephen Strasburg","WSN",8,9,3,30,30,18,1,1,0,0,0,183,731,136,71,61,16,56,1,12,7,3,191,"Stephen Strasburg",10131,544931
"Matt Harvey","NYM",9,5,2.2710281021553995,26,26,20,1,1,0,0,0,178.1,690,135,46,45,7,31,1,4,2,0,191,"Matt Harvey",11713,518774
"Derek Holland","TEX",10,9,3.422534966085732,33,33,22,2,2,0,0,0,213,894,210,90,81,20,64,0,3,9,1,189,"Derek Holland",4141,502706
"C.J. Wilson","LAA",17,7,3.3908951443701962,33,33,24,0,0,0,0,0,212.1,913,200,93,80,15,85,3,8,14,2,188,"C.J. Wilson",3580,450351
"Mat Latos","CIN",14,7,3.1613920997530682,32,32,21,1,0,0,0,0,210.2,881,197,82,74,14,58,5,10,8,0,187,"Mat Latos",3815,502009
"José Fernández","MIA",12,6,2.1891893181636215,28,28,20,0,0,0,0,0,172.2,681,111,47,42,10,58,5,5,3,1,187,"Jose Fernandez",11530,605228
"Hisashi Iwakuma","SEA",14,6,2.663125701753728,33,33,23,0,0,0,0,0,219.2,866,179,69,65,25,42,4,2,10,0,185,"Hisashi Iwakuma",13048,547874
"Mike Minor","ATL",13,9,3.210097640094132,32,32,23,1,0,0,0,0,204.2,820,177,79,73,22,46,2,1,5,0,181,"Mike Minor",10021,501985
"Chris Tillman","BAL",16,7,3.7075929831557017,33,33,21,1,0,0,0,0,206.1,845,184,87,85,33,68,2,3,6,1,179,"Chris Tillman",5279,501957
"Patrick Corbin","ARI",14,8,3.4128003332812824,32,32,23,3,0,0,0,0,208.1,860,189,81,79,19,54,1,9,13,0,178,"Patrick Corbin",9323,571578
"R.A. Dickey","TOR",14,13,4.206231644456977,34,34,19,3,1,0,0,0,224.2,943,207,113,105,35,71,0,10,7,1,177,"R.A. Dickey",1245,285079
"Jon Lester","BOS",15,8,3.7546878580749374,33,33,20,1,1,0,0,0,213.1,903,209,94,89,19,67,0,7,5,0,177,"Jon Lester",4930,452657
"CC Sabathia","NYY",14,13,4.777251530308405,32,32,16,2,0,0,0,0,211,908,224,122,112,28,65,5,4,7,1,175,"CC Sabathia",404,282332
"A.J. Griffin","OAK",14,10,3.8249997081756812,32,32,15,1,1,0,0,0,200,823,171,91,85,36,54,2,4,7,0,171,"A.J. Griffin",11132,456167
"Julio Teheran","ATL",14,8,3.1992820424314896,30,30,18,0,0,0,0,0,185.2,774,173,69,66,22,45,4,13,2,0,170,"Julio Teheran",6797,527054
"Shelby Miller","STL",15,9,3.0634613586741897,31,31,13,1,1,0,0,0,173.1,722,152,65,59,20,57,0,5,2,0,169,"Shelby Miller",10197,571946
"Ricky Nolasco","- - -",13,11,3.7023409481831453,34,33,17,0,0,0,0,0,199.1,834,195,90,82,17,46,1,10,5,0,165,"Ricky Nolasco",3830,445060
"Jose Quintana","CHW",9,7,3.5099997322082723,33,33,17,0,0,0,0,0,200,832,188,83,78,23,56,2,5,2,1,164,"Jose Quintana",11423,500779
"Francisco Liriano","PIT",16,8,3.018633540372671,26,26,17,2,0,0,0,0,161,666,134,54,54,9,63,0,0,7,2,163,"Francisco Liriano",3201,434538
"Ian Kennedy","- - -",7,10,4.913602768897913,31,31,14,0,0,0,0,0,181.1,794,180,108,99,27,73,1,12,10,1,163,"Ian Kennedy",6986,453178
"Scott Kazmir","CLE",10,9,4.044303797468355,29,29,13,0,0,0,0,0,158,672,162,76,71,19,47,1,3,5,1,162,"Scott Kazmir",4897,431148
"John Lackey","BOS",10,13,3.5176060117916066,29,29,19,2,0,0,0,0,189.1,778,179,80,74,26,40,0,6,4,0,161,"John Lackey",1507,407793
"Ervin Santana","KCR",9,10,3.241706161137441,32,32,23,0,0,0,0,0,211,859,190,85,76,26,51,3,6,6,0,161,"Ervin Santana",3200,429722
"Jordan Zimmermann","WSN",19,9,3.248437345102437,32,32,21,4,2,0,0,0,213.1,865,192,81,77,19,40,0,7,3,0,161,"Jordan Zimmermann",4505,519455
"Doug Fister","DET",14,9,3.666134364028022,33,32,22,1,0,0,0,0,208.2,881,229,91,85,14,44,2,16,7,0,159,"Doug Fister",9425,450729
"Matt Cain","SFG",8,10,4.003616746998813,30,30,20,0,0,0,0,0,184.1,760,158,85,82,23,55,3,5,1,0,158,"Matt Cain",4732,430912
"Ryan Dempster","BOS",8,9,4.570039198799973,32,29,14,0,0,0,0,0,171.1,754,170,97,87,26,79,1,6,9,1,157,"Ryan Dempster",517,133225
"Kris Medlen","ATL",15,12,3.1065992253956463,32,31,22,0,0,0,0,0,197,820,194,77,68,18,47,1,8,2,0,157,"Kris Medlen",9417,450665
"Hyun Jin Ryu","LAD",14,8,3.000000238418598,30,30,22,2,1,0,0,0,192,783,182,67,64,15,49,4,1,5,0,154,"Hyun Jin Ryu",14444,547943
"Dan Haren","WSN",10,14,4.6679767042344675,31,30,15,0,0,1,0,0,169.2,717,179,92,88,28,31,0,7,8,1,151,"Dan Haren",1757,429717
"David Price","TBR",10,8,3.326785895581158,27,27,18,4,0,0,0,0,186.2,740,178,78,69,16,27,0,3,6,0,151,"David Price",3184,456034
"Hiroki Kuroda","NYY",11,13,3.3079471034358727,32,32,19,1,1,0,0,0,201.1,824,191,79,74,20,43,2,5,6,0,150,"Hiroki Kuroda",3283,493133
"Zack Greinke","LAD",15,4,2.6341464922847493,28,28,18,1,1,0,0,0,177.2,717,152,54,52,13,46,1,7,5,0,148,"Zack Greinke",1943,425844
"Wade Miley","ARI",10,10,3.5526312223101946,33,33,22,0,0,0,0,0,202.2,847,201,88,80,21,66,4,4,13,0,147,"Wade Miley",8779,489119
"Bud Norris","- - -",10,12,4.177358398486731,32,30,16,0,0,0,0,0,176.2,773,196,89,82,17,67,0,5,4,0,147,"Bud Norris",9492,502032
"Yovani Gallardo","MIL",12,10,4.18450172721323,31,31,17,0,0,0,0,0,180.2,773,180,92,84,18,66,1,3,5,0,144,"Yovani Gallardo",8173,451596
"Travis Wood","CHC",9,12,3.105,32,32,24,0,0,0,0,0,200,821,163,73,69,18,66,2,8,6,0,144,"Travis Wood",9884,475243
"Matt Moore","TBR",17,4,3.292683372437792,27,27,14,1,1,0,0,0,150.1,642,119,58,55,14,76,1,4,17,1,143,"Matt Moore",1890,519043
"Rick Porcello","DET",13,8,4.3220338517309305,32,29,18,1,0,0,0,0,177,736,185,87,85,18,42,4,3,6,1,142,"Rick Porcello",2717,519144
"Edinson Volquez","- - -",9,12,5.706458096034521,33,32,12,0,0,0,0,0,170.1,777,193,114,108,19,77,2,3,16,0,142,"Edinson Volquez",3990,450172
"Dillon Gee","NYM",12,11,3.618090174835805,32,32,16,2,0,0,0,0,199,841,208,84,80,24,47,0,7,4,0,142,"Dillon Gee",7396,518716
"Mark Buehrle","TOR",12,10,4.153846361318053,33,33,18,1,1,0,0,0,203.2,876,223,100,94,24,51,3,9,2,0,139,"Mark Buehrle",225,279824
"Felix Doubront","BOS",11,6,4.3244349456663,29,27,16,0,0,0,0,0,162.1,705,161,84,78,13,71,0,5,8,0,139,"Felix Doubront",1478,467094
"Erik Bedard","HOU",4,12,4.589403973509934,32,26,10,0,0,1,0,2,151,663,149,83,77,18,75,0,6,1,0,138,"Erik Bedard",126,407853
"Héctor Santiago","CHW",4,9,3.563758480501072,34,23,12,0,0,0,0,0,149,656,137,69,59,17,72,2,15,2,0,137,"Hector Santiago",4026,502327
"Corey Kluber","CLE",11,5,3.848416023881591,26,24,10,0,0,0,0,0,147.1,608,153,67,63,15,33,0,5,1,0,136,"Corey Kluber",2429,446372
"Matt Garza","- - -",10,6,3.8240344599788307,24,24,11,1,0,0,0,0,155.1,652,150,73,66,20,42,3,5,6,0,136,"Matt Garza",3340,490063
"Edwin Jackson","CHC",8,18,4.9790871635937615,31,31,14,0,0,0,0,0,175.1,777,197,110,97,16,59,7,5,14,0,135,"Edwin Jackson",1841,429719
"Jeremy Hellickson","TBR",12,10,5.172413743491973,32,31,11,0,0,0,0,0,174,737,185,103,100,24,50,0,4,7,2,135,"Jeremy Hellickson",4371,476451
"Jarrod Parker","OAK",12,8,3.9746199050546878,32,32,23,1,0,0,0,0,197,818,178,92,87,25,63,2,7,7,0,134,"Jarrod Parker",4913,519105
"Alex Cobb","TBR",11,3,2.762790795713586,22,22,14,1,0,0,0,0,143.1,578,120,46,44,13,45,4,3,5,1,134,"Alex Cobb",6562,502171
"Scott Feldman","- - -",12,12,3.864220399865409,30,30,17,2,1,0,0,0,181.2,758,159,87,78,19,56,1,9,7,1,132,"Scott Feldman",6283,444857
"Eric Stults","SDP",11,13,3.9328970867798594,33,33,20,2,0,0,0,0,203.2,857,219,97,89,18,40,2,2,2,1,131,"Eric Stults",8011,445590
"Wily Peralta","MIL",11,15,4.369091030303706,32,32,17,2,1,0,0,0,183.1,802,187,107,89,19,73,3,7,12,0,129,"Wily Peralta",7738,503449
"Andy Pettitte","NYY",11,11,3.739208427856861,30,30,19,1,0,0,0,0,185.1,784,198,85,77,17,48,1,4,6,0,128,"Andy Pettitte",840,120485
"Andrew Cashner","SDP",10,9,3.0857140839245987,31,26,19,1,1,0,1,0,175,707,151,68,60,12,47,3,4,5,0,128,"Andrew Cashner",8782,488768
"Jhoulys Chacín","COL",14,10,3.4662163055578774,31,31,19,0,0,0,0,0,197.1,816,188,82,76,11,61,3,3,5,1,126,"Jhoulys Chacin",2608,468504
"Tommy Milone","OAK",12,9,4.144989069306977,28,26,11,1,0,0,0,0,156.1,667,160,83,72,25,39,2,2,1,0,126,"Tommy Milone",7608,543548
"Kyle Lohse","MIL",11,10,3.3523489074617703,32,32,20,2,1,0,0,0,198.2,806,196,78,74,26,36,1,3,1,0,125,"Kyle Lohse",739,346798
"Jeff Locke","PIT",10,7,3.5170335304040803,30,30,13,0,0,0,0,0,166.1,711,146,69,65,11,84,4,6,8,2,125,"Jeff Locke",2929,502046
"Bronson Arroyo","CIN",14,12,3.7871284267970604,32,32,22,2,1,0,0,0,202,823,199,88,85,32,34,2,7,1,2,124,"Bronson Arroyo",978,276520
"Dan Straily","OAK",10,8,3.958424243322711,27,27,12,0,0,0,0,0,152.1,640,132,74,67,16,57,0,7,7,0,124,"Dan Straily",9460,573185
"Dallas Keuchel","HOU",6,10,5.154012588698531,31,22,10,0,0,0,2,0,153.2,682,184,96,88,20,52,3,5,7,0,123,"Dallas Keuchel",9434,572971
"Mike Leake","CIN",14,7,3.3691506017013575,31,31,16,0,0,0,0,0,192.1,801,193,78,72,21,48,4,6,2,0,122,"Mike Leake",10130,502190
"Jake Peavy","- - -",12,5,4.1682026184292065,23,23,14,2,0,0,0,0,144.2,590,130,70,67,20,36,0,2,0,2,121,"Jake Peavy",1051,408241
"Phil Hughes","NYY",4,14,5.189931543719888,30,29,11,0,0,0,0,0,145.2,642,170,91,84,24,42,4,5,6,0,121,"Phil Hughes",7450,461833
"Miguel González","BAL",11,8,3.782100837502054,30,28,19,0,0,0,0,0,171.1,712,157,81,72,24,53,3,3,4,0,120,"Miguel Gonzalez",7024,456068
"Tony Cingrani","CIN",7,4,2.923566630357798,23,18,7,0,0,0,1,0,104.2,420,72,37,34,14,43,1,2,4,0,120,"Tony Cingrani",12555,571561
"Juan Nicasio","COL",9,9,5.137421050278326,31,31,9,0,0,0,0,0,157.2,703,168,97,90,17,64,7,5,6,2,119,"Juan Nicasio",7731,504379
"Tyson Ross","SDP",3,8,3.168000386718797,35,16,9,0,0,0,0,0,125,504,100,51,44,8,44,4,7,7,0,119,"Tyson Ross",7872,475115
"Marco Estrada","MIL",7,4,3.8671875,21,21,12,0,0,0,0,0,128,512,109,56,55,19,29,0,2,3,0,118,"Marco Estrada",1118,462136
"Bartolo Colon","OAK",18,6,2.647986060254047,30,30,23,3,3,0,0,0,190.1,769,193,60,56,14,29,0,0,1,0,117,"Bartolo Colon",375,112526
"Jered Weaver","LAA",11,8,3.2656585320518587,24,24,17,0,0,0,0,0,154.1,634,139,58,56,17,37,0,7,2,0,117,"Jered Weaver",4235,450308
"Iván Nova","NYY",9,6,3.100478284980839,23,20,12,3,2,0,0,0,139.1,586,135,49,48,9,44,3,14,3,0,116,"Ivan Nova",1994,467100
"Wade Davis","KCR",8,11,5.320196644434688,31,24,9,0,0,0,0,0,135.1,618,169,89,80,15,58,2,4,7,0,114,"Wade Davis",7441,451584
"Aaron Harang","- - -",5,12,5.3999996167560225,26,26,12,2,2,0,0,0,143.1,626,153,91,86,26,40,1,6,4,0,113,"Aaron Harang",1451,421685
"Roberto Hernandez","TBR",6,13,4.887416508588856,32,24,11,1,0,1,0,0,151,643,164,87,82,24,38,8,13,3,0,113,"Roberto Hernandez",3273,433584
"Jorge De La Rosa","COL",16,6,3.489065818047393,30,30,17,0,0,0,0,0,167.2,714,170,70,65,11,62,5,5,5,0,112,"Jorge De La Rosa",2047,407822
"Aroldis Chapman","CIN",4,5,2.544502871898119,68,0,0,0,0,38,0,5,63.2,258,37,18,18,7,29,0,3,6,0,112,"Aroldis Chapman",10233,547973
"Jeremy Guthrie","KCR",15,12,4.039370272868973,33,33,18,3,2,0,0,0,211.2,905,236,99,95,30,59,1,8,7,0,111,"Jeremy Guthrie",2072,425386
"Kenley Jansen","LAD",4,3,1.8782613056955466,75,0,0,0,0,28,16,4,76.2,292,48,16,16,6,18,1,3,2,0,111,"Kenley Jansen",3096,445276
"Kyle Kendrick","PHI",10,13,4.697802197802198,30,30,17,2,1,0,0,0,182,800,207,104,95,18,47,4,7,3,1,110,"Kyle Kendrick",6230,452718
"Jason Vargas","LAA",9,8,4.020000408935588,24,24,14,3,2,0,0,0,150,644,162,68,67,17,46,2,5,0,1,109,"Jason Vargas",8044,450306
"Joe Blanton","LAA",2,14,6.037688384341826,28,20,9,0,0,0,0,0,132.2,611,180,96,89,29,34,4,4,9,0,108,"Joe Blanton",4849,430599
"Trevor Rosenthal","STL",2,4,2.628319293893269,74,0,0,0,0,3,29,5,75.1,311,63,25,22,4,20,0,6,3,0,108,"Trevor Rosenthal",10745,572096
"Jerome Williams","LAA",9,10,4.5708665364555685,37,25,11,0,0,0,0,0,169.1,728,181,93,86,23,55,2,4,5,0,107,"Jerome Williams",1137,425532
"Joe Saunders","SEA",11,16,5.262295520744575,32,32,13,2,0,0,0,0,183,820,232,117,107,25,61,5,4,5,0,107,"Joe Saunders",4366,434578
"Jonathon Niese","NYM",8,8,3.7132867132867133,24,24,15,1,1,0,0,0,143,621,158,68,59,10,48,1,4,5,0,105,"Jonathon Niese",4424,477003
"Paul Maholm","ATL",10,11,4.411764705882353,26,26,13,0,0,0,0,0,153,670,169,82,75,17,47,3,10,3,0,105,"Paul Maholm",8678,430904
"Wei-Yin Chen","BAL",7,7,4.07299315437185,23,23,13,0,0,0,0,0,137,572,142,62,62,17,39,2,2,3,0,104,"Wei-Yin Chen",13071,612672
"Carlos Villanueva","CHC",7,8,4.05699513940328,47,15,7,0,0,0,2,1,128.2,524,117,58,58,14,40,4,3,0,0,103,"Carlos Villanueva",4138,453646
"Greg Holland","KCR",2,1,1.208955223880597,68,0,0,0,0,47,1,3,67,255,40,11,9,3,18,1,0,2,0,103,"Greg Holland",7196,518813
"Trevor Cahill","ARI",8,10,3.9886362253141847,26,25,9,0,0,0,0,0,146.2,636,143,70,65,13,65,2,6,17,0,102,"Trevor Cahill",6249,502239
"Kevin Correia","MIN",9,13,4.176259107418447,31,31,17,0,0,0,0,0,185.1,792,218,89,86,24,45,1,2,2,0,101,"Kevin Correia",1767,429781
"Zach McAllister","CLE",9,9,3.75186161041057,24,24,11,0,0,0,0,0,134.1,579,134,65,56,13,49,2,6,7,1,101,"Zach McAllister",2895,502083
"Mike Pelfrey","MIN",5,13,5.187773271437284,29,29,11,0,0,0,0,0,152.2,680,184,92,88,13,53,0,6,1,0,101,"Mike Pelfrey",5203,460059
"Chris Archer","TBR",9,7,3.2176164531167597,23,23,12,2,2,0,0,0,128.2,525,107,49,46,15,38,2,8,7,0,101,"Chris Archer",6345,502042
"Koji Uehara","BOS",4,1,1.0896862850593405,73,0,0,0,0,21,13,3,74.1,265,33,10,9,5,9,2,1,1,0,101,"Koji Uehara",9227,493157
"Garrett Richards","LAA",7,8,4.158620799061238,47,17,8,1,0,1,5,1,145,620,151,73,67,12,44,4,1,11,0,101,"Garrett Richards",9784,572070
"Gerrit Cole","PIT",10,7,3.221591258221459,19,19,14,0,0,0,0,0,117.1,469,109,43,42,7,28,0,3,4,0,100,"Gerrit Cole",13125,543037
"Jeremy Hefner","NYM",4,8,4.339286052103319,24,23,14,0,0,0,0,0,130.2,556,132,75,63,20,37,4,5,1,0,99,"Jeremy Hefner",1989,458550
"Ernesto Frieri","LAA",2,4,3.800971436875936,67,0,0,0,0,37,2,4,68.2,292,55,29,29,11,30,1,3,1,0,98,"Ernesto Frieri",5178,457117
"Craig Kimbrel","ATL",4,3,1.2089553615462303,68,0,0,0,0,50,0,4,67,258,39,10,9,4,20,2,3,3,0,98,"Craig Kimbrel",6655,518886
"Clay Buchholz","BOS",12,1,1.744615220795596,16,16,13,1,1,0,0,0,108.1,416,75,23,21,4,36,0,1,1,0,96,"Clay Buchholz",3543,453329
"Jason Hammel","BAL",7,8,4.973683779319545,26,23,8,0,0,1,1,0,139.1,611,155,81,77,22,48,1,8,1,0,96,"Jason Hammel",4538,434628
"Esmil Rogers","TOR",5,9,4.772397777678977,44,20,9,0,0,0,4,1,137.2,598,152,76,73,21,44,2,6,7,2,96,"Esmil Rogers",6317,469134
"Tim Hudson","ATL",8,7,3.9746194432687303,21,21,13,0,0,0,0,0,131.1,534,120,60,58,10,36,3,2,2,0,95,"Tim Hudson",921,218596
"Jordan Lyles","HOU",7,9,5.590588382697192,27,25,10,0,0,1,1,0,141.2,642,165,98,88,17,49,1,11,5,2,93,"Jordan Lyles",7593,543475
"Tom Koehler","MIA",5,10,4.405594816930327,29,23,9,0,0,0,0,0,143,601,140,72,70,14,54,2,5,7,0,92,"Tom Koehler",6570,543408
"Nate Jones","CHW",4,5,4.153847372743862,70,0,0,0,0,0,16,4,78,315,69,40,36,5,26,1,1,8,1,89,"Nate Jones",4696,518858
"John Danks","CHW",4,14,4.749398288868113,22,22,12,0,0,0,0,0,138.1,583,151,81,73,28,27,0,4,3,0,89,"John Danks",6329,433579
"Lucas Harrell","HOU",6,17,5.856833359514901,36,22,8,0,0,0,0,1,153.2,707,174,111,100,20,88,5,6,8,0,89,"Lucas Harrell",7541,449173
"Chad Gaudin","SFG",5,2,3.0618562721677707,30,12,6,0,0,0,2,0,97,406,81,34,33,6,40,3,2,5,1,88,"Chad Gaudin",1783,429985
"Cody Allen","CLE",6,1,2.4312805878729242,77,0,0,0,0,2,11,2,70.1,301,62,22,19,7,26,2,1,9,0,88,"Cody Allen",12183,592102
"Barry Zito","SFG",5,11,5.737499357074571,30,25,6,0,0,0,0,0,133.1,608,173,94,85,19,54,2,4,5,1,86,"Barry Zito",944,217096
"AJ Ramos","MIA",3,4,3.1500003004074384,68,0,0,0,0,0,11,4,80,338,58,32,28,4,43,3,2,1,0,86,"AJ Ramos",8350,573109
"Charlie Morton","PIT",7,4,3.25862047533361,20,20,10,0,0,0,0,0,116,493,113,51,42,6,36,1,16,5,0,85,"Charlie Morton",4676,450203
"Josh Collmenter","ARI",5,5,3.130435561412868,49,0,0,0,0,0,5,1,92,384,79,34,32,8,33,8,2,3,0,85,"Josh Collmenter",7312,518567
"Martín Pérez","TEX",10,6,3.619303319210361,20,20,11,1,0,0,0,0,124.1,529,129,55,50,15,37,0,3,9,2,84,"Martin Perez",6902,527048
"Zack Wheeler","NYM",7,5,3.419999739074727,17,17,10,0,0,0,0,0,100,431,90,42,38,10,46,2,4,6,0,84,"Zack Wheeler",10310,554430
"Josh Johnson","TOR",2,8,6.196722280271293,16,16,5,0,0,0,0,0,81.1,384,105,64,56,15,30,3,3,4,0,83,"Josh Johnson",4567,435178
"Tom Gorzelanny","MIL",3,6,3.902343808149454,43,10,3,0,0,0,6,1,85.1,356,77,41,37,11,31,1,2,2,0,83,"Tom Gorzelanny",6244,452733
"Fernando Rodney","TBR",5,4,3.375000128746038,68,0,0,0,0,37,0,8,66.2,290,53,27,25,3,36,3,1,4,1,82,"Fernando Rodney",494,407845
"Luke Hochevar","KCR",5,2,1.9194316266374682,58,0,0,0,0,2,9,3,70.1,262,41,15,15,8,17,1,1,2,0,82,"Luke Hochevar",6943,460024
"Steve Delabar","TOR",5,5,3.22159104874312,55,0,0,0,0,1,6,5,58.2,253,50,25,21,4,29,5,2,4,1,82,"Steve Delabar",11827,447755
"Chris Capuano","LAD",4,7,4.2586752582317,24,20,7,0,0,0,0,1,105.2,457,125,57,50,11,24,5,0,5,0,81,"Chris Capuano",1701,425626
"Drew Smyly","DET",6,0,2.36842200366452,63,0,0,0,0,2,21,4,76,303,62,20,20,4,17,1,1,5,0,81,"Drew Smyly",11760,592767
"Charlie Furbush","SEA",2,6,3.738462854871141,71,0,0,0,0,0,20,6,65,280,48,33,27,5,29,2,3,3,0,80,"Charlie Furbush",1370,518703
"Randall Delgado","ARI",5,7,4.255013954576731,20,19,11,1,1,0,0,0,116.1,473,116,59,55,24,23,2,1,3,1,79,"Randall Delgado",5985,517414
"David Phelps","NYY",6,5,4.9846148726785495,22,12,5,0,0,0,1,1,86.2,376,88,50,48,8,35,1,5,2,0,79,"David Phelps",6316,475479
"Craig Stammen","WSN",7,6,2.7551023839961317,55,0,0,0,0,0,7,1,81.2,339,78,30,25,4,27,3,2,2,1,79,"Craig Stammen",7274,489334
"Danny Farquhar","SEA",0,3,4.203591854165847,46,0,0,0,0,16,2,4,55.2,228,44,29,26,2,22,4,0,2,1,79,"Danny Farquhar",8501,543144
"Joe Kelly","STL",10,5,2.68548428404474,37,15,8,0,0,0,2,1,124,532,124,42,37,10,44,4,5,3,0,79,"Joe Kelly",9761,523260
"Bruce Chen","KCR",9,4,3.2727269631951423,34,15,9,0,0,0,2,2,121,498,107,46,44,13,36,4,3,0,1,78,"Bruce Chen",769,136600
"Adam Ottavino","COL",1,3,2.642552590946664,51,0,0,0,0,0,8,0,78.1,335,73,27,23,5,31,5,2,9,1,78,"Adam Ottavino",1247,493603
"Nathan Eovaldi","MIA",4,6,3.3855796134178986,18,18,14,0,0,0,0,0,106.1,451,100,44,40,7,40,3,1,3,0,78,"Nathan Eovaldi",9132,543135
"Brad Peacock","HOU",5,6,5.184001295288409,18,14,6,0,0,0,2,0,83.1,365,78,51,48,15,37,0,3,4,0,77,"Brad Peacock",5401,502748
"J.A. Happ","TOR",5,7,4.564748326713187,18,18,5,0,0,0,0,0,92.2,415,91,53,47,10,45,0,2,5,0,77,"J.A. Happ",7410,457918
"Glen Perkins","MIN",2,0,2.2978724336775285,61,0,0,0,0,36,0,4,62.2,240,43,16,16,5,15,0,3,0,0,77,"Glen Perkins",8041,450282
"David Robertson","NYY",5,1,2.035176269526701,70,0,0,0,0,3,33,2,66.1,262,51,15,15,5,18,1,2,1,0,77,"David Robertson",8241,502085
"Jacob Turner","MIA",3,8,3.73728813559322,20,20,9,1,0,0,0,0,118,514,116,55,49,11,54,5,4,11,0,77,"Jacob Turner",10185,545363
"Alex Wood","ATL",3,3,3.1287553904190015,31,11,5,0,0,0,1,0,77.2,327,76,29,27,3,27,1,1,4,2,77,"Alex Wood",13781,622072
"Brandon McCarthy","ARI",5,11,4.533333333333333,22,22,10,2,1,0,0,0,135,577,161,71,68,13,21,3,5,1,1,76,"Brandon McCarthy",4662,435221
"Rex Brothers","COL",2,1,1.7376240905202904,72,0,0,0,0,19,12,2,67.1,281,51,16,13,5,36,2,0,3,3,76,"Rex Brothers",9794,571521
"Kevin Slowey","MIA",3,6,4.108695992900682,20,14,5,0,0,0,0,0,92,395,106,44,42,12,18,0,4,1,0,76,"Kevin Slowey",9918,458713
"Todd Redmond","TOR",4,3,4.324675003298846,17,14,4,0,0,0,0,0,77,324,70,38,37,13,23,2,6,1,0,76,"Todd Redmond",9943,445170
"Nick Tepesch","TEX",4,6,4.838709181230896,19,17,4,0,0,0,0,0,93,407,100,53,50,12,27,3,7,0,0,76,"Nick Tepesch",11716,519344
"Justin Grimm","- - -",7,9,5.969387580831073,27,17,6,0,0,0,3,0,98,442,120,70,65,15,34,1,2,4,0,76,"Justin Grimm",11720,518748
"Jim Henderson","MIL",5,5,2.7000003433227975,61,0,0,0,0,28,5,4,60,247,44,18,18,8,24,2,2,0,0,75,"Jim Henderson",6653,449104
"Jake McGee","TBR",5,3,4.021277738081919,71,0,0,0,0,1,27,4,62.2,260,52,28,28,8,22,5,1,4,0,75,"Jake McGee",7550,459429
"Carlos Torres","NYM",4,6,3.4401541868118386,33,9,6,0,0,0,3,0,86.1,352,79,34,33,15,17,1,4,4,1,75,"Carlos Torres",7624,448614
"Jason Grilli","PIT",0,2,2.700000205993668,54,0,0,0,0,33,2,2,50,202,40,15,15,4,13,0,1,1,0,74,"Jason Grilli",521,276351
"Oliver Pérez","SEA",3,3,3.735850669940302,61,0,0,0,0,2,8,1,53,229,50,23,22,6,26,3,1,1,0,74,"Oliver Perez",1514,424144
"Joel Peralta","TBR",3,8,3.4065430276583455,80,0,0,0,0,1,41,3,71.1,291,47,31,27,7,34,1,0,1,0,74,"Joel Peralta",2332,407908
"David Carpenter","ATL",4,1,1.78172616433486,56,0,0,0,0,0,12,0,65.2,256,45,13,13,5,20,3,3,4,0,74,"David Carpenter",3959,502304
"Kelvin Herrera","KCR",5,7,3.85714395017071,59,0,0,0,0,2,20,2,58.1,245,48,27,25,9,21,2,2,5,0,74,"Kelvin Herrera",6033,516969
"Steve Cishek","MIA",4,6,2.325358936560195,69,0,0,0,0,34,1,2,69.2,281,53,19,18,3,22,6,2,1,0,74,"Steve Cishek",6483,518553
"Joe Nathan","TEX",6,2,1.3917526320527316,67,0,0,0,0,43,0,3,64.2,250,36,10,10,2,22,3,1,4,0,73,"Joe Nathan",1122,150274
"Joaquín Benoit","DET",4,1,2.0149256025770503,66,0,0,0,0,24,9,2,67,265,47,15,15,5,22,2,1,2,0,73,"Joaquin Benoit",1437,276542
"Casey Fien","MIN",5,2,3.919356044448128,73,0,0,0,0,0,17,2,62,244,51,28,27,9,12,3,0,2,0,73,"Casey Fien",3926,502272
"Tyler Clippard","WSN",6,3,2.4084509630284874,72,0,0,0,0,0,33,3,71,275,37,19,19,9,24,1,4,2,0,73,"Tyler Clippard",5640,461325
"Bryan Shaw","CLE",7,3,3.240000988769833,70,0,0,0,0,1,12,4,75,316,60,31,27,4,28,2,4,5,0,73,"Bryan Shaw",8110,543766
"Dylan Axelrod","CHW",4,11,5.680519114671442,30,20,7,0,0,0,0,0,128.1,586,170,89,81,24,43,2,4,5,0,73,"Dylan Axelrod",9303,518420
"Jason Marquis","SDP",9,5,4.0538247130677405,20,20,12,0,0,0,0,0,117.2,518,111,61,53,18,68,2,4,2,0,72,"Jason Marquis",105,150302
"Grant Balfour","OAK",1,3,2.5851064878872196,65,0,0,0,0,38,0,3,62.2,262,48,20,18,7,27,2,0,9,0,72,"Grant Balfour",718,346797
"Heath Bell","ARI",5,2,4.111675286140065,69,0,0,0,0,15,8,7,65.2,287,74,30,30,12,16,1,3,4,0,72,"Heath Bell",2080,425514
"Junichi Tazawa","BOS",5,4,3.1609761979593785,71,0,0,0,0,0,25,8,68.1,284,70,25,24,9,12,1,1,3,1,72,"Junichi Tazawa",4079,547749
"Mike Dunn","MIA",3,4,2.6600998218441547,75,0,0,0,0,2,18,3,67.2,282,53,21,20,5,28,4,0,2,0,72,"Mike Dunn",9948,445197
"Alexi Ogando","TEX",7,4,3.105431631608285,23,18,6,0,0,0,0,0,104.1,428,87,38,36,11,41,1,5,6,1,72,"Alexi Ogando",10261,468396
"Addison Reed","CHW",5,4,3.7850469988562323,68,0,0,0,0,40,0,8,71.1,295,56,31,30,6,23,2,2,2,0,72,"Addison Reed",10586,592665
"Shawn Kelley","NYY",4,2,4.387501987517781,57,0,0,0,0,0,11,1,53.1,227,47,28,26,8,23,2,0,8,0,71,"Shawn Kelley",7773,518875
"Yoervis Medina","SEA",4,6,2.911765359264903,63,0,0,0,0,1,19,3,68,291,49,22,22,5,40,7,4,8,0,71,"Yoervis Medina",10498,500721
"Brett Cecil","TOR",5,1,2.8186830319794023,60,0,0,0,0,1,11,2,60.2,250,44,20,19,4,23,3,3,5,1,70,"Brett Cecil",2660,446399
"Mark Melancon","PIT",3,2,1.3943661971830985,72,0,0,0,0,16,26,5,71,279,60,15,11,1,8,0,1,6,0,70,"Mark Melancon",4264,453343
"Brandon Maurer","SEA",5,8,6.300000400543238,22,14,5,0,0,0,0,0,90,402,114,66,63,16,27,0,6,9,0,70,"Brandon Maurer",4878,543506
"Al Alburquerque","DET",4,3,4.5918381646099995,53,0,0,0,0,0,10,0,49,220,39,25,25,5,34,5,2,9,1,70,"Al Alburquerque",6324,456379
"Anthony Swarzak","MIN",3,2,2.9062504619360703,48,0,0,0,0,0,3,2,96,387,89,33,31,7,22,1,1,1,0,69,"Anthony Swarzak",7466,461872
"Tommy Hunter","BAL",6,5,2.8146727267055436,68,0,0,0,0,4,21,2,86.1,336,71,28,27,11,14,1,2,0,0,68,"Tommy Hunter",1157,488984
"Ryan Vogelsong","SFG",4,6,5.729903255847637,19,19,7,0,0,0,0,0,103.2,467,124,73,66,15,38,2,6,3,0,67,"Ryan Vogelsong",1011,285064
"Samuel Deduno","MIN",8,8,3.8333333333333335,18,18,10,0,0,0,0,0,108,461,105,48,46,7,41,0,9,8,2,67,"Samuel Deduno",5285,465679
"Ryan Cook","OAK",6,4,2.5396047277483733,71,0,0,0,0,2,23,7,67.1,294,62,22,19,2,25,1,4,7,0,67,"Ryan Cook",8855,475857
"J.J. Hoover","CIN",5,5,2.863637025691414,69,0,0,0,0,3,13,2,66,269,47,21,21,6,26,6,2,1,0,67,"J.J. Hoover",9037,543331
"Sonny Gray","OAK",5,3,2.671875,12,10,6,0,0,0,0,0,64,261,51,22,19,4,20,0,0,2,1,67,"Sonny Gray",12768,543243
"Pedro Strop","- - -",2,5,4.552326742477362,66,0,0,0,0,1,17,3,57.1,254,45,30,29,5,26,2,6,8,1,66,"Pedro Strop",4070,467008
"David Hernandez","ARI",5,6,4.475935920183639,62,0,0,0,0,2,15,6,62.1,263,50,33,31,10,24,4,4,6,0,66,"David Hernandez",4259,456696
"Tyler Chatwood","COL",8,5,3.1526945387630225,20,20,11,1,0,0,0,0,111.1,476,118,44,39,5,41,5,4,10,0,66,"Tyler Chatwood",4338,543022
"Sam LeCure","CIN",2,1,2.6557383692352716,63,0,0,0,0,1,17,2,61,251,50,18,18,4,24,0,1,0,0,66,"Sam LeCure",4664,459967
"Jonathan Pettibone","PHI",5,4,4.036545055125547,18,18,8,0,0,0,0,0,100.1,437,109,50,45,9,38,3,5,1,0,66,"Jonathan Pettibone",7106,543643
"Carter Capps","SEA",3,3,5.491525778788278,53,0,0,0,0,0,9,2,59,270,73,37,36,12,23,4,2,5,0,66,"Carter Capps",12803,605169
"Jamey Wright","TBR",2,2,3.0857143645383895,66,1,0,0,0,0,6,1,70,288,61,25,24,4,23,3,5,5,0,65,"Jamey Wright",715,124604
"Neal Cotts","TEX",8,3,1.1052637496486462,58,0,0,0,0,1,11,3,57,223,36,8,7,2,18,1,0,3,0,65,"Neal Cotts",1797,425840
"Danny Salazar","CLE",2,3,3.1153846153846154,10,10,2,0,0,0,0,0,52,211,44,18,18,7,15,0,0,3,0,65,"Danny Salazar",5867,517593
"John Axford","- - -",7,7,4.015385381258597,75,0,0,0,0,0,19,7,65,289,73,32,29,10,26,3,2,5,0,65,"John Axford",9059,446099
"Dane De La Rosa","LAA",6,1,2.8617519569929852,75,0,0,0,0,2,20,3,72.1,291,56,25,23,3,28,2,1,6,0,65,"Dane De La Rosa",10095,451773
"Michael Wacha","STL",4,1,2.783504689407548,15,9,5,0,0,0,0,1,64.2,260,52,20,20,5,19,0,0,3,0,65,"Michael Wacha",14078,608379
"Luke Gregerson","SDP",6,8,2.713568671472803,73,0,0,0,0,4,25,5,66.1,268,49,24,20,3,18,2,4,1,0,64,"Luke Gregerson",4090,502381
"Dale Thayer","SDP",3,5,3.323078093218792,69,0,0,0,0,1,18,3,65,270,59,25,24,8,22,2,2,2,0,64,"Dale Thayer",5032,445612
"Tim Stauffer","SDP",3,1,3.746412030293884,43,0,0,0,0,0,7,1,69.2,284,59,29,29,7,20,1,4,0,0,64,"Tim Stauffer",6432,431162
"Adam Warren","NYY",3,2,3.3896100537575014,34,2,0,0,0,1,1,0,77,331,80,29,29,10,30,2,2,3,0,64,"Adam Warren",9029,476589
"Alfredo Simon","CIN",6,4,2.8745252985407346,63,0,0,0,0,1,6,2,87.2,359,68,31,28,8,26,2,8,4,0,63,"Alfredo Simon",2155,430580
"Jeff Francis","COL",3,5,6.270142208434472,23,12,3,0,0,0,0,0,70.1,324,89,54,49,12,24,2,1,5,0,63,"Jeff Francis",4684,433585
"Paco Rodríguez","LAD",3,4,2.3190199245279204,76,0,0,0,0,2,20,3,54.1,208,30,15,14,5,19,4,2,3,0,63,"Paco Rodriguez",13398,572089
"Matt Belisle","COL",5,7,4.3150689441282655,72,0,0,0,0,0,24,5,73,301,76,37,35,6,15,2,0,3,0,62,"Matt Belisle",1837,279571
"Alex Torres","TBR",4,2,1.7068974498340737,39,0,0,0,0,0,5,1,58,226,32,12,11,1,20,1,3,1,0,62,"Alex Torres",7038,456776
"Jared Burton","MIN",2,9,3.8181822595518007,71,0,0,0,0,2,27,5,66,281,61,29,28,6,22,5,5,2,0,61,"Jared Burton",8346,454537
"Sean Doolittle","OAK",5,5,3.1304365132851606,70,0,0,0,0,2,26,5,69,266,53,24,24,4,13,1,2,2,0,60,"Sean Doolittle",1581,448281
"Michael Gonzalez","MIL",0,3,4.680001785279002,75,0,0,0,0,0,11,3,50,235,58,28,26,10,25,2,2,4,0,60,"Michael Gonzalez",1794,283166
"Jose Veras","- - -",0,5,3.015958028176516,67,0,0,0,0,21,9,4,62.2,254,45,23,21,6,22,1,4,2,0,60,"Jose Veras",2063,407842
"Jake Arrieta","- - -",5,4,4.778760537646412,14,14,5,0,0,0,0,0,75.1,324,59,41,40,9,41,1,5,1,0,60,"Jake Arrieta",4153,453562
"Shaun Marcum","NYM",1,10,5.285105310581023,14,12,4,0,0,0,0,0,78.1,334,85,48,46,7,21,2,4,2,0,60,"Shaun Marcum",6204,451788
"Carlos Marmol","- - -",2,4,4.408163951665754,52,0,0,0,0,2,6,3,49,225,40,26,24,7,40,3,4,5,1,59,"Carlos Marmol",2790,461791
"Darren O'Day","BAL",5,3,2.177420426606419,68,0,0,0,0,2,20,4,62,247,47,16,15,7,15,1,5,1,0,59,"Darren O'Day",3321,503285
"Justin Wilson","PIT",6,1,2.0769237939217664,58,0,0,0,0,0,14,3,73.2,295,50,17,17,4,28,1,3,5,0,59,"Justin Wilson",4301,458677
"Tanner Scheppers","TEX",6,2,1.8782613056955466,76,0,0,0,0,1,27,2,76.2,302,58,21,16,6,24,4,7,4,0,59,"Tanner Scheppers",10267,489294
"T.J. McFarland","BAL",4,1,4.2187498069168825,38,1,0,0,0,0,0,0,74.2,331,83,37,35,7,28,5,0,2,0,58,"T.J. McFarland",3237,519008
"Robbie Ross Jr.","TEX",4,2,3.032086551143724,65,0,0,0,0,0,15,1,62.1,267,63,21,21,4,19,2,5,2,0,58,"Robbie Ross Jr.",6819,543726
"Drew Storen","WSN",4,2,4.524325070656453,68,0,0,0,0,3,24,5,61.2,267,65,34,31,7,19,2,1,2,0,58,"Drew Storen",6983,519322
"Sergio Romo","SFG",5,8,2.5359122970087853,65,0,0,0,0,38,0,5,60.1,250,53,20,17,5,12,3,1,1,0,58,"Sergio Romo",9817,489265
"Brandon Kintzler","MIL",3,3,2.688311954677825,71,0,0,0,0,0,26,4,77,305,66,26,23,2,16,2,1,1,0,58,"Brandon Kintzler",9939,445213
"Henderson Alvarez III","MIA",5,6,3.5941556660958986,17,17,9,1,1,0,0,0,102.2,418,90,42,41,2,27,1,7,4,1,57,"Henderson Alvarez III",5669,506693
"Jonathan Papelbon","PHI",5,1,2.918918678166679,61,0,0,0,0,29,0,7,61.2,254,59,23,20,6,11,1,1,2,0,57,"Jonathan Papelbon",5975,449097
"Erasmo Ramírez","SEA",5,3,4.976957948450599,14,13,5,0,0,0,0,0,72.1,321,79,44,40,12,26,0,3,0,0,57,"Erasmo Ramirez",10314,541640
"Kevin Gregg","CHC",2,6,3.483871610802363,62,0,0,0,0,33,0,5,62,269,53,26,24,6,32,2,1,1,0,56,"Kevin Gregg",1793,276514
"Jim Johnson","BAL",3,8,2.9431281749221423,74,0,0,0,0,50,0,9,70.1,291,72,26,23,5,18,4,7,2,0,56,"Jim Johnson",3656,462382
"Brian Duensing","MIN",6,2,3.9836083012101287,73,0,0,0,0,1,15,3,61,268,68,28,27,4,22,4,2,6,0,56,"Brian Duensing",4064,488846
"Manny Parra","CIN",2,3,3.3260886114810173,57,0,0,0,0,0,16,1,46,188,40,18,17,5,15,0,1,4,0,56,"Manny Parra",4279,448159
"Tommy Hanson","LAA",4,3,5.424658526397331,15,13,4,0,0,0,0,0,73,327,83,47,44,10,30,3,3,6,0,56,"Tommy Hanson",9129,462102
"LaTroy Hawkins","NYM",3,2,2.9292457046862483,72,0,0,0,0,13,12,3,70.2,288,71,27,23,6,10,2,1,1,0,55,"LaTroy Hawkins",729,115629
"Blake Parker","CHC",1,2,2.719425654536473,49,0,0,0,0,1,7,0,46.1,195,39,17,14,4,15,1,2,2,0,55,"Blake Parker",5224,453284
"Jesse Chavez","OAK",2,4,3.924418691688775,35,0,0,0,0,1,1,1,57.1,248,50,27,25,3,20,4,3,5,0,55,"Jesse Chavez",5448,445926
"Wesley Wright","- - -",0,4,3.6894431355010044,71,0,0,0,0,0,9,4,53.2,232,54,24,22,7,19,2,3,2,0,55,"Wesley Wright",5960,449079
"Mariano Rivera","NYY",6,2,2.10937537718571,64,0,0,0,0,44,0,7,64,256,58,16,15,6,9,3,1,0,0,54,"Mariano Rivera",844,121250
"Francisco Rodríguez","- - -",3,2,2.700000367845858,48,0,0,0,0,10,5,0,46.2,193,42,14,14,7,14,4,1,2,0,54,"Francisco Rodriguez",1642,408061
"Luis Mendoza","KCR",2,6,5.361702290850567,22,15,7,0,0,0,0,0,94,419,106,60,56,10,43,0,3,10,1,54,"Luis Mendoza",3126,434669
"Tony Watson","PIT",3,1,2.386046850308703,67,0,0,0,0,2,22,2,71.2,280,51,19,19,5,12,1,6,2,0,54,"Tony Watson",3132,453265
"Jordan Walden","ATL",4,3,3.446809070150346,50,0,0,0,0,1,14,2,47,193,39,19,18,4,14,4,1,6,0,54,"Jordan Walden",3271,477229
"Joe Smith","CLE",6,2,2.285714562517749,70,0,0,0,0,3,25,5,63,259,54,17,16,5,23,2,3,3,0,54,"Joe Smith",3281,501925
"Jose Mijares","SFG",0,3,4.224491769202922,60,0,0,0,0,0,6,0,49,236,67,24,23,3,20,4,3,3,0,54,"Jose Mijares",4140,467726
"Chris Perez","CLE",5,3,4.333333639451037,54,0,0,0,0,25,1,5,54,243,56,27,26,11,21,2,4,1,0,54,"Chris Perez",5213,453198
"Ryan Webb","MIA",2,6,2.912863254965834,66,0,0,0,0,0,4,3,80.1,332,70,30,26,5,27,5,2,4,0,54,"Ryan Webb",7474,444436
"J.P. Howell","LAD",4,1,2.177419756751477,67,0,0,0,0,0,11,0,62,246,42,15,15,2,23,3,1,3,0,54,"J.P. Howell",8245,434442
"Alfredo Figaro","MIL",3,3,4.135136307548817,33,5,1,0,0,1,0,0,74,316,77,41,34,15,15,2,1,4,1,54,"Alfredo Figaro",8404,451628
"Will Harris","ARI",4,1,2.9050642730833567,61,0,0,0,0,0,4,1,52.2,217,50,17,17,3,15,1,2,4,0,53,"Will Harris",3192,501789
"Cesár Ramos","TBR",2,2,4.143566077930219,48,0,0,0,0,1,1,0,67.1,288,66,31,31,6,22,6,2,3,0,53,"Cesar Ramos",3357,459987
"Logan Ondrusek","CIN",3,1,4.090909374646924,52,0,0,0,0,0,5,1,55,233,53,26,25,8,16,1,1,5,1,53,"Logan Ondrusek",3677,446185
"Josh Outman","COL",3,0,4.333335476158165,61,0,0,0,0,0,13,1,54,238,56,27,26,3,23,2,3,2,0,53,"Josh Outman",4004,489189
"Jeanmar Gómez","PIT",3,0,3.3471077018223676,34,8,1,0,0,0,3,0,80.2,333,65,35,30,6,28,3,3,6,0,53,"Jeanmar Gomez",9033,491646
"Aaron Loup","TOR",4,6,2.4663474203573332,64,0,0,0,0,2,8,1,69.1,282,66,23,19,5,13,4,7,2,0,53,"Aaron Loup",10343,571901
"Tim Collins","KCR",3,6,3.5437518587718224,66,0,0,0,0,0,21,5,53.1,233,49,26,21,3,28,1,0,0,0,52,"Tim Collins",3164,525768
"Scott Diamond","MIN",6,13,5.4274802838413985,24,24,9,0,0,0,0,0,131,576,163,88,79,21,36,4,1,5,0,52,"Scott Diamond",5089,539438
"Jerry Blevins","OAK",5,0,3.150001201630097,67,0,0,0,0,0,4,4,60,245,47,23,21,7,17,2,4,2,0,52,"Jerry Blevins",7841,460283
"Michael Kohn","LAA",1,4,3.7358501321613042,63,0,0,0,0,0,8,2,53,231,42,22,22,7,28,3,3,4,0,52,"Michael Kohn",8505,543409
"Rafael Soriano","WSN",3,3,3.1050001184463545,68,0,0,0,0,43,0,6,66.2,277,65,24,23,7,17,2,0,3,0,51,"Rafael Soriano",1100,400089
"Roy Halladay","PHI",4,5,6.8225814847123525,13,13,6,1,0,0,0,0,62,282,55,48,47,12,36,1,10,4,0,51,"Roy Halladay",1303,136880
"Jean Machi","SFG",3,1,2.377359175011739,51,0,0,0,0,0,11,2,53,211,46,15,14,2,12,3,0,2,0,51,"Jean Machi",3220,466948
"Rich Hill","CLE",1,2,6.284488131973379,63,0,0,0,0,0,13,2,38.2,182,38,30,27,3,29,6,2,6,1,51,"Rich Hill",4806,448179
"Johnny Cueto","CIN",5,2,2.8186816140773914,11,11,6,0,0,0,0,0,60.2,242,46,20,19,7,18,1,1,1,0,51,"Johnny Cueto",6893,456501
"Brian Matusz","BAL",2,1,3.5294144046367606,65,0,0,0,0,0,18,4,51,208,43,21,20,3,16,2,2,0,0,50,"Brian Matusz",2646,451085
"Boone Logan","NYY",5,2,3.2307720748655537,61,0,0,0,0,0,11,2,39,159,33,15,14,7,13,4,0,3,0,50,"Boone Logan",5525,457429
"Casey Janssen","TOR",4,1,2.5632912630149387,56,0,0,0,0,34,1,2,52.2,210,39,17,15,3,13,1,2,0,0,50,"Casey Janssen",7355,445163
"Kevin Siegrist","STL",3,1,0.4537817162567917,45,0,0,0,0,0,11,0,39.2,152,17,2,2,1,18,1,1,0,0,50,"Kevin Siegrist",8180,543779
"Chad Qualls","MIA",5,2,2.612904190397271,66,0,0,0,0,0,15,2,62,252,57,18,18,4,19,7,2,1,0,49,"Chad Qualls",2170,430589
"Ronald Belisario","LAD",5,7,3.9705891262703226,77,0,0,0,0,1,21,4,68,300,72,34,30,3,28,10,5,3,0,49,"Ronald Belisario",2203,430613
"Ryan Pressly","MIN",3,3,3.873913557488955,49,0,0,0,0,0,1,0,76.2,315,71,37,33,5,27,1,0,7,0,49,"Ryan Pressly",7005,519151
"Nick Vincent","SDP",6,3,2.1366914097899383,45,0,0,0,0,1,10,0,46.1,180,33,11,11,1,11,3,2,0,0,49,"Nick Vincent",7555,543883
"Paul Clemens","HOU",4,7,5.400001076785216,35,5,2,0,0,0,7,2,73.1,323,82,48,44,16,26,1,2,2,0,49,"Paul Clemens",8037,518560
"Kevin Gausman","BAL",3,5,5.664336193196134,20,5,1,0,0,0,2,2,47.2,201,51,30,30,8,13,2,0,4,0,49,"Kevin Gausman",14107,592332
"Jason Frasor","TEX",4,3,2.5714295723699347,61,0,0,0,0,0,10,1,49,200,36,15,14,4,20,3,0,2,0,48,"Jason Frasor",1906,430630
"Wilton Lopez","COL",3,4,4.061948411027774,75,0,0,0,0,0,8,5,75.1,321,88,35,34,6,18,4,1,0,3,48,"Wilton Lopez",4227,446641
"Andrew Miller","BOS",1,2,2.641304731143726,37,0,0,0,0,0,6,1,30.2,135,25,12,9,3,17,0,2,2,0,48,"Andrew Miller",6785,453192
"Tyler Thornburg","MIL",3,1,2.025000019311905,18,7,7,0,0,0,0,0,66.2,270,53,17,15,1,26,2,3,2,1,48,"Tyler Thornburg",10688,592804
"Ethan Martin","PHI",2,5,6.075000579357202,15,8,1,0,0,0,0,1,40,190,42,27,27,9,26,2,1,1,1,47,"Ethan Martin",3877,543495
"Yusmeiro Petit","SFG",4,1,3.5624998584389744,8,7,4,1,1,0,0,0,48,196,46,19,19,4,11,1,0,0,0,47,"Yusmeiro Petit",4020,433589
"Antonio Bastardo","PHI",3,2,2.3203132606579624,48,0,0,0,0,2,14,3,42.2,179,33,12,11,2,21,1,1,4,0,47,"Antonio Bastardo",8844,455374
"George Kontos","SFG",2,2,4.391568485271653,52,0,0,0,0,0,5,1,55.1,238,60,30,27,7,18,2,2,1,0,47,"George Kontos",9486,502004
"Brandon Workman","BOS",6,3,4.968001212890921,20,3,3,0,0,0,1,1,41.2,180,44,23,23,5,15,1,0,1,0,47,"Brandon Workman",11428,519443
"Freddy Garcia","- - -",4,7,4.369294104399903,17,13,7,0,0,0,0,0,80.1,331,83,40,39,18,17,0,1,1,0,46,"Freddy Garcia",1077,150119
"Wandy Rodriguez","PIT",6,4,3.5904252405024395,12,12,7,0,0,0,0,0,62.2,260,58,26,25,10,12,1,4,1,1,46,"Wandy Rodriguez",2586,434643
"Edward Mujica","STL",2,1,2.783506249302441,65,0,0,0,0,37,5,4,64.2,255,60,20,20,9,5,1,1,0,1,46,"Edward Mujica",3970,465629
"Matt Lindstrom","CHW",2,4,3.115385529557897,76,0,0,0,0,0,20,4,60.2,260,64,23,21,2,23,1,1,6,0,46,"Matt Lindstrom",4604,434637
"Jesse Crain","CHW",2,3,0.7363637640456744,38,0,0,0,0,0,19,1,36.2,152,31,6,3,0,11,1,1,0,0,46,"Jesse Crain",4817,430884
"Vin Mazzaro","PIT",8,2,2.8099554301710867,57,0,0,0,0,1,6,2,73.2,304,68,23,23,3,21,3,3,5,1,46,"Vin Mazzaro",5231,476570
"Brett Anderson","OAK",1,4,6.0447772379363345,16,5,2,0,0,3,1,0,44.2,200,51,32,30,5,21,1,0,0,0,46,"Brett Anderson",8223,474463
"Huston Street","SDP",2,5,2.7000003029318758,58,0,0,0,0,33,0,2,56.2,222,44,17,17,12,14,1,0,4,0,46,"Huston Street",8258,434718
"Burch Smith","SDP",1,3,6.440367535964505,10,7,2,0,0,0,0,0,36.1,167,39,26,26,9,21,1,0,0,0,46,"Burch Smith",12784,572143
"Josh Roenicke","MIN",3,1,4.354840049386809,63,0,0,0,0,1,12,2,62,282,63,31,30,6,36,5,1,7,0,45,"Josh Roenicke",3241,502158
"Juan Gutierrez","- - -",1,5,4.22891590560292,53,0,0,0,0,0,4,1,55.1,236,56,29,26,5,20,2,1,3,0,45,"Juan Gutierrez",3265,434641
"Brett Oberholtzer","HOU",4,5,2.762791016301738,13,10,7,2,1,0,0,0,71.2,293,66,26,22,7,13,0,1,0,0,45,"Brett Oberholtzer",3855,519085
"Stephen Fife","LAD",4,4,3.7028574657206916,12,10,4,0,0,0,0,0,58.1,258,69,28,24,7,20,2,5,6,0,45,"Stephen Fife",8077,543155
"Ross Ohlendorf","WSN",4,1,3.2817679212183672,16,7,3,0,0,0,1,1,60.1,247,56,22,22,8,14,1,1,1,0,45,"Ross Ohlendorf",8268,456027
"Tom Wilhelmsen","SEA",0,3,4.1186451329752085,59,0,0,0,0,24,2,5,59,251,45,28,27,2,33,5,1,6,0,45,"Tom Wilhelmsen",9975,452666
"Jake Westbrook","STL",7,8,4.628571226781737,21,19,10,1,1,0,0,0,116.2,523,132,69,60,7,50,3,10,1,0,44,"Jake Westbrook",412,150414
"Héctor Rondón","CHC",2,1,4.774390799172425,45,0,0,0,0,0,2,1,54.2,242,52,29,29,6,25,5,3,4,0,44,"Hector Rondon",2391,444468
"Brad Ziegler","ARI",8,1,2.2191783141231083,78,0,0,0,0,13,11,2,73,297,61,20,18,3,22,6,3,0,0,44,"Brad Ziegler",7293,446899
"Bobby Parnell","NYM",5,5,2.1600006591798886,49,0,0,0,0,22,0,4,50,198,38,17,12,1,12,3,1,1,0,44,"Bobby Parnell",9926,458730
"Aaron Crow","KCR",7,5,3.375001072883947,57,0,0,0,0,1,19,3,48,210,49,19,18,6,22,3,2,5,0,44,"Aaron Crow",10149,543070
"Anthony Varvaro","ATL",3,1,2.8227277621750853,62,0,0,0,0,1,6,2,73.1,306,68,25,23,3,25,3,1,7,0,43,"Anthony Varvaro",2385,460008
"Chris Withrow","LAD",3,0,2.5961546079649143,26,0,0,0,0,1,4,1,34.2,134,20,10,10,5,13,0,0,2,0,43,"Chris Withrow",7161,519437
"Will Smith","KCR",2,1,3.239999567413388,19,1,0,0,0,0,6,3,33.1,131,24,16,12,6,7,0,1,0,0,43,"Will Smith",8048,519293
"Jaime García","STL",5,2,3.578312841862042,9,9,4,0,0,0,0,0,55.1,234,57,26,22,6,15,0,0,3,0,43,"Jaime Garcia",8137,448802
"Tyler Lyons","STL",2,4,4.754716981132075,12,8,3,0,0,0,0,0,53,223,49,29,28,5,16,0,3,0,0,43,"Tyler Lyons",11334,544928
"Justin De Fratus","PHI",3,3,3.8571443285266493,58,0,0,0,0,0,9,1,46.2,208,45,21,20,3,25,3,5,6,0,42,"Justin De Fratus",4955,518603
"Tony Sipp","ARI",3,2,4.778763804443653,56,0,0,0,0,0,3,2,37.2,175,35,22,20,6,22,2,3,3,1,42,"Tony Sipp",8280,448609
"Troy Patton","BAL",2,0,3.6964303340239075,56,0,0,0,0,0,8,1,56,235,57,25,23,8,16,1,3,0,0,42,"Troy Patton",8368,461856
"Brandon Morrow","TOR",2,3,5.631901972294485,10,10,4,0,0,0,0,0,54.1,242,63,39,34,12,18,1,1,1,0,42,"Brandon Morrow",9346,453344
"Burke Badenhop","MIL",2,3,3.4652415606685434,63,0,0,0,0,1,5,3,62.1,254,62,32,24,6,12,4,0,2,0,42,"Burke Badenhop",9736,488674
"Preston Claiborne","NYY",0,2,4.112583197039997,44,0,0,0,0,0,4,0,50.1,214,51,23,23,7,14,4,2,2,0,42,"Preston Claiborne",10500,502011
"Josh Beckett","LAD",0,5,5.192308301756439,8,8,3,1,0,0,0,0,43.1,195,50,30,25,8,15,2,1,0,0,41,"Josh Beckett",510,277417
"Scott Rice","NYM",4,5,3.70588484767567,73,0,0,0,0,0,17,2,51,213,42,22,21,1,27,4,2,3,1,41,"Scott Rice",2743,446488
"Jake Diekman","PHI",1,4,2.5826095523368346,45,0,0,0,0,0,11,1,38.1,164,34,15,11,1,16,2,0,2,1,41,"Jake Diekman",5003,518617
"José Cisnero","HOU",2,2,4.122136924436505,28,0,0,0,0,0,5,2,43.2,198,49,23,20,5,22,5,1,1,2,41,"Jose Cisnero",6399,542585
"Tyler Cloyd","PHI",2,7,6.563536464926068,13,11,4,0,0,0,0,0,60.1,282,83,45,44,7,25,2,1,3,0,41,"Tyler Cloyd",8536,543031
"Darren Oliver","TOR",3,4,3.8571431574251727,50,0,0,0,0,0,8,3,49,204,47,24,21,6,15,1,2,0,1,40,"Darren Oliver",206,119984
"Travis Blackley","- - -",2,2,4.827817069811535,46,3,1,0,0,0,13,1,50.1,211,46,27,27,12,22,4,1,7,0,40,"Travis Blackley",3234,429715
"Josh Fields","HOU",1,3,4.973686706988037,41,0,0,0,0,5,6,1,38,160,31,21,21,8,18,4,0,0,0,40,"Josh Fields",5070,451661
"Tanner Roark","WSN",7,1,1.5093166807828227,14,5,4,0,0,0,1,0,53.2,204,38,11,9,1,11,0,0,0,0,40,"Tanner Roark",8753,543699
"Robbie Erlin","SDP",3,3,4.1158532755918475,11,9,6,0,0,0,0,0,54.2,227,53,26,25,6,15,0,0,3,0,40,"Robbie Erlin",10354,572362
"Andrew Bailey","BOS",3,1,3.76744119201639,30,0,0,0,0,8,8,5,28.2,116,23,12,12,7,12,0,0,0,0,39,"Andrew Bailey",1368,457732
"Ross Detwiler","WSN",2,7,4.037382601817107,13,13,6,0,0,0,0,0,71.1,316,92,37,32,5,14,2,5,0,0,39,"Ross Detwiler",2859,446321
"Caleb Thielbar","MIN",3,2,1.7608700032947382,49,0,0,0,0,0,1,0,46,171,24,11,9,4,14,4,0,1,0,39,"Caleb Thielbar",10078,573204
"J.J. Putz","ARI",3,1,2.3592239126026704,40,0,0,0,0,6,6,5,34.1,140,26,9,9,4,17,1,0,3,0,38,"J.J. Putz",1795,407816
"Joba Chamberlain","NYY",2,1,4.928573666787678,45,0,0,0,0,1,5,0,42,198,47,23,23,8,26,1,1,3,0,38,"Joba Chamberlain",2692,501955
"Santiago Casilla","SFG",7,2,2.1600011535650694,57,0,0,0,0,2,22,1,50,208,39,14,12,2,25,6,2,8,0,38,"Santiago Casilla",2873,433586
"Luis Avilán","ATL",5,0,1.52307728062023,75,0,0,0,0,0,27,2,65,256,40,12,11,1,22,2,4,3,1,38,"Luis Avilan",2882,501593
"André Rienzo","CHW",2,3,4.821428571428571,10,10,6,0,0,0,0,0,56,250,55,34,30,11,28,0,2,4,0,38,"Andre Rienzo",3507,516589
"John Lannan","PHI",3,6,5.327354624614262,14,14,6,0,0,0,0,0,74.1,332,86,48,44,6,27,1,5,2,0,38,"John Lannan",7080,458709
"Dan Jennings","MIA",2,4,3.7622967289206772,47,0,0,0,0,0,1,2,40.2,171,39,17,17,1,16,2,0,3,0,38,"Dan Jennings",8073,543359
"Scott Downs","- - -",4,4,2.492309191552336,68,0,0,0,0,0,26,4,43.1,189,45,13,12,1,19,2,2,2,0,37,"Scott Downs",773,275933
"Javier López","SFG",4,2,1.8305094214019368,69,0,0,0,0,1,15,0,39.1,161,30,10,8,1,12,5,0,1,0,37,"Javier Lopez",1663,425657
"Raul Valdes","PHI",1,1,7.457143619109251,17,1,0,0,0,0,0,0,35,152,42,29,29,7,8,0,2,1,0,37,"Raul Valdes",1953,447744
"James Russell","CHC",1,6,3.5886098476326866,74,0,0,0,0,0,19,8,52.2,214,46,21,21,7,18,6,1,1,0,37,"James Russell",4089,460701
"Vinnie Pestano","CLE",1,2,4.075471844780107,37,0,0,0,0,6,6,3,35.1,159,37,18,16,6,21,1,1,2,0,37,"Vinnie Pestano",4782,502260
"Darin Downs","DET",0,2,4.839624383179425,29,0,0,0,0,0,4,0,35.1,151,36,20,19,4,11,2,2,2,0,37,"Darin Downs",5903,445153
"Donovan Hand","MIL",1,5,3.6878052554791876,31,7,2,0,0,0,2,1,68.1,286,71,29,28,10,21,1,5,3,0,37,"Donovan Hand",8728,518764
"Bryan Morris","PIT",5,7,3.461538867837626,55,0,0,0,0,0,7,0,65,270,57,25,25,8,28,5,2,6,0,37,"Bryan Morris",10234,457768
"David Aardsma","NYM",2,2,4.310926719016523,43,0,0,0,0,0,4,2,39.2,178,39,20,19,7,19,6,4,1,1,36,"David Aardsma",1902,430911
"Joe Thatcher","- - -",3,2,3.2033919534694557,72,0,0,0,0,0,15,4,39.1,164,40,14,14,4,10,0,1,3,0,36,"Joe Thatcher",4620,491159
"Kevin Jepsen","LAA",1,3,4.500000953674519,45,0,0,0,0,0,8,2,36,164,41,21,18,3,14,4,1,2,0,36,"Kevin Jepsen",6475,448178
"Philip Humber","HOU",0,8,7.902438289136348,17,7,2,0,0,0,0,2,54.2,259,75,48,48,9,20,1,1,5,1,36,"Philip Humber",8586,458950
"Chris Rusin","CHC",2,6,3.93467366853445,13,13,5,0,0,0,0,0,66.1,282,66,30,29,8,24,3,3,1,0,36,"Chris Rusin",9895,543734
"Tyler Skaggs","ARI",2,3,5.120688981590405,7,7,3,0,0,0,0,0,38.2,170,38,23,22,7,15,2,2,2,0,36,"Tyler Skaggs",10190,572140
"Matt Albers","CLE",3,1,3.142857333159512,56,0,0,0,0,0,1,0,63,262,57,25,22,2,23,3,1,6,0,35,"Matt Albers",4300,458006
"Seth Maness","STL",5,2,2.3225815025753525,66,0,0,0,0,1,15,2,62,249,65,17,16,4,13,7,1,2,0,35,"Seth Maness",12235,595307
"Roy Oswalt","COL",0,6,8.628864282654382,9,6,0,0,0,0,1,0,32.1,151,49,31,31,3,9,0,1,1,0,34,"Roy Oswalt",571,400061
"Liam Hendriks","MIN",1,3,6.845071433910662,10,8,2,0,0,0,0,0,47.1,224,67,39,36,10,14,1,3,1,0,34,"Liam Hendriks",3548,521230
"Edgmer Escalona","COL",1,4,5.673915866644088,37,0,0,0,0,0,7,1,46,205,52,32,29,8,14,2,2,2,3,34,"Edgmer Escalona",8574,467850
"Juan Pablo Perez","TOR",1,2,3.6947360261195077,19,0,0,0,0,0,0,1,31.2,131,23,17,13,3,15,0,1,2,0,33,"Juan Pablo Perez",2557,448722
"Craig Breslow","BOS",5,2,1.8100564059633582,61,0,0,0,0,0,13,1,59.2,237,49,16,12,3,18,0,2,2,0,33,"Craig Breslow",4363,444520
"Wade LeBlanc","- - -",1,5,5.399998080514377,17,7,1,0,0,0,0,0,55,259,72,40,33,7,20,3,3,0,0,33,"Wade LeBlanc",5221,453281
"Gonzalez Germen","NYM",1,2,3.932038543698317,29,0,0,0,0,1,1,2,34.1,149,32,15,15,1,16,1,0,2,0,33,"Gonzalez Germen",5876,542674
"Daisuke Matsuzaka","NYM",3,3,4.422413211373532,7,7,3,0,0,0,0,0,38.2,166,32,21,19,4,16,0,5,0,0,33,"Daisuke Matsuzaka",7775,493137
"Neil Wagner","TOR",2,4,3.789474825449941,36,0,0,0,0,0,10,1,38,161,39,17,16,5,13,1,1,3,1,33,"Neil Wagner",8162,474599
"Jarred Cosart","HOU",1,1,1.95,10,10,7,0,0,0,0,0,60,246,46,15,13,3,35,0,0,3,0,33,"Jarred Cosart",10304,543054
"Jon Garland","COL",4,6,5.823529411764706,12,12,4,0,0,0,0,0,68,303,85,45,44,9,23,3,2,4,0,32,"Jon Garland",232,279782
"Jeremy Bonderman","- - -",2,4,5.400000561800929,18,7,3,0,0,0,0,0,55,246,58,36,33,7,27,3,2,3,0,32,"Jeremy Bonderman",1667,425827
"Fernando Abad","WSN",0,3,3.3451333079942867,39,0,0,0,0,0,2,1,37.2,166,42,14,14,3,10,0,1,0,0,32,"Fernando Abad",4994,472551
"Louis Coleman","KCR",3,0,0.6067417030638155,27,0,0,0,0,0,4,0,29.2,110,19,2,2,1,6,1,1,1,0,32,"Louis Coleman",9720,488786
"David Huff","- - -",3,1,5.49557434001085,14,2,0,0,0,0,0,0,37.2,151,33,23,23,7,9,1,1,1,0,31,"David Huff",4257,453307
"Guillermo Moscoso","SFG",2,2,5.100000648498618,13,2,0,0,0,0,0,0,30,128,20,17,17,5,21,3,3,5,0,31,"Guillermo Moscoso",5106,446861
"Alex Sanabia","MIA",3,7,4.8795185208165295,10,10,4,0,0,0,0,0,55.1,251,69,33,30,10,25,3,4,1,0,31,"Alex Sanabia",5350,502253
"Jose Alvarez","DET",1,5,5.818965756439577,14,6,1,0,0,0,2,0,38.2,172,42,26,25,7,16,1,2,0,1,31,"Jose Alvarez",5358,501625
"Brad Brach","SDP",1,0,3.1935497625319167,33,0,0,0,0,0,2,0,31,141,36,15,11,3,19,0,0,4,0,31,"Brad Brach",6627,542960
"Anthony Bass","SDP",0,0,5.357142370574373,24,0,0,0,0,0,0,0,42,193,51,26,25,4,20,4,0,5,0,31,"Anthony Bass",7982,542914
"Nick Hagadone","CLE",0,1,5.457450684299347,36,0,0,0,0,0,2,1,31.1,133,24,21,19,4,21,1,0,3,0,30,"Nick Hagadone",1351,444935
"Matt Thornton","- - -",0,4,3.7384629645719833,60,0,0,0,0,0,19,1,43.1,187,47,20,18,4,15,1,2,2,0,30,"Matt Thornton",1918,407819
"Matt Guerrier","- - -",4,4,4.007814172190381,49,0,0,0,0,0,8,3,42.2,181,43,22,19,3,17,2,1,0,0,30,"Matt Guerrier",2061,407825
"Manny Corpas","COL",1,2,4.536000276855486,31,0,0,0,0,0,3,0,41.2,178,40,21,21,5,16,3,1,3,1,30,"Manny Corpas",2807,466918
"Phil Coke","DET",0,5,5.400001253874697,49,0,0,0,0,1,4,2,38.1,177,43,24,23,3,21,7,0,1,0,30,"Phil Coke",5535,457435
"Bruce Rondón","DET",1,2,3.453490057141975,30,0,0,0,0,1,5,2,28.2,122,28,11,11,2,11,0,0,7,1,30,"Bruce Rondon",5766,541652
"Carlos Carrasco","CLE",1,4,6.750001057556863,15,7,1,0,0,0,0,0,46.2,218,64,36,35,4,18,2,1,2,0,30,"Carlos Carrasco",6632,471911
"Chad Bettis","COL",1,3,5.641790522794035,16,8,1,0,0,0,3,1,44.2,208,55,34,28,6,20,2,2,2,1,30,"Chad Bettis",10587,518452
"Brandon Gomes","TBR",3,1,6.517243736848538,26,0,0,0,0,0,0,0,19.1,83,18,15,14,4,7,3,0,1,0,29,"Brandon Gomes",2267,460156
"Pedro Hernandez","MIN",3,3,6.8294123010734795,14,12,1,0,0,0,0,0,56.2,263,80,43,43,10,23,1,0,1,1,29,"Pedro Hernandez",4578,517060
"Pat Neshek","OAK",2,1,3.3471084932401336,45,0,0,0,0,0,1,0,40.1,177,40,17,15,6,15,2,0,1,0,29,"Pat Neshek",4682,450212
"Donnie Veal","CHW",2,3,4.602275620070219,50,0,0,0,0,0,13,1,29.1,126,26,16,15,3,16,1,0,4,0,29,"Donnie Veal",4741,453264
"Marc Rzepczynski","- - -",0,0,3.228262341992161,38,0,0,0,0,0,6,0,30.2,129,27,13,11,2,10,3,4,0,0,29,"Marc Rzepczynski",6612,519240
"Kyle Gibson","MIN",2,4,6.529411764705882,10,10,2,0,0,0,0,0,51,238,69,38,37,7,20,0,5,4,0,29,"Kyle Gibson",10123,502043
"Taylor Jordan","WSN",1,3,3.6580641560152944,9,9,3,0,0,0,0,0,51.2,220,59,27,21,3,11,0,3,1,0,29,"Taylor Jordan",10466,518863
"Mike Kickham","SFG",0,3,10.164709759881994,12,3,0,0,0,0,0,0,28.1,144,46,34,32,8,10,2,0,2,0,29,"Mike Kickham",11618,592464
"Kyle Farnsworth","- - -",3,1,4.695653030597576,48,0,0,0,0,2,2,1,38.1,162,43,20,20,5,10,0,1,0,1,28,"Kyle Farnsworth",278,150035
"Randy Choate","STL",2,1,2.292454645192927,64,0,0,0,0,0,15,1,35.1,141,26,9,9,0,11,0,2,0,0,28,"Randy Choate",813,329092
"Scott Atchison","NYM",3,3,4.36764901897162,51,0,0,0,0,0,10,0,45.1,194,45,27,22,4,12,0,0,5,0,28,"Scott Atchison",2642,425786
"Brandon League","LAD",6,4,5.30061510958985,58,0,0,0,0,14,2,5,54.1,249,69,37,32,8,15,1,3,9,0,28,"Brandon League",3731,434181
"Sergio Santos","TOR",1,1,1.7532477086909304,29,0,0,0,0,1,8,2,25.2,90,11,5,5,1,4,2,0,1,0,28,"Sergio Santos",4734,435045
"Greg Burke","NYM",0,3,5.6842099556963115,32,0,0,0,0,0,1,0,31.2,156,43,27,20,3,15,2,0,0,0,28,"Greg Burke",6282,457566
"Luke Putkonen","DET",1,3,3.033708320273887,30,0,0,0,0,0,1,0,29.2,127,30,11,10,4,9,0,0,5,0,28,"Luke Putkonen",6736,446367
"Joakim Soria","TEX",1,0,3.802817922999939,26,0,0,0,0,0,6,0,23.2,101,18,10,10,2,14,2,1,2,0,28,"Joakim Soria",6941,465657
"Rafael Betancourt","COL",2,5,4.081395710913699,32,0,0,0,0,16,0,3,28.2,123,26,15,13,2,11,2,0,1,0,27,"Rafael Betancourt",177,429783
"Blake Beavan","SEA",0,2,6.126051107492491,12,2,0,0,0,0,0,0,39.2,174,46,27,27,8,8,0,1,0,0,27,"Blake Beavan",338,518444
"Hector Ambriz","HOU",2,4,5.697250896629345,43,0,0,0,0,2,13,3,36.1,171,50,28,23,8,14,1,1,4,0,27,"Hector Ambriz",559,459932
"Dan Otero","OAK",2,0,1.3846156554815157,33,0,0,0,0,0,8,1,39,159,42,7,6,0,6,1,0,0,0,27,"Dan Otero",7385,519096
"Joe Ortiz","TEX",2,2,4.231343524496934,32,0,0,0,0,0,2,0,44.2,187,46,26,21,5,10,2,0,0,0,27,"Joe Ortiz",7955,517451
"Lucas Luetge","SEA",1,3,4.864866369566954,35,0,0,0,0,0,1,0,37,165,42,22,20,2,16,2,2,4,0,27,"Lucas Luetge",8337,476595
"Jenrry Mejia","NYM",1,2,2.3048783168418603,5,5,3,0,0,0,0,0,27.1,112,28,9,7,2,4,0,0,1,0,27,"Jenrry Mejia",8476,516769
"Matt Magill","LAD",0,2,6.506023348840076,6,6,1,0,0,0,0,0,27.2,137,27,25,20,6,28,1,1,1,0,26,"Matt Magill",3950,543483
"Dustin McGowan","TOR",0,0,2.4545466097642374,25,0,0,0,0,0,6,1,25.2,114,19,11,7,2,12,1,2,3,0,26,"Dustin McGowan",8600,430661
"Gavin Floyd","CHW",0,4,5.178082868247211,5,5,2,0,0,0,0,0,24.1,110,27,15,14,4,12,1,0,1,0,25,"Gavin Floyd",3886,425856
"Brad Lincoln","TOR",1,2,3.978948646609223,22,0,0,0,0,0,0,0,31.2,148,28,17,14,4,22,0,3,2,0,25,"Brad Lincoln",4241,453184
"Jonathan Broxton","CIN",2,2,4.108696248445796,34,0,0,0,0,0,12,3,30.2,133,27,17,14,4,12,2,4,0,0,25,"Jonathan Broxton",4759,455009
"James McDonald","PIT",2,2,5.764044326177412,6,6,2,0,0,0,0,0,29.2,138,29,24,19,1,20,1,3,2,0,25,"James McDonald",5523,457428
"Josh Lueke","TBR",0,2,5.062504375357237,19,0,0,0,0,0,2,0,21.1,99,23,12,12,3,12,1,1,3,0,25,"Josh Lueke",5722,518961
"Vance Worley","MIN",1,5,7.212328013346632,10,10,3,0,0,0,0,0,48.2,234,82,43,39,9,15,1,3,1,0,25,"Vance Worley",6435,474699
"Andrew Albers","MIN",2,5,4.049999227523951,10,10,4,1,1,0,0,0,60,249,64,34,27,6,7,0,2,0,1,25,"Andrew Albers",7853,452027
"Michael Kirkman","TEX",0,2,8.181823856578381,25,0,0,0,0,1,0,1,22,115,36,20,20,2,15,4,0,2,0,25,"Michael Kirkman",9877,457779
"Sandy Rosario","SFG",3,2,3.0240004614258518,43,0,0,0,0,0,6,0,41.2,180,38,15,14,1,20,5,0,2,0,24,"Sandy Rosario",1525,466459
"Clayton Richard","SDP",2,5,7.006328437290584,12,11,2,0,0,0,0,0,52.2,239,65,44,41,13,21,1,0,0,0,24,"Clayton Richard",3551,453385
"Alfredo Aceves","BOS",4,1,4.864865115648482,11,6,2,0,0,0,0,0,37,169,42,21,20,8,22,0,0,0,2,24,"Alfredo Aceves",5164,469686
"Josh Zeid","HOU",0,1,3.903616162235928,25,0,0,0,0,1,6,1,27.2,118,26,12,12,3,12,1,1,2,0,24,"Josh Zeid",6527,473646
"Chaz Roe","ARI",1,0,4.029850975711366,21,0,0,0,0,0,1,2,22.1,95,18,10,10,3,13,3,0,1,0,24,"Chaz Roe",9866,475054
"Brad Boxberger","SDP",0,1,2.8636378532606575,18,0,0,0,0,1,0,0,22,94,19,9,7,3,13,0,0,0,0,24,"Brad Boxberger",10133,502202
"Carlos Martinez","STL",2,1,5.082351116458268,21,1,0,0,0,1,3,0,28.1,124,31,16,16,1,9,1,3,0,0,24,"Carlos Martinez",11682,593372
"Robert Coello","LAA",2,2,3.7058831845189677,16,0,0,0,0,1,0,0,17,73,14,7,7,1,8,0,0,0,0,23,"Robert Coello",1149,445193
"Brandon Lyon","NYM",2,2,4.980584922257358,37,0,0,0,0,0,7,3,34.1,153,43,20,19,3,13,3,0,1,0,23,"Brandon Lyon",1312,407193
"Mike Adams","PHI",1,4,3.960000604248139,28,0,0,0,0,0,8,1,25,107,23,11,11,5,11,0,1,1,0,23,"Mike Adams",1937,430606
"Allen Webster","BOS",1,2,8.604396506130984,8,7,2,0,0,0,0,0,30.1,145,37,30,29,7,18,0,2,1,0,23,"Allen Webster",3993,543903
"Michael Bowden","CHC",1,3,4.300886552852937,34,0,0,0,0,0,0,2,37.2,158,32,18,18,3,15,2,3,4,1,23,"Michael Bowden",4440,476601
"Luis García","PHI",1,1,3.7340436139332103,24,0,0,0,0,0,1,0,31.1,138,27,15,13,3,23,0,1,3,0,23,"Luis Garcia",6984,472610
"Cory Gearrin","ATL",2,1,3.7741951739013557,37,0,0,0,0,1,1,2,31,133,30,13,13,2,16,2,4,3,0,23,"Cory Gearrin",7947,518715
"David Purcey","CHW",1,1,2.131579054359589,24,0,0,0,0,0,0,0,25.1,113,19,7,6,2,17,4,2,5,0,23,"David Purcey",8360,453515
"Brandon Beachy","ATL",2,1,4.5,5,5,4,0,0,0,0,0,30,120,27,17,15,5,4,0,0,2,0,23,"Brandon Beachy",8851,545404
"Matt Reynolds","ARI",0,2,1.9756102615847908,30,0,0,0,0,2,5,1,27.1,111,25,7,6,2,5,1,1,0,0,23,"Matt Reynolds",8887,519186
"Jared Hughes","PIT",2,3,4.781250569969484,29,0,0,0,0,0,3,0,32,148,37,17,17,2,16,1,2,2,0,23,"Jared Hughes",9325,453172
"Luis Ayala","- - -",2,1,3.2727290697344094,39,0,0,0,0,0,10,3,33,143,38,12,12,2,13,2,0,1,0,22,"Luis Ayala",1650,425646
"Danny Duffy","KCR",2,0,1.8493145853030621,5,5,2,0,0,0,0,0,24.1,104,19,5,5,0,14,0,1,2,0,22,"Danny Duffy",3542,518633
"Fernando Salas","STL",0,3,4.500002452306721,27,0,0,0,0,0,2,2,28,118,27,15,14,3,6,1,1,2,0,22,"Fernando Salas",4971,477569
"Jake Odorizzi","TBR",0,1,3.943819802121387,7,4,0,0,0,1,0,0,29.2,122,28,13,13,3,8,0,2,1,0,22,"Jake Odorizzi",6397,543606
"Ryan Mattheus","WSN",0,2,6.367924069967876,37,0,0,0,0,0,6,3,35.1,166,52,26,25,1,15,0,0,4,1,22,"Ryan Mattheus",7169,458919
"Alex Wilson","BOS",1,1,4.879518857212113,26,0,0,0,0,0,1,0,27.2,127,34,16,15,0,14,1,1,1,0,22,"Alex Wilson",9239,543935
"P.J. Walters","MIN",2,5,5.949153888640233,8,8,3,0,0,0,0,0,39.1,183,51,30,26,5,18,0,1,0,0,22,"P.J. Walters",9557,502208
"Ian Krol","WSN",2,1,3.951219971728903,32,0,0,0,0,0,2,1,27.1,117,28,12,12,5,8,1,0,2,0,22,"Ian Krol",10066,571871
"Brandon Cumpton","PIT",2,1,2.054347613132766,6,5,1,0,0,0,0,0,30.2,124,26,8,7,1,5,0,1,1,0,22,"Brandon Cumpton",11366,592238
"Jeremy Affeldt","SFG",1,5,3.7425753882607604,39,0,0,0,0,0,11,4,33.2,146,27,14,14,2,17,5,4,2,0,21,"Jeremy Affeldt",583,346793
"Jeremy Horst","PHI",0,2,6.230771516202602,28,0,0,0,0,0,2,1,26,123,35,19,18,4,12,1,2,0,0,21,"Jeremy Horst",596,456662
"Clayton Mortensen","BOS",1,2,5.340658892901168,24,0,0,0,0,0,0,0,30.1,141,32,19,18,3,16,1,3,1,0,21,"Clayton Mortensen",3166,489150
"Hector Noesí","SEA",0,1,6.585370295820901,12,1,0,0,0,0,0,0,27.1,134,42,21,20,3,12,4,1,2,0,21,"Hector Noesi",3292,456051
"Ross Wolf","TEX",1,3,4.153845710610801,22,3,1,0,0,0,1,0,47.2,207,58,24,22,5,15,1,1,2,0,21,"Ross Wolf",4534,448693
"Franklin Morales","BOS",2,2,4.618423023053003,20,1,0,0,0,0,4,1,25.1,112,24,13,13,2,15,2,3,3,0,21,"Franklin Morales",5088,462985
"Josh Lindblom","TEX",1,3,5.457446365563708,8,5,1,0,0,0,0,0,31.1,137,35,19,19,4,11,2,0,2,0,21,"Josh Lindblom",7882,458676
"James Paxton","SEA",3,0,1.5,4,4,3,0,0,0,0,0,24,94,15,5,4,2,7,2,0,0,0,21,"James Paxton",11828,572020
"Cory Rasmus","- - -",1,1,5.399999683086707,19,0,0,0,0,0,2,1,21.2,103,24,15,13,6,13,2,0,0,1,20,"Cory Rasmus",2413,474284
"Zach Miner","PHI",0,2,4.39534922713783,16,3,0,0,0,0,0,1,28.2,133,33,14,14,4,17,1,2,1,0,20,"Zach Miner",3193,435261
"Steve Johnson","BAL",1,1,7.468085409451968,9,1,0,0,0,0,1,0,15.2,73,14,13,13,2,13,1,0,1,0,20,"Steve Johnson",4053,489002
"Rob Scahill","COL",1,0,5.130001956940443,23,0,0,0,0,0,1,0,33.1,149,40,19,19,5,9,1,4,1,0,20,"Rob Scahill",9286,543746
"Josh Edgin","NYM",1,1,3.767444450706171,34,0,0,0,0,1,3,1,28.2,122,26,12,12,2,12,3,2,0,0,20,"Josh Edgin",10796,572831
"Jose Valverde","DET",0,1,5.586207263960165,20,0,0,0,0,9,0,3,19.1,84,18,12,12,6,6,0,2,0,0,19,"Jose Valverde",1726,407878
"Phillippe Aumont","PHI",1,3,4.189655861304688,22,0,0,0,0,0,1,0,19.1,95,24,11,9,0,13,1,3,2,1,19,"Phillippe Aumont",5362,518418
"B.J. Rosenberg","PHI",2,0,4.576272665855494,22,0,0,0,0,1,2,0,19.2,86,20,10,10,0,9,1,0,2,0,19,"B.J. Rosenberg",7183,543725
"Evan Scribner","OAK",0,0,4.387501673699064,18,0,0,0,0,0,0,0,26.2,114,26,13,13,3,7,0,0,2,0,19,"Evan Scribner",7525,519267
"Drew Pomeranz","COL",0,4,6.230771059115794,8,4,0,0,0,0,0,0,21.2,105,25,15,15,4,19,1,1,0,0,19,"Drew Pomeranz",11426,519141
"Ted Lilly","LAD",0,2,5.086956521739131,5,5,0,0,0,0,0,0,23,109,27,16,13,4,10,0,1,0,0,18,"Ted Lilly",833,150404
"Zack Britton","BAL",2,3,4.9500002065301025,8,7,1,0,0,0,0,0,40,182,52,23,22,4,17,1,1,1,0,18,"Zack Britton",3240,502154
"Zach Duke","- - -",1,2,6.031915367890866,26,1,0,0,0,0,1,0,31.1,142,39,23,21,3,10,3,1,2,0,18,"Zach Duke",3840,435043
"Ramon Troncoso","CHW",1,4,4.500000572204662,29,0,0,0,0,0,1,0,30,137,30,22,15,4,16,1,1,1,0,18,"Ramon Troncoso",4685,470462
"Jeff Manship","COL",0,5,7.043478406895314,11,4,1,0,0,0,0,0,30.2,139,37,25,24,6,12,1,0,0,0,18,"Jeff Manship",6865,453249
"Rob Wooten","MIL",3,1,3.9036150857696903,27,0,0,0,0,0,8,1,27.2,115,27,12,12,1,8,2,1,0,0,18,"Rob Wooten",8532,543942
"Hiram Burgos","MIL",1,2,6.443182516442918,6,6,2,0,0,0,0,0,29.1,139,38,23,21,5,11,0,2,0,0,18,"Hiram Burgos",9412,572744
"Erik Johnson","CHW",3,2,3.253011674420038,5,5,3,0,0,0,0,0,27.2,128,32,16,10,5,11,0,1,2,0,18,"Erik Johnson",12520,605304
"Evan Reed","DET",0,1,4.24285529311903,16,0,0,0,0,0,0,0,23.1,105,28,16,11,2,8,0,1,1,1,17,"Evan Reed",1349,519175
"Drake Britton","BOS",1,1,3.857144959120047,18,0,0,0,0,0,1,2,21,84,21,9,9,1,7,1,0,0,0,17,"Drake Britton",2868,518493
"Michael Roth","LAA",1,1,7.200002832413834,15,1,0,0,0,0,0,0,20,89,24,16,16,0,6,0,1,2,0,17,"Michael Roth",13736,607706
"Curtis Partch","CIN",0,1,6.171428907744757,14,0,0,0,0,0,0,0,23.1,106,17,16,16,8,17,1,4,0,0,16,"Curtis Partch",1333,489197
"Brian Omogrosso","CHW",0,2,9.36735313746407,12,0,0,0,0,0,0,0,16.1,84,28,18,17,2,9,1,1,0,0,16,"Brian Omogrosso",1353,476134
"Chad Durbin","PHI",1,0,9.000003218651969,16,0,0,0,0,0,0,0,16,81,25,17,16,4,9,1,0,0,0,16,"Chad Durbin",1442,239795
"Mitchell Boggs","- - -",0,3,8.10000077247627,27,0,0,0,0,2,1,3,23.1,120,28,23,21,5,20,4,3,1,0,16,"Mitchell Boggs",3344,459939
"Eury De La Rosa","ARI",0,1,7.3636385980723205,19,0,0,0,0,0,2,0,14.2,62,13,13,12,5,5,0,0,1,0,16,"Eury De La Rosa",4055,545001
"Chia-Jen Lo","HOU",0,3,4.18965668797406,19,0,0,0,0,2,1,3,19.1,84,14,9,9,2,13,0,0,1,0,16,"Chia-Jen Lo",5440,547568
"JC Ramírez","PHI",0,1,7.500002980233423,18,0,0,0,0,0,3,0,24,116,30,22,20,6,15,1,0,0,0,16,"JC Ramirez",8302,500724
"Keith Butler","STL",0,0,4.049998841286037,16,0,0,0,0,0,0,0,20,85,13,9,9,0,11,0,1,0,0,16,"Keith Butler",10080,572751
"Jake Dunning","SFG",0,2,2.8421066897074496,29,0,0,0,0,0,2,0,25.1,104,20,8,8,2,11,1,3,1,0,16,"Jake Dunning",10803,572827
"Jose De La Torre","BOS",0,0,6.3529397509093,7,0,0,0,0,0,0,0,11.1,53,10,8,8,2,10,0,1,0,0,15,"Jose De La Torre",787,473265
"Jon Rauch","MIA",1,2,7.560004614260629,15,0,0,0,0,0,1,0,16.2,80,23,14,14,1,7,3,1,1,0,15,"Jon Rauch",1475,400010
"Kameron Loe","- - -",2,3,7.087502069995412,20,1,0,0,0,0,1,0,26.2,127,40,21,21,11,10,2,0,1,0,15,"Kameron Loe",4422,434180
"Jonathan Sánchez","PIT",0,3,11.853664257783038,5,4,0,0,0,0,0,0,13.2,75,25,18,18,7,8,0,2,0,0,15,"Jonathan Sanchez",7507,456043
"Mike Fiers","MIL",1,4,7.253729278299907,11,3,0,0,0,0,0,0,22.1,103,28,20,18,8,6,0,0,1,0,15,"Mike Fiers",7754,571666
"Brad Hand","MIA",1,1,3.048386627876124,7,2,1,0,0,0,0,0,20.2,82,13,7,7,2,8,0,0,1,0,15,"Brad Hand",9111,543272
"Vic Black","- - -",3,0,3.7058829766244847,18,0,0,0,0,1,4,1,17,76,17,7,7,1,6,0,2,4,0,15,"Vic Black",9195,502195
"Chad Jenkins","TOR",1,0,2.70000010299683,10,3,0,0,0,0,0,0,33.1,132,31,13,10,3,6,2,1,0,0,15,"Chad Jenkins",10326,554432
"Kevin Chapman","HOU",1,1,1.7704929104745024,25,0,0,0,0,1,4,3,20.1,87,13,6,4,1,13,2,1,3,0,15,"Kevin Chapman",11240,502087
"Chance Ruffin","SEA",0,2,8.379312549278668,9,0,0,0,0,0,0,1,9.2,49,14,10,9,3,5,1,2,1,0,15,"Chance Ruffin",11745,592704
"Brian Flynn","MIA",0,2,8.5,4,4,0,0,0,0,0,0,18,88,27,17,17,4,13,0,0,3,0,15,"Brian Flynn",12027,543169
"Chien-Ming Wang","TOR",1,2,7.666666666666667,6,6,2,0,0,0,0,0,27,123,40,24,23,5,9,0,0,2,0,14,"Chien-Ming Wang",2074,425426
"Joe Savery","PHI",2,0,3.149999699592619,18,0,0,0,0,0,1,0,20,86,15,11,7,1,11,0,0,0,0,14,"Joe Savery",2835,456045
"Michael Blazek","- - -",0,1,5.711537937793554,18,0,0,0,0,0,0,0,17.1,84,16,12,11,3,13,0,1,0,0,14,"Michael Blazek",9654,518468
"David Hale","ATL",1,0,0.8181818181818182,2,2,1,0,0,0,0,0,11,46,11,1,1,0,1,0,0,0,0,14,"David Hale",9756,571735
"Brooks Raley","CHC",0,0,5.142859945493396,9,0,0,0,0,0,0,0,14,61,11,9,8,2,8,0,2,0,0,14,"Brooks Raley",10061,548384
"Kyuji Fujikawa","CHC",1,1,5.249998748302758,12,0,0,0,0,2,1,1,12,50,11,7,7,1,2,0,2,2,0,14,"Kyuji Fujikawa",14443,493117
"Shawn Camp","CHC",1,1,7.043478844972598,26,0,0,0,0,0,4,3,23,108,34,18,18,7,9,2,0,0,2,13,"Shawn Camp",1855,425861
"Chris Resop","OAK",1,1,5.9999974568695675,18,0,0,0,0,0,0,0,18,87,22,13,12,3,10,1,2,2,0,13,"Chris Resop",3799,434592
"Greg Reynolds","CIN",1,3,5.522726053264538,6,5,2,0,0,0,0,0,29.1,133,38,19,18,5,6,1,4,0,0,13,"Greg Reynolds",5712,453353
"Brian Wilson","LAD",2,1,0.6585367079082038,18,0,0,0,0,0,3,0,13.2,49,8,1,1,0,4,0,0,0,0,13,"Brian Wilson",6485,451216
"Colt Hynes","SDP",0,0,9.00000504886686,22,0,0,0,0,0,1,0,17,84,25,17,17,3,9,2,1,1,0,13,"Colt Hynes",7560,518833
"Buddy Boshers","LAA",0,0,4.6956546076767385,25,0,0,0,0,0,6,0,15.1,63,13,8,8,0,8,1,1,0,0,13,"Buddy Boshers",8490,542953
"Charlie Leesman","CHW",0,0,7.043480159204774,8,1,0,0,0,0,1,0,15.1,77,16,14,12,2,16,0,1,2,0,13,"Charlie Leesman",9124,489056
"Brett Myers","CLE",0,3,8.01562619442138,4,3,1,0,0,0,0,0,21.1,97,29,19,19,10,5,0,0,0,0,12,"Brett Myers",962,408206
"Josh Stinson","BAL",0,0,3.1764702318449323,11,1,0,0,0,0,2,1,17,63,10,7,6,4,3,0,1,0,0,12,"Josh Stinson",3219,502139
"Matt Harrison","TEX",0,2,8.437497485429798,2,2,0,0,0,0,0,0,10.2,51,14,11,10,2,7,2,0,0,0,12,"Matt Harrison",5551,457448
"Henry Alberto Rodriguez","- - -",0,1,4.090909445581388,22,0,0,0,0,0,1,0,22,109,20,12,10,2,20,1,2,2,1,12,"Henry Alberto Rodriguez",6371,469159
"Alex Colomé","TBR",1,1,2.25,3,3,0,0,0,0,0,0,16,71,14,8,4,2,9,0,1,1,0,12,"Alex Colome",6661,517008
"Javy Guerra","LAD",0,0,6.750002816320641,9,0,0,0,0,0,0,0,10.2,55,15,9,8,1,6,0,1,0,0,12,"Javy Guerra",7407,457915
"Matt Langwell","- - -",1,0,5.142859945493396,13,0,0,0,0,0,0,0,14,62,13,8,8,2,7,0,1,0,0,12,"Matt Langwell",8130,543426
"Cole De Vries","MIN",0,2,10.8,4,2,0,0,0,0,0,0,15,76,22,18,18,6,9,0,0,0,0,12,"Cole De Vries",8201,453301
"Erik Davis","WSN",1,0,3.115383815483434,10,0,0,0,0,0,0,0,8.2,38,10,3,3,0,1,0,0,1,0,12,"Erik Davis",8422,458530
"Arquimedes Caminero","MIA",0,0,2.769232394428191,13,0,0,0,0,0,1,1,13,52,10,4,4,2,3,0,1,1,0,12,"Arquimedes Caminero",8992,491708
"Sean O'Sullivan","SDP",0,2,3.96,7,3,2,0,0,0,0,0,25,118,31,12,11,0,14,1,1,0,0,12,"Sean O'Sullivan",9137,457711
"Jeremy Jeffress","TOR",1,0,0.8709675275821003,10,0,0,0,0,0,0,0,10.1,43,8,1,1,1,5,0,0,0,0,12,"Jeremy Jeffress",9490,502026
"Heath Hembree","SFG",0,0,0,9,0,0,0,0,0,0,0,7.2,29,4,0,0,0,2,0,0,0,0,12,"Heath Hembree",11632,592390
"Taijuan Walker","SEA",1,0,3.6,3,3,0,0,0,0,0,0,15,60,11,7,6,0,4,0,0,0,0,12,"Taijuan Walker",11836,592836
"Edgar Gonzalez","- - -",0,1,7.4999996026357225,8,0,0,0,0,0,0,0,18,87,26,16,15,6,8,0,1,0,0,11,"Edgar Gonzalez",1727,429440
"Cesar Jimenez","PHI",1,1,3.7058815213637586,19,0,0,0,0,0,0,0,17,76,14,7,7,1,10,0,1,2,1,11,"Cesar Jimenez",3762,462945
"Eric O'Flaherty","ATL",3,0,2.5000002649095605,19,0,0,0,0,0,12,1,18,70,12,5,5,2,5,1,0,0,0,11,"Eric O'Flaherty",5746,447714
"Collin McHugh","- - -",0,4,10.038461538461538,7,5,0,0,0,0,0,0,26,125,45,29,29,6,5,0,0,0,0,11,"Collin McHugh",7531,543521
"Bobby LaFromboise","SEA",0,1,5.9062508800999645,10,0,0,0,0,0,1,0,10.2,47,12,8,7,0,4,1,0,0,0,11,"Bobby LaFromboise",7758,489039
"Yordano Ventura","KCR",0,1,3.521737670177928,3,3,0,0,0,0,0,0,15.1,64,13,6,6,3,6,0,0,1,0,11,"Yordano Ventura",11855,570649
"Nate Karns","WSN",0,1,7.5,3,3,0,0,0,0,0,0,12,61,17,11,10,5,6,0,1,0,0,11,"Nate Karns",12638,501992
"Trevor Bauer","CLE",1,2,5.2941188350270965,4,4,1,0,0,0,0,0,17,81,15,11,10,3,16,0,1,1,0,11,"Trevor Bauer",12703,545333
"Rhiner Cruz","HOU",0,2,3.375000201165688,20,0,0,0,0,0,1,0,21.1,98,25,9,8,2,11,0,2,1,0,10,"Rhiner Cruz",711,462480
"Sean Marshall","CIN",0,1,1.7419361805199145,16,0,0,0,0,0,7,0,10.1,37,4,3,2,0,2,0,1,2,0,10,"Sean Marshall",5905,445156
"Dellin Betances","NYY",0,0,10.800011329662764,6,0,0,0,0,0,0,0,5,26,9,6,6,1,2,0,0,0,0,10,"Dellin Betances",6216,476454
"Thad Weber","- - -",0,1,2.4,8,0,0,0,0,0,0,0,15,61,12,5,4,2,8,0,0,0,0,10,"Thad Weber",8036,519403
"Steven Wright","BOS",2,0,5.399997425080573,4,1,0,0,0,0,0,0,13.1,59,12,8,8,0,9,0,1,2,0,10,"Steven Wright",8185,453214
"Scott Barnes","CLE",0,1,7.269231302498399,6,0,0,0,0,1,0,0,8.2,38,8,7,7,3,3,0,2,1,0,10,"Scott Barnes",8718,488683
"Jose Ortega","DET",0,2,3.8571433826369397,11,0,0,0,0,0,2,1,11.2,52,10,5,5,2,6,1,1,0,0,10,"Jose Ortega",9651,514639
"Michael Tonkin","MIN",0,0,0.7941176693332243,9,0,0,0,0,0,0,0,11.1,47,9,6,1,0,3,0,0,1,0,10,"Michael Tonkin",10315,543859
"Jake Petricka","CHW",1,1,3.258620903976763,16,0,0,0,0,0,0,1,19.1,85,20,7,7,0,10,1,1,4,0,10,"Jake Petricka",10534,502593
"Daniel Webb","CHW",0,0,3.176471479211549,9,0,0,0,0,0,1,0,11.1,46,9,4,4,0,4,0,0,1,0,10,"Daniel Webb",10558,543900
"Xavier Cedeño","- - -",0,0,6.567566213336385,16,0,0,0,0,0,2,0,12.1,60,15,12,9,0,8,0,2,0,0,9,"Xavier Cedeno",36,458584
"Kris Johnson","PIT",0,2,6.096774381107649,4,1,0,0,0,0,0,0,10.1,46,12,7,7,0,4,1,1,2,0,9,"Kris Johnson",886,453241
"Pedro Feliciano","NYM",0,2,3.97059202194575,25,0,0,0,0,0,5,0,11.1,51,11,5,5,1,6,2,1,1,0,9,"Pedro Feliciano",1601,408230
"Zeke Spruill","ARI",0,2,5.55882508862021,6,2,0,0,0,0,0,0,11.1,55,17,11,7,3,5,0,1,0,0,9,"Zeke Spruill",3873,543809
"Aaron Laffey","- - -",0,0,7.105263380793,5,3,0,0,0,0,0,0,12.2,64,18,10,10,1,10,0,2,0,0,9,"Aaron Laffey",6248,444836
"Stolmy Pimentel","PIT",0,0,1.9285701148372958,5,0,0,0,0,0,1,0,9.1,38,6,4,2,0,2,0,0,2,0,9,"Stolmy Pimentel",6415,516935
"Michael Stutes","PHI",3,1,4.584906815379438,16,0,0,0,0,0,3,0,17.2,75,14,11,9,1,8,1,1,1,0,9,"Michael Stutes",6550,452741
"Vidal Nuño","NYY",1,2,2.25,5,3,2,0,0,0,0,0,20,82,16,5,5,2,6,0,1,0,0,9,"Vidal Nuno",9674,573064
"Johnny Hellweg","MIL",1,4,6.749999300293373,8,7,1,0,0,0,0,0,30.2,162,40,30,23,3,26,0,8,4,0,9,"Johnny Hellweg",10065,518782
"Ramon Ortiz","TOR",1,2,6.039474442064692,7,4,1,0,0,0,0,0,25.1,117,34,17,17,7,11,2,1,2,0,8,"Ramon Ortiz",27,150009
"Derek Lowe","TEX",1,0,8.999996698820885,9,0,0,0,0,0,1,0,13,57,16,13,13,3,3,0,2,0,0,8,"Derek Lowe",199,117955
"Robert Carson","NYM",0,0,8.237292396308716,14,0,0,0,0,0,1,0,19.2,88,21,19,18,9,7,0,1,0,0,8,"Robert Carson",2570,518533
"Jeurys Familia","NYM",0,0,4.218749119900351,9,0,0,0,0,1,0,0,10.2,52,12,5,5,2,9,1,0,3,0,8,"Jeurys Familia",5114,544727
"Sam Freeman","STL",1,0,2.189189414894456,13,0,0,0,0,0,1,0,12.1,50,8,3,3,0,5,0,0,2,0,8,"Sam Freeman",6832,518693
"Matt Daley","NYY",1,0,0,7,0,0,0,0,0,0,0,6,21,2,0,0,0,0,0,1,0,0,8,"Matt Daley",7952,457935
"Jimmy Nelson","MIL",0,0,0.9,4,1,0,0,0,0,0,0,10,37,2,1,1,0,5,0,0,1,0,8,"Jimmy Nelson",10547,519076
"John Gast","STL",2,0,5.108109424722368,3,3,0,0,0,0,0,0,12.1,52,11,7,7,1,5,0,0,0,0,8,"John Gast",11133,518713
"Sean Burnett","LAA",0,0,0.9310348195497913,13,0,0,0,0,0,5,0,9.2,40,9,1,1,1,4,0,0,1,0,7,"Sean Burnett",1886,430634
"Chris Hatcher","MIA",0,1,12.461539375711542,7,0,0,0,0,0,0,0,8.2,44,13,13,12,1,4,1,0,0,0,7,"Chris Hatcher",3299,501822
"Josh Wall","LAD",0,1,18.00000245230572,6,0,0,0,0,0,0,0,7,44,17,14,14,2,6,3,0,0,0,7,"Josh Wall",4436,476205
"John Maine","MIA",0,0,12.272732592813576,4,0,0,0,0,0,0,0,7.1,40,15,10,10,2,5,1,0,1,0,7,"John Maine",4773,429720
"Brett Marshall","NYY",0,0,4.5,3,0,0,0,0,0,0,0,12,54,13,6,6,3,7,0,1,2,0,7,"Brett Marshall",5364,543493
"Ryan Brasier","LAA",0,0,2.0000002119276483,7,0,0,0,0,0,0,0,9,35,7,2,2,1,4,0,0,0,0,7,"Ryan Brasier",5615,518489
"Donnie Joseph","KCR",0,0,0,6,0,0,0,0,0,0,0,5.2,25,4,0,0,0,4,0,0,0,0,7,"Donnie Joseph",6491,548348
"Shairon Martis","MIN",0,1,5.586205059510244,6,0,0,0,0,0,0,0,9.2,39,6,6,6,3,4,0,0,0,0,7,"Shairon Martis",6781,463017
"Mark Lowe","LAA",1,0,9.257138821350612,11,0,0,0,0,0,1,0,11.2,56,11,12,12,1,11,1,0,2,0,7,"Mark Lowe",7416,450275
"Billy Buckner","LAA",1,0,4.673077265891828,7,2,0,0,0,0,0,0,17.1,73,17,9,9,5,7,0,1,2,0,7,"Billy Buckner",8253,434438
"Ryan Reid","PIT",0,0,1.636364629446585,7,0,0,0,0,1,0,1,11,47,9,2,2,1,3,1,2,0,0,7,"Ryan Reid",9385,474256
"Zac Rosscup","CHC",0,0,1.3500005149843273,10,0,0,0,0,0,0,0,6.2,30,3,1,1,1,7,1,0,0,0,7,"Zac Rosscup",9419,573127
"Stephen Pryor","SEA",0,0,0,7,0,0,0,0,0,3,1,7.1,26,3,0,0,0,1,0,0,0,0,7,"Stephen Pryor",10663,543668
"Frank Francisco","NYM",1,0,4.263159392613649,8,0,0,0,0,1,0,0,6.1,26,4,3,3,0,3,0,1,0,0,6,"Frank Francisco",1933,407911
"Barry Enright","LAA",0,2,12.960004943849542,4,2,0,0,0,0,0,0,8.1,43,12,12,12,2,7,0,0,1,0,6,"Barry Enright",2412,446264
"Rubby De La Rosa","BOS",0,2,5.558827895197617,11,0,0,0,0,0,0,0,11.1,53,15,7,7,2,2,0,3,1,0,6,"Rubby De La Rosa",3862,523989
"Mickey Storey","TOR",0,0,6.749995172027226,3,0,0,0,0,0,0,0,4,19,6,3,3,0,1,0,0,0,0,6,"Mickey Storey",4721,493547
"Peter Moylan","LAD",1,0,6.456523880842086,14,0,0,0,0,0,1,0,15.1,70,23,11,11,3,7,1,0,0,0,6,"Peter Moylan",4891,493247
"Brayan Villarreal","- - -",0,2,20.76922772198784,8,0,0,0,0,0,1,0,4.1,29,8,10,10,1,9,0,0,1,0,6,"Brayan Villarreal",5180,500903
"Jorge De Leon","HOU",0,1,5.400002059937309,11,0,0,0,0,0,1,0,10,50,12,7,6,1,7,1,1,2,0,6,"Jorge De Leon",5397,501529
"Jair Jurrjens","BAL",0,0,4.909093196728094,2,1,0,0,0,0,0,0,7.1,31,9,4,4,1,1,0,0,1,0,6,"Jair Jurrjens",5556,457453
"Chad Billingsley","LAD",1,0,3,2,2,2,0,0,0,0,0,12,49,12,4,4,1,5,0,0,0,0,6,"Chad Billingsley",5842,451532
"Scott Baker","CHC",0,0,3.6,3,3,1,0,0,0,0,0,15,57,9,6,6,3,4,0,0,0,0,6,"Scott Baker",6176,435044
"Luis Perez","TOR",0,1,5.400001029968458,6,0,0,0,0,0,0,0,5,21,4,3,3,0,2,0,0,0,0,6,"Luis Perez",6389,469802
"Cesar Cabral","NYY",0,0,2.4545466781653835,8,0,0,0,0,0,1,0,3.2,15,3,1,1,0,1,0,1,2,0,6,"Cesar Cabral",6741,501627
"Tommy Layne","SDP",0,2,2.0769255147206405,14,0,0,0,0,0,0,0,8.2,39,10,4,2,1,5,0,2,1,0,6,"Tommy Layne",7501,518927
"David Martinez","HOU",1,0,7.147054814139639,4,0,0,0,0,0,0,1,11.1,52,16,11,9,1,3,0,0,1,1,6,"David Martinez",8893,451075
"Mauricio Robles","PHI",0,0,1.9285716913184698,3,0,0,0,0,0,0,0,4.2,25,7,3,1,0,3,0,0,2,1,6,"Mauricio Robles",8895,500909
"Simon Castro","CHW",0,1,2.6999987125402867,4,0,0,0,0,0,0,0,6.2,28,5,2,2,1,3,0,1,0,0,6,"Simon Castro",9243,501563
"Pedro Beato","BOS",1,1,3.600002746584127,10,0,0,0,0,0,0,0,10,46,12,5,4,1,2,0,1,0,0,5,"Pedro Beato",1330,474039
"Jose Contreras","PIT",0,0,9.000003433228848,7,0,0,0,0,0,2,0,5,28,7,5,5,1,6,0,0,0,0,5,"Jose Contreras",1660,425747
"Joel Hanrahan","BOS",0,1,9.818183520608992,9,0,0,0,0,4,0,2,7.1,37,10,8,8,4,6,0,0,1,0,5,"Joel Hanrahan",2186,430629
"Eduardo Sanchez","CHC",0,1,5.684213379414899,4,0,0,0,0,0,0,0,6.1,29,5,4,4,1,5,0,0,1,1,5,"Eduardo Sanchez",2966,500674
"Ricky Romero","TOR",0,2,11.045455024262125,4,2,0,0,0,0,0,0,7.1,40,11,9,9,2,8,0,1,1,0,5,"Ricky Romero",3403,460069
"Matt Shoemaker","LAA",0,0,0,1,1,0,0,0,0,0,0,5,19,2,0,0,0,2,0,0,1,0,5,"Matt Shoemaker",4776,533167
"Maikel Cleto","STL",0,0,19.285742531058748,1,0,0,0,0,0,0,0,2.1,15,5,5,5,1,1,0,2,0,0,5,"Maikel Cleto",5529,521055
"Francisley Bueno","KCR",1,0,0,7,0,0,0,0,0,1,0,8.1,31,4,0,0,0,2,1,0,0,0,5,"Francisley Bueno",5980,499107
"Cory Burns","TEX",1,0,3.176471746504523,10,0,0,0,0,0,0,0,11.1,54,12,4,4,1,7,2,1,2,0,5,"Cory Burns",6620,451132
"Charles Brewer","ARI",0,0,3,4,0,0,0,0,0,0,0,6,27,8,2,2,0,2,0,0,0,0,5,"Charles Brewer",9155,502033
"Mike Zagurski","- - -",0,0,17.052627379545257,7,0,0,0,0,0,0,0,6.1,40,11,12,12,1,8,0,2,3,0,5,"Mike Zagurski",9683,489448
"Sam Dyson","MIA",0,2,8.99999746409401,5,1,0,0,0,0,0,0,11,54,16,12,11,2,5,1,1,0,0,5,"Sam Dyson",11710,473879
"Nick Maronde","LAA",0,0,6.750007040806008,10,0,0,0,0,0,2,0,5.1,28,4,6,4,1,8,1,0,1,0,5,"Nick Maronde",12530,543488
"Chang-Yong Lim","CHC",0,0,5.400002059937309,6,0,0,0,0,0,0,0,5,27,6,3,3,0,7,1,1,1,0,5,"Chang-Yong Lim",14445,547939
"Neftalí Feliz","TEX",0,0,0,6,0,0,0,0,0,0,0,4.2,21,5,0,0,0,2,0,1,0,0,4,"Neftali Feliz",18,491703
"Octavio Dotel","DET",0,0,13.499996321542925,6,0,0,0,0,0,0,1,4.2,28,10,7,7,0,4,0,0,0,0,4,"Octavio Dotel",555,136734
"Jairo Asencio","BAL",0,0,7.714286765273879,4,0,0,0,0,0,0,0,2.1,12,3,2,2,1,2,1,0,0,0,4,"Jairo Asencio",3332,446003
"C.C. Lee","CLE",0,0,4.153851486528911,8,0,0,0,0,0,1,0,4.1,22,4,3,2,0,3,0,1,0,0,4,"C.C. Lee",5177,547348
"Alberto Cabrera","CHC",0,0,4.500001430511929,7,0,0,0,0,0,0,0,6,30,7,3,3,0,5,0,1,0,0,4,"Alberto Cabrera",8352,501227
"Zach Putnam","CHC",0,0,18.90000180244463,5,0,0,0,0,0,0,0,3.1,19,9,7,7,1,0,0,0,0,0,4,"Zach Putnam",9080,474029
"Phil Irwin","PIT",0,0,7.714280459349183,1,1,0,0,0,0,0,0,4.2,23,6,5,4,0,4,0,0,0,0,4,"Phil Irwin",9489,572947
"Steve Ames","MIA",0,1,4.499996781351484,4,0,0,0,0,0,0,0,4,19,6,2,2,0,2,1,0,0,0,4,"Steve Ames",9615,571441
"Pedro Villarreal","CIN",0,1,12.705874690552156,2,1,0,0,0,0,0,0,5.2,32,13,8,8,4,3,0,0,0,0,4,"Pedro Villarreal",9904,543881
"José Domínguez","LAD",0,0,2.160000329589894,9,0,0,0,0,0,1,0,8.1,39,11,3,2,0,3,0,1,1,0,4,"Jose Dominguez",11571,523848
"Tim Byrdak","NYM",0,0,7.714295435937171,8,0,0,0,0,0,0,0,4.2,21,5,4,4,2,2,0,0,0,0,3,"Tim Byrdak",1995,136263
"Joe Martinez","CLE",1,0,1.8,2,0,0,0,0,0,0,0,5,19,4,1,1,0,0,0,0,0,0,3,"Joe Martinez",3935,458155
"Kyle Drabek","TOR",0,0,7.714286765273879,3,0,0,0,0,0,0,0,2.1,14,4,2,2,1,2,0,1,0,0,3,"Kyle Drabek",4359,475138
"Kyle McClellan","TEX",0,1,7.714285977032729,7,0,0,0,0,0,1,0,9.1,40,7,8,8,2,5,0,1,1,0,3,"Kyle McClellan",4845,449072
"Pedro Figueroa","OAK",0,0,12.000003814698479,5,0,0,0,0,0,0,0,3,18,6,4,4,2,3,0,0,0,0,3,"Pedro Figueroa",6616,471896
"Deunte Heath","CHW",0,0,11.73912556725976,5,0,0,0,0,0,0,0,7.2,41,8,10,10,2,12,1,0,1,0,3,"Deunte Heath",7371,445177
"Chris Leroux","PIT",0,0,6.75,2,0,0,0,0,0,0,0,4,21,4,3,3,1,6,0,0,0,0,3,"Chris Leroux",7645,460092
"Chris Volstad","COL",0,0,10.799991760260193,6,0,0,0,0,0,1,0,8.1,47,19,10,10,1,1,0,2,0,0,3,"Chris Volstad",9901,458690
"Hisanori Takahashi","CHC",0,0,5.9999942779595585,3,0,0,0,0,0,0,0,3,14,3,2,2,1,2,0,0,0,0,3,"Hisanori Takahashi",10091,538227
"Joe Paterson","ARI",0,0,3.8571433826369397,2,0,0,0,0,0,0,0,2.1,11,2,1,1,0,0,0,3,0,0,2,"Joe Paterson",2565,519110
"Duane Below","MIA",0,1,10.124987930073821,2,0,0,0,0,0,0,0,2.2,15,6,3,3,0,2,1,0,0,0,2,"Duane Below",3124,502102
"Tyler Robertson","MIN",0,0,9.000009655962813,2,0,0,0,0,0,1,0,1,4,1,1,1,1,0,0,0,0,0,2,"Tyler Robertson",3223,502356
"Alex Burnett","- - -",0,0,11.571430147910819,3,0,0,0,0,0,0,0,2.1,14,5,3,3,0,2,0,0,0,0,2,"Alex Burnett",4065,488751
"Victor Marte","STL",0,1,6,4,0,0,0,0,0,0,0,3,17,4,2,2,0,3,1,1,0,0,2,"Victor Marte",5158,469690
"Chris Dwyer","KCR",0,0,0,2,0,0,0,0,0,0,0,3,11,2,0,0,0,1,0,0,0,0,2,"Chris Dwyer",10045,543125
"Edgar Olmos","MIA",0,1,7.200005493168254,5,0,0,0,0,0,0,0,5,24,7,9,4,2,3,1,0,0,0,2,"Edgar Olmos",10174,543607
"Zach Phillips","MIA",0,1,5.400002059937309,3,0,0,0,0,0,0,0,1.2,11,3,1,1,0,3,0,0,0,0,1,"Zach Phillips",99,452061
"Duke Welker","PIT",0,0,0,2,0,0,0,0,0,0,0,1.1,4,0,0,0,0,0,0,0,0,0,1,"Duke Welker",792,444992
"Blake Wood","CLE",0,0,0,2,0,0,0,0,0,0,0,1.1,8,1,0,0,0,3,0,0,0,0,1,"Blake Wood",1345,502028
"Chris Bootcheck","NYY",0,0,9,1,0,0,0,0,0,0,0,1,7,2,1,1,0,2,0,0,0,0,1,"Chris Bootcheck",1842,408052
"Justin Germano","TOR",0,0,9,1,0,0,0,0,0,0,0,2,12,6,2,2,1,0,0,0,0,0,1,"Justin Germano",1938,430683
"Sean Henn","NYM",0,1,3.3750047274000106,4,0,0,0,0,0,0,0,2.2,13,3,1,1,1,3,0,0,0,0,1,"Sean Henn",2147,430675
"Ryan Raburn","CLE",0,0,0,1,0,0,0,0,0,0,0,1,3,0,0,0,0,0,0,0,0,0,1,"Ryan Raburn",2218,430605
"Skip Schumaker","LAD",0,0,0,2,0,0,0,0,0,0,0,2,12,3,0,0,0,3,0,0,0,0,1,"Skip Schumaker",3704,435401
"Dave Bush","TOR",0,0,15,1,0,0,0,0,0,0,0,3,15,5,5,5,4,1,0,0,0,0,1,"Dave Bush",4635,433657
"David Murphy","TEX",0,0,0,1,0,0,0,0,0,0,0,1,4,1,0,0,0,0,0,0,0,0,1,"David Murphy",6035,461815
"Daniel Bard","BOS",0,0,9,2,0,0,0,0,0,0,0,1,6,1,1,1,0,2,0,0,0,0,1,"Daniel Bard",7115,453268
"Preston Guilmet","CLE",0,0,10.124995172026075,4,0,0,0,0,0,0,0,5.1,28,8,6,6,0,3,0,0,0,0,1,"Preston Guilmet",7303,543258
"Hideki Okajima","OAK",0,0,2.250002279879973,5,0,0,0,0,0,0,0,4,21,7,1,1,1,2,2,0,1,0,1,"Hideki Okajima",7763,506606
"Cody Eppley","NYY",0,0,21.600046863657585,2,0,0,0,0,0,0,0,1.2,8,4,4,4,0,0,0,0,2,0,1,"Cody Eppley",9095,543136
"Zach Clark","BAL",0,0,16.199967942301292,1,0,0,0,0,0,0,0,1.2,10,3,3,3,0,2,0,0,0,0,1,"Zach Clark",9189,503483
"Daniel Stange","LAA",0,1,16.20000617981193,3,0,0,0,0,0,0,0,1.2,9,2,3,3,1,2,0,0,0,0,1,"Daniel Stange",9404,458094
"Casper Wells","- - -",0,1,27.000011265282563,2,0,0,0,0,0,0,0,1.2,12,3,5,5,0,4,1,0,0,0,1,"Casper Wells",9700,489413
"Miles Mikolas","SDP",0,0,0,2,0,0,0,0,0,0,0,1.2,7,0,0,0,0,1,0,1,0,0,1,"Miles Mikolas",9803,571945
"Nick Christiani","CIN",0,0,2.25,3,0,0,0,0,0,0,0,4,16,2,1,1,1,2,0,1,0,0,1,"Nick Christiani",10332,543023
"Onelki Garcia","LAD",0,0,13.500003218651585,3,0,0,0,0,0,0,0,1.1,9,1,2,2,1,4,0,0,0,0,1,"Onelki Garcia",13674,607162
"Jamey Carroll","MIN",0,0,0,1,0,0,0,0,0,0,0,1,3,0,0,0,0,0,0,0,0,0,0,"Jamey Carroll",1591,425206
"Chris Narveson","MIL",0,0,0,2,0,0,0,0,0,0,0,2,8,1,0,0,0,1,0,0,1,0,0,"Chris Narveson",2141,429780
"Eric Surkamp","SFG",0,1,23.624969724604544,1,1,0,0,0,0,0,0,2.2,18,9,7,7,2,0,0,2,0,0,0,"Eric Surkamp",2540,474668
"Enny Romero","TBR",0,0,0,1,1,0,0,0,0,0,0,4.2,18,1,0,0,0,4,0,0,0,0,0,"Enny Romero",4001,544836
"Anthony Recker","NYM",0,0,18,1,0,0,0,0,0,0,0,1,5,1,2,2,1,1,0,0,0,0,0,"Anthony Recker",4063,489232
"Rafael Dolis","CHC",0,0,0,5,0,0,0,0,0,0,0,5,21,3,2,0,0,2,0,0,0,0,0,"Rafael Dolis",4185,503569
"Clay Rapada","CLE",0,0,0,4,0,0,0,0,0,0,0,2,9,1,0,0,0,2,0,0,0,0,0,"Clay Rapada",4831,449060
"Wilmer Font","TEX",0,0,0,2,0,0,0,0,0,0,0,1.1,7,1,0,0,0,2,0,0,0,0,0,"Wilmer Font",5257,521655
"Cristhian Martinez","ATL",0,0,7.714286765273879,2,0,0,0,0,0,0,0,2.1,12,5,2,2,0,0,0,0,0,0,0,"Cristhian Martinez",5337,450852
"Jake Elmore","HOU",0,0,0,1,0,0,0,0,0,0,0,1,3,0,0,0,0,0,0,0,0,0,0,"Jake Elmore",7290,518653
"Jim Miller","NYY",0,0,20.250050090377258,1,0,0,0,0,0,0,0,1.1,8,3,3,3,1,1,0,0,0,0,0,"Jim Miller",7458,461848
"Justin Freeman","CIN",0,0,18,1,0,0,0,0,0,0,0,1,5,2,2,2,1,0,0,0,0,0,0,"Justin Freeman",7568,543178
"David Holmberg","ARI",0,0,7.363629500734405,1,1,0,0,0,0,0,0,3.2,20,6,3,3,0,3,0,0,0,0,0,"David Holmberg",7725,571787
"Ramon E Ramirez","SFG",0,0,11.11765017724042,6,0,0,0,0,0,1,0,5.2,29,9,8,7,2,5,0,0,1,0,0,"Ramon E Ramirez",7986,430673
"Mike Belfiore","BAL",0,0,13.500033393584838,1,0,0,0,0,0,0,0,1.1,7,3,2,2,2,1,0,0,0,0,0,"Mike Belfiore",9324,506988
"Josh Tomlin","CLE",0,0,0,1,0,0,0,0,0,0,0,2,9,2,0,0,0,0,0,0,0,0,0,"Josh Tomlin",9388,458708
"Sean Nolin","TOR",0,1,40.500100180754515,1,1,0,0,0,0,0,0,1.1,11,7,6,6,1,1,0,0,0,0,0,"Sean Nolin",11341,543594