Name,Team,O-Swing%,Z-Swing%,Swing%,O-Contact%,Z-Contact%,Contact%,Zone%,F-Strike%,SwStr%,CStr%,CSW%,NameASCII,PlayerId,MLBAMID
"Eric Gagne","LAD",0.375,0.66666667,0.51612903,0.23809524,0.68571429,0.51785714,0.48387097,0.62264151,0.24884793,0.15668203,0.40552995,"Eric Gagne",650,150378
"Andrew Good","DET",0.29411765,0.65909091,0.5,0.1,0.79310345,0.61538462,0.56410256,0.75,0.19230769,0.19230769,0.38461538,"Andrew Good",1690,425627
"Brad Lidge","HOU",0.30956848,0.68666667,0.50926743,0.26666667,0.72815534,0.59618718,0.52956752,0.62199313,0.20474517,0.16080844,0.3655536,"Brad Lidge",563,400058
"Rudy Seanez","SDP",0.31237721,0.63539446,0.46728016,0.30188679,0.74161074,0.58862144,0.4795501,0.62096774,0.18932528,0.16918429,0.35850957,"Rudy Seanez",1279,121955
"Greg Jones","LAA",0.31818182,0.71428571,0.51162791,0.28571429,0.73333333,0.59090909,0.48837209,0.54166667,0.20930233,0.13953488,0.34883721,"Greg Jones",1782,429983
"Aquilino Lopez","- - -",0.1637931,0.67261905,0.46478873,0.36842105,0.71681416,0.66666667,0.5915493,0.61111111,0.15277778,0.19097222,0.34375,"Aquilino Lopez",1671,425658
"Francisco Liriano","MIN",0.31,0.68902439,0.48076923,0.27419355,0.79646018,0.61142857,0.45054945,0.5483871,0.18681319,0.15659341,0.34340659,"Francisco Liriano",3201,434538
"Kyle Farnsworth","- - -",0.23234201,0.61805556,0.43177738,0.376,0.81179775,0.6985447,0.51705566,0.566787,0.13016158,0.20915619,0.33931777,"Kyle Farnsworth",278,150035
"Scott Williamson","CHC",0.3046875,0.68067227,0.48582996,0.15384615,0.81481481,0.6,0.48178138,0.63076923,0.19354839,0.14516129,0.33870968,"Scott Williamson",361,150182
"Michael Wuertz","CHC",0.27571429,0.62562396,0.43735588,0.25906736,0.77393617,0.59929701,0.46195234,0.53918495,0.17168675,0.1626506,0.33433735,"Michael Wuertz",1856,430900
"Scott Sauerbeck","CLE",0.15267176,0.55228758,0.36795775,0.3,0.85798817,0.75119617,0.53873239,0.55414013,0.09043478,0.24173913,0.33217391,"Scott Sauerbeck",1007,150261
"B.J. Ryan","BAL",0.24916388,0.65203762,0.45711974,0.53020134,0.77884615,0.71327434,0.51618123,0.62413793,0.13032985,0.19871279,0.32904264,"B.J. Ryan",168,124805
"Francisco Rodríguez","LAA",0.24014337,0.57777778,0.40619308,0.26865672,0.875,0.69282511,0.49180328,0.56272401,0.12364621,0.20487365,0.32851986,"Francisco Rodriguez",1642,408061
"Justin Duchscherer","OAK",0.2519685,0.55539359,0.40953823,0.56875,0.87664042,0.78558226,0.51930356,0.65680473,0.08689139,0.24044944,0.32734082,"Justin Duchscherer",910,407113
"Billy Wagner","PHI",0.24063116,0.70735294,0.50800337,0.29508197,0.78586279,0.68656716,0.57287279,0.63299663,0.158159,0.16401674,0.32217573,"Billy Wagner",578,123790
"Randy Flores","STL",0.21452145,0.66939891,0.46337818,0.23076923,0.81632653,0.69354839,0.5470852,0.62643678,0.14200299,0.1793722,0.32137519,"Randy Flores",1446,420864
"Aaron Rakers","BAL",0.24705882,0.63809524,0.46315789,0.23809524,0.88059701,0.72727273,0.55263158,0.6,0.12631579,0.19473684,0.32105263,"Aaron Rakers",2638,433258
"Yorman Bazardo","FLA",0.13043478,0.625,0.38297872,0,0.8,0.66666667,0.5106383,0.33333333,0.12765957,0.19148936,0.31914894,"Yorman Bazardo",3143,434590
"Joe Nathan","MIN",0.30677966,0.67088608,0.48293963,0.4198895,0.79784367,0.67391304,0.48381452,0.63768116,0.15693112,0.16216216,0.31909329,"Joe Nathan",1122,150274
"Fernando Cabrera","CLE",0.29716981,0.65581395,0.47775176,0.38095238,0.86524823,0.71568627,0.50351288,0.66129032,0.13457077,0.18329466,0.31786543,"Fernando Cabrera",2105,425507
"Pedro Martínez","NYM",0.23125997,0.64679415,0.47493404,0.46896552,0.83130435,0.75833333,0.58641161,0.63226572,0.11432326,0.20335085,0.31767411,"Pedro Martinez",200,118377
"Brian Fuentes","COL",0.21217105,0.65406162,0.45083207,0.34108527,0.80085653,0.70134228,0.54009077,0.60124611,0.13303438,0.1838565,0.31689088,"Brian Fuentes",429,150118
"Craig Dingman","DET",0.20737327,0.624,0.43040685,0.6,0.8525641,0.7960199,0.53533191,0.65625,0.08742004,0.22814499,0.31556503,"Craig Dingman",318,276374
"Jeff Nelson","SEA",0.23652695,0.56756757,0.39206349,0.43037975,0.86309524,0.72469636,0.46984127,0.48795181,0.10759494,0.2056962,0.31329114,"Jeff Nelson",1092,119704
"Jorge Vasquez","ATL",0.25,0.67605634,0.43558282,0.26086957,0.77083333,0.6056338,0.43558282,0.4047619,0.17177914,0.14110429,0.31288344,"Jorge Vasquez",2221,430655
"Kelvim Escobar","LAA",0.17941953,0.67261905,0.46092865,0.39705882,0.78171091,0.71744472,0.57078143,0.58677686,0.12892377,0.1838565,0.31278027,"Kelvim Escobar",1298,113898
"Buddy Carlyle","LAD",0.16161616,0.55797101,0.39240506,0.5,0.8961039,0.82795699,0.58227848,0.59677419,0.06751055,0.24472574,0.31223629,"Buddy Carlyle",2010,234194
"Matt Wise","MIL",0.19205298,0.66031196,0.45436893,0.40229885,0.79527559,0.72222222,0.56019417,0.54580153,0.12345679,0.18803419,0.31149098,"Matt Wise",42,277184
"George Sherrill","SEA",0.3,0.64864865,0.45731707,0.5,0.8125,0.7,0.45121951,0.49350649,0.13473054,0.17664671,0.31137725,"George Sherrill",6291,430941
"Colter Bean","NYY",0.14285714,0.5,0.33333333,1,0.83333333,0.86666667,0.53333333,0.66666667,0.04444444,0.26666667,0.31111111,"Colter Bean",2246,430841
"Brandon Medders","ARI",0.26337449,0.6212766,0.43933054,0.484375,0.82191781,0.71904762,0.4916318,0.57377049,0.12317328,0.18580376,0.30897704,"Brandon Medders",8604,430665
"Chuck James","ATL",0.19565217,0.66666667,0.42857143,0.66666667,0.66666667,0.66666667,0.49450549,0.52173913,0.14285714,0.16483516,0.30769231,"Chuck James",4886,460580
"Ugueth Urbina","- - -",0.21029412,0.70548862,0.46951647,0.48951049,0.72865275,0.67761194,0.52347582,0.60909091,0.14968815,0.15661816,0.30630631,"Ugueth Urbina",216,123584
"Dan Wheeler","HOU",0.2037037,0.64751553,0.46933086,0.34090909,0.882494,0.78811881,0.59851301,0.65972222,0.0985267,0.20718232,0.30570902,"Dan Wheeler",120,235095
"Kerry Wood","CHC",0.19126819,0.6915078,0.46408318,0.23913043,0.80952381,0.70264766,0.54536862,0.54212454,0.13799622,0.16729679,0.30529301,"Kerry Wood",304,134268
"Huston Street","OAK",0.2993311,0.68347826,0.48763853,0.51396648,0.81679389,0.72202797,0.49019608,0.59150327,0.13406408,0.17116358,0.30522766,"Huston Street",8258,434718
"Jeff Bajenaru","CHW",0.2826087,0.69565217,0.42028986,0.69230769,0.875,0.79310345,0.33333333,0.38888889,0.08695652,0.2173913,0.30434783,"Jeff Bajenaru",2920,434117
"Jose Valverde","ARI",0.25447316,0.71501706,0.50229568,0.578125,0.75417661,0.71297989,0.53810836,0.58208955,0.14364135,0.16010979,0.30375114,"Jose Valverde",1726,407878
"Brian Bruney","ARI",0.16629712,0.61934156,0.40128068,0.4,0.81063123,0.7287234,0.51867663,0.5173913,0.10770855,0.19535375,0.3030623,"Brian Bruney",1929,430663
"Jake Peavy","SDP",0.26006826,0.66864961,0.47838525,0.47506562,0.8247331,0.73621262,0.53432931,0.61206897,0.1257523,0.17675008,0.30250238,"Jake Peavy",1051,408241
"Ryan Dempster","CHC",0.21292776,0.63026316,0.41768883,0.29166667,0.83924843,0.69706337,0.49063912,0.55112219,0.1247613,0.17759389,0.30235519,"Ryan Dempster",517,133225
"Félix Hernández","SEA",0.2270364,0.653125,0.45110929,0.36641221,0.88755981,0.76320583,0.52588332,0.59756098,0.10673235,0.19458128,0.30131363,"Felix Hernandez",4772,433587
"Joel Peralta","LAA",0.22857143,0.64217252,0.44688027,0.453125,0.86069652,0.76226415,0.52782462,0.5862069,0.10413223,0.19669421,0.30082645,"Joel Peralta",2332,407908
"Kevin Walker","CHW",0.20689655,0.52459016,0.3697479,0.33333333,0.96875,0.79545455,0.51260504,0.51428571,0.07317073,0.22764228,0.30081301,"Kevin Walker",1060,276526
"Macay McBride","ATL",0.21276596,0.68484848,0.46732026,0.23333333,0.84955752,0.72027972,0.53921569,0.52941176,0.13071895,0.16993464,0.30065359,"Macay McBride",3475,434680
"Michael Gonzalez","PIT",0.26579926,0.63009404,0.40140023,0.45454545,0.85572139,0.68895349,0.3722287,0.53301887,0.12412993,0.17633411,0.30046404,"Michael Gonzalez",1794,283166
"Chris Hammond","SDP",0.27738928,0.66447368,0.47683616,0.54621849,0.82178218,0.74407583,0.51525424,0.64876033,0.1220339,0.17740113,0.29943503,"Chris Hammond",92,115391
"Kelly Wunsch","LAD",0.17021277,0.5959596,0.38860104,0.28125,0.84745763,0.72666667,0.51295337,0.59047619,0.10485934,0.1943734,0.29923274,"Kelly Wunsch",259,279823
"Al Reyes","STL",0.19189765,0.65156794,0.44487057,0.43333333,0.82352941,0.74784483,0.55033557,0.54918033,0.11111111,0.18803419,0.2991453,"Al Reyes",1005,121099
"Trevor Hoffman","SDP",0.24022346,0.68565401,0.49399038,0.45348837,0.84307692,0.76155718,0.56971154,0.6875,0.11722488,0.18181818,0.29904306,"Trevor Hoffman",1035,116034
"Juan Rincon","MIN",0.29955947,0.68580542,0.48470948,0.56372549,0.80232558,0.72555205,0.4793578,0.62695925,0.1317184,0.1672975,0.2990159,"Juan Rincon",752,346799
"John Parrish","BAL",0.1959799,0.66285714,0.4144385,0.25641026,0.76724138,0.63870968,0.46791444,0.59302326,0.14814815,0.15079365,0.2989418,"John Parrish",160,332292
"Shingo Takatsu","- - -",0.19020173,0.60344828,0.3971223,0.51515152,0.84285714,0.76449275,0.50071942,0.57142857,0.09246088,0.20625889,0.29871977,"Shingo Takatsu",1896,430968
"Ron Villone","- - -",0.20408163,0.62908497,0.42083333,0.475,0.81038961,0.73069307,0.51,0.54006969,0.11230388,0.18579686,0.29810074,"Ron Villone",1010,123725
"Johan Santana","MIN",0.33118557,0.71966292,0.53871549,0.54669261,0.81889149,0.74094708,0.53421369,0.69120879,0.13943028,0.15862069,0.29805097,"Johan Santana",755,276371
"Chris Carpenter","STL",0.23837209,0.65528455,0.46507515,0.40108401,0.87841191,0.76679341,0.54376658,0.63798531,0.10868925,0.18880707,0.29749632,"Chris Carpenter",1292,112020
"Chris Ray","BAL",0.23170732,0.67964072,0.45770393,0.51315789,0.82819383,0.74917492,0.50453172,0.56321839,0.11275964,0.18249258,0.29525223,"Chris Ray",6315,444884
"Scott Dohmann","COL",0.24161074,0.65753425,0.44745763,0.36111111,0.85416667,0.71969697,0.49491525,0.54545455,0.12478921,0.1703204,0.29510961,"Scott Dohmann",1936,430617
"Kiko Calero","OAK",0.26348548,0.64133017,0.43964563,0.56692913,0.81851852,0.73803526,0.4662237,0.51965066,0.11403509,0.18092105,0.29495614,"Kiko Calero",1676,425606
"John Franco","HOU",0.16551724,0.61971831,0.3902439,0.29166667,0.82954545,0.71428571,0.49477352,0.46753247,0.10958904,0.18493151,0.29452055,"John Franco",874,114374
"Jon Rauch","WSN",0.2079646,0.63358779,0.43647541,0.61702128,0.86746988,0.81220657,0.53688525,0.59677419,0.0811359,0.21298174,0.29411765,"Jon Rauch",1475,400010
"Tyler Johnson","STL",0.1875,0.47368421,0.29411765,0.5,0.77777778,0.66666667,0.37254902,0.38461538,0.09803922,0.19607843,0.29411765,"Tyler Johnson",3404,431164
"Rafael Betancourt","CLE",0.22193211,0.72981366,0.54040896,0.44705882,0.81702128,0.76036036,0.62706913,0.66911765,0.12862669,0.16537718,0.29400387,"Rafael Betancourt",177,429783
"Randy Johnson","NYY",0.24693878,0.67746914,0.49209139,0.43801653,0.85725133,0.76666667,0.56942004,0.60434783,0.11441915,0.17921775,0.29363689,"Randy Johnson",60,116615
"Aaron Heilman","NYM",0.24697337,0.69153675,0.47853828,0.43137255,0.79871176,0.70787879,0.52088167,0.60136674,0.13842619,0.15508329,0.29350948,"Aaron Heilman",1751,408310
"Mark Prior","CHC",0.20179739,0.66016362,0.46071809,0.46153846,0.83984747,0.76774691,0.56487736,0.61198288,0.10647329,0.18677043,0.29324372,"Mark Prior",301,407578
"Chris Demaria","KCR",0.20879121,0.6626506,0.42528736,0.36842105,0.8,0.68918919,0.47701149,0.47727273,0.13218391,0.16091954,0.29310345,"Chris Demaria",4361,444518
"Chad Cordero","WSN",0.19433198,0.65774648,0.46760797,0.46875,0.86509636,0.79751332,0.589701,0.63,0.0942928,0.19851117,0.29280397,"Chad Cordero",1816,430101
"Damaso Marte","CHW",0.18636364,0.63495575,0.41367713,0.47560976,0.81533101,0.7398374,0.50672646,0.59624413,0.10596026,0.18653422,0.29249448,"Damaso Marte",247,150122
"Dae-Sung Koo","NYM",0.11290323,0.60887097,0.39631336,0.38095238,0.85430464,0.79651163,0.57142857,0.54716981,0.07990868,0.21232877,0.29223744,"Dae-Sung Koo",8619,435082
"Greg Aquino","ARI",0.2189781,0.62637363,0.42230347,0.35,0.87134503,0.73593074,0.49908592,0.54193548,0.1107078,0.1814882,0.29219601,"Greg Aquino",1899,425628
"Todd Jones","FLA",0.23787529,0.67284992,0.48927875,0.55339806,0.84210526,0.78286853,0.57797271,0.58131488,0.10541586,0.18665377,0.29206963,"Todd Jones",436,116734
"Francisco Cordero","TEX",0.25122349,0.69789984,0.47564935,0.27272727,0.85185185,0.6996587,0.50243506,0.62251656,0.14193548,0.15,0.29193548,"Francisco Cordero",1243,150188
"Matt Miller","CLE",0.24242424,0.63902439,0.44416873,0.35416667,0.8778626,0.73743017,0.50868486,0.51694915,0.11325301,0.17831325,0.29156627,"Matt Miller",1754,285080
"Chad Fox","CHC",0.17894737,0.625,0.38285714,0.47058824,0.76,0.68656716,0.45714286,0.44736842,0.12,0.17142857,0.29142857,"Chad Fox",684,114354
"Hung-Chih Kuo","LAD",0.09259259,0.71014493,0.43902439,0.2,0.7755102,0.72222222,0.56097561,0.65384615,0.11811024,0.17322835,0.29133858,"Hung-Chih Kuo",7016,425539
"Royce Ring","NYM",0.18691589,0.53921569,0.35885167,0.35,0.96363636,0.8,0.48803828,0.58823529,0.07042254,0.22065728,0.29107981,"Royce Ring",4350,429721
"Joey Eischen","WSN",0.20205479,0.55194805,0.38166667,0.40677966,0.91764706,0.7860262,0.51333333,0.48809524,0.07827476,0.21246006,0.29073482,"Joey Eischen",774,113784
"Aaron Fultz","PHI",0.22180451,0.69285714,0.46336996,0.40677966,0.78350515,0.69565217,0.51282051,0.60839161,0.14025501,0.15027322,0.29052823,"Aaron Fultz",1113,150269
"Will Ohman","CHC",0.25388601,0.68181818,0.45799458,0.23469388,0.8625,0.68047337,0.47696477,0.50802139,0.144,0.14533333,0.28933333,"Will Ohman",296,349193
"Erasmo Ramirez","TEX",0.29411765,0.63580247,0.46984127,0.82222222,0.89320388,0.87162162,0.51428571,0.66666667,0.06031746,0.22857143,0.28888889,"Erasmo Ramirez",1699,285063
"Scott Olsen","FLA",0.22807018,0.6984127,0.475,0.33333333,0.84090909,0.7251462,0.525,0.57142857,0.13055556,0.15833333,0.28888889,"Scott Olsen",4529,435179
"Scott Cassidy","- - -",0.11,0.62878788,0.40517241,0.36363636,0.90361446,0.84042553,0.56896552,0.58333333,0.06465517,0.22413793,0.2887931,"Scott Cassidy",1293,407859
"Duaner Sanchez","LAD",0.19148936,0.68436578,0.4605475,0.4537037,0.79525862,0.73076923,0.54589372,0.58356941,0.12183544,0.16693038,0.28876582,"Duaner Sanchez",1518,400093
"Javier Vazquez","ARI",0.25937904,0.68163729,0.48411498,0.49127182,0.84820684,0.75875,0.5322239,0.6460177,0.11619506,0.17248645,0.28868152,"Javier Vazquez",801,134320
"Steve Stemle","KCR",0.29268293,0.57575758,0.41891892,0.66666667,0.92105263,0.82258065,0.44594595,0.62790698,0.0738255,0.2147651,0.2885906,"Steve Stemle",2518,435318
"Ezequiel Astacio","HOU",0.25834543,0.68795356,0.47314949,0.49438202,0.84599156,0.75,0.5,0.59562842,0.11751983,0.17087239,0.28839221,"Ezequiel Astacio",2169,430586
"Scot Shields","LAA",0.18987342,0.63211125,0.42276964,0.54074074,0.852,0.78582677,0.52663116,0.58933333,0.09012591,0.19814447,0.28827038,"Scot Shields",35,276912
"Clint Nageotte","SEA",0.17241379,0.62162162,0.42424242,0.4,0.91304348,0.82142857,0.56060606,0.63157895,0.07575758,0.21212121,0.28787879,"Clint Nageotte",2156,425788
"Jason Bergmann","WSN",0.13013699,0.67222222,0.42944785,0.36842105,0.7768595,0.72142857,0.55214724,0.54117647,0.11818182,0.16969697,0.28787879,"Jason Bergmann",4640,456589
"Scott Linebrink","SDP",0.22440945,0.65640194,0.46133333,0.48245614,0.85679012,0.77456647,0.54844444,0.59027778,0.10290237,0.18469657,0.28759894,"Scott Linebrink",564,276530
"Jason Isringhausen","STL",0.24651163,0.64830508,0.45676275,0.4245283,0.87908497,0.76213592,0.5232816,0.62857143,0.10629067,0.18112798,0.28741866,"Jason Isringhausen",1158,116414
"Fernando Rodney","DET",0.33258427,0.678125,0.47712418,0.61486486,0.77419355,0.70958904,0.41830065,0.54594595,0.13659794,0.1507732,0.28737113,"Fernando Rodney",494,407845
"Jonah Bayliss","KCR",0.16483516,0.65384615,0.42564103,0.4,0.83823529,0.75903614,0.53333333,0.5625,0.1025641,0.18461538,0.28717949,"Jonah Bayliss",4560,435058
"Todd Wellemeyer","CHC",0.12307692,0.71428571,0.44366197,0.375,0.73636364,0.69047619,0.54225352,0.54109589,0.13636364,0.15034965,0.28671329,"Todd Wellemeyer",1709,425487
"Bobby Jenks","CHW",0.26523297,0.71030641,0.51567398,0.43243243,0.83529412,0.74468085,0.56269592,0.67857143,0.12942989,0.15716487,0.28659476,"Bobby Jenks",8645,408057
"Chad Gaudin","TOR",0.26923077,0.65413534,0.44636678,0.52380952,0.87356322,0.75968992,0.46020761,0.67567568,0.10689655,0.17931034,0.2862069,"Chad Gaudin",1783,429985
"Tim Wakefield","BOS",0.21374046,0.6582213,0.46844444,0.58766234,0.85153181,0.8001265,0.57303704,0.58748674,0.09313292,0.19274978,0.2858827,"Tim Wakefield",219,123801
"Mike MacDougal","KCR",0.25502318,0.60665362,0.41018998,0.4969697,0.90645161,0.76421053,0.44127807,0.60067114,0.09630267,0.18916595,0.28546862,"Mike MacDougal",612,213680
"Curt Schilling","BOS",0.28369906,0.68612335,0.52005175,0.53038674,0.88282504,0.80348259,0.58732212,0.6937799,0.10219922,0.18305304,0.28525226,"Curt Schilling",73,121811
"Jay Witasick","- - -",0.26034483,0.65191147,0.44103993,0.40397351,0.87654321,0.72631579,0.46146704,0.55234657,0.11872146,0.16621005,0.28493151,"Jay Witasick",1138,124482
"Scott Downs","TOR",0.18650794,0.62422744,0.41277955,0.34751773,0.8990099,0.77863777,0.51693291,0.58230958,0.09131545,0.19348659,0.28480204,"Scott Downs",773,275933
"Carmen Cali","STL",0.17910448,0.58208955,0.38059701,0.41666667,0.8974359,0.78431373,0.5,0.60606061,0.08029197,0.20437956,0.28467153,"Carmen Cali",2964,434118
"A.J. Burnett","FLA",0.21855542,0.65217391,0.44018265,0.41880342,0.86575342,0.75726141,0.51111111,0.56357388,0.10649272,0.17748786,0.28398058,"A.J. Burnett",512,150359
"Brett Myers","PHI",0.18564845,0.65313464,0.44819625,0.43617021,0.86703383,0.78879588,0.56161616,0.60662983,0.09441566,0.18911917,0.28353483,"Brett Myers",962,408206
"John Smoltz","ATL",0.2705146,0.6854178,0.50290609,0.43187661,0.88605578,0.77858881,0.56011013,0.65735768,0.11036992,0.17313523,0.28350515,"John Smoltz",115,122477
"Justin Speier","TOR",0.2484472,0.68231047,0.48023144,0.60833333,0.84920635,0.79116466,0.53423337,0.64015152,0.09952153,0.18373206,0.28325359,"Justin Speier",451,133221
"Roberto Novoa","CHC",0.25440806,0.66839378,0.45849298,0.33663366,0.86434109,0.71587744,0.49297573,0.48780488,0.12718204,0.15586035,0.28304239,"Roberto Novoa",2217,430604
"Michael Tejera","TEX",0.13043478,0.56666667,0.37735849,0,0.94117647,0.8,0.56603774,0.46153846,0.0754717,0.20754717,0.28301887,"Michael Tejera",542,150373
"Bill Pulsipher","STL",0.07142857,0.6,0.44897959,0,1,0.95454545,0.71428571,0.73684211,0.01886792,0.26415094,0.28301887,"Bill Pulsipher",842,120802
"Chad Qualls","HOU",0.19747899,0.69448819,0.48154815,0.29787234,0.86621315,0.76635514,0.57155716,0.59878419,0.11190689,0.17099373,0.28290063,"Chad Qualls",2170,430589
"Dan Miceli","COL",0.22513089,0.72777778,0.4690027,0.25581395,0.80152672,0.66666667,0.4851752,0.52325581,0.15591398,0.12634409,0.28225806,"Dan Miceli",1463,119023
"Matt Childers","ATL",0.06060606,0.64444444,0.3974359,0.5,0.82758621,0.80645161,0.57692308,0.66666667,0.07692308,0.20512821,0.28205128,"Matt Childers",1563,400002
"Jorge Campillo","SEA",0.27272727,0.64705882,0.43589744,0.66666667,0.72727273,0.70588235,0.43589744,0.66666667,0.12820513,0.15384615,0.28205128,"Jorge Campillo",8686,435658
"Ben Sheets","MIL",0.21989529,0.68219384,0.48906387,0.38571429,0.8876652,0.79338104,0.58223972,0.61769352,0.10052219,0.18146214,0.28198433,"Ben Sheets",710,282656
"Franquelis Osoria","LAD",0.20915033,0.68609865,0.49202128,0.375,0.88888889,0.8,0.59308511,0.60655738,0.09840426,0.18351064,0.28191489,"Franquelis Osoria",2860,434701
"Manny Aybar","NYM",0.23809524,0.72083333,0.50815851,0.37777778,0.83815029,0.74311927,0.55944056,0.57894737,0.12933025,0.15242494,0.2817552,"Manny Aybar",1107,110403
"Scott Atchison","SEA",0.11764706,0.64935065,0.4375,0.33333333,0.9,0.83928571,0.6015625,0.59259259,0.0703125,0.2109375,0.28125,"Scott Atchison",2642,425786
"Troy Percival","DET",0.265625,0.67788462,0.48,0.64705882,0.82978723,0.78125,0.52,0.58878505,0.10268949,0.17848411,0.28117359,"Troy Percival",29,120401
"Julio Santana","MIL",0.27941176,0.72644377,0.49925262,0.35789474,0.83263598,0.69760479,0.49177877,0.61581921,0.14787701,0.13323572,0.28111274,"Julio Santana",496,121690
"John Lackey","LAA",0.22112415,0.6708041,0.46111751,0.43575419,0.86323411,0.76764522,0.53369816,0.65246637,0.10662081,0.17426197,0.28088277,"John Lackey",1507,407793
"Andy Pettitte","HOU",0.24862259,0.67088608,0.47868339,0.45429363,0.87392796,0.77472168,0.54482759,0.62742857,0.1078032,0.17267314,0.28047634,"Andy Pettitte",840,120485
"Franklin Nunez","TBD",0.22,0.58139535,0.38709677,0.45454545,0.92,0.77777778,0.46236559,0.5,0.08602151,0.19354839,0.27956989,"Franklin Nunez",2033,400066
"Nate Robertson","DET",0.24378109,0.6444591,0.45159083,0.52186589,0.88433982,0.79015152,0.51864523,0.59810875,0.09450699,0.18491982,0.27942682,"Nate Robertson",1620,425146
"Derrick Turnbow","MIL",0.30797774,0.72111554,0.50720461,0.48192771,0.82872928,0.71969697,0.48222863,0.5904059,0.14108675,0.13822688,0.27931363,"Derrick Turnbow",1694,276913
"Noah Lowry","SFG",0.22034919,0.64202128,0.4442248,0.58469945,0.84424192,0.78385251,0.53092347,0.59771429,0.09588268,0.18330513,0.27918782,"Noah Lowry",1833,430161
"Greg Maddux","CHC",0.19199346,0.66175668,0.47366699,0.51914894,0.87963726,0.8211326,0.59960746,0.62286325,0.08357535,0.19522427,0.27879961,"Greg Maddux",104,118120
"Lance Cormier","ARI",0.1951567,0.57733538,0.37933579,0.40145985,0.93899204,0.79571984,0.48191882,0.53932584,0.07664234,0.20145985,0.27810219,"Lance Cormier",4346,433578
"Josh Beckett","FLA",0.19488818,0.66903685,0.45694891,0.39754098,0.86086957,0.7724785,0.55269739,0.5994513,0.10370634,0.17426942,0.27797577,"Josh Beckett",510,277417
"Roger Clemens","HOU",0.19621584,0.67633675,0.46122449,0.44285714,0.85281749,0.77467665,0.55196232,0.60381862,0.10334062,0.17389947,0.27724009,"Roger Clemens",815,112388
"Joey Devine","ATL",0.1025641,0.71929825,0.46875,0.5,0.75609756,0.73333333,0.59375,0.65384615,0.11881188,0.15841584,0.27722772,"Joey Devine",9862,457733
"Ryan Madson","PHI",0.19338843,0.70430108,0.47516679,0.37606838,0.82633588,0.74414977,0.55151964,0.55068493,0.11944647,0.15731974,0.27676621,"Ryan Madson",1852,425492
"Jaime Cerda","KCR",0.24786325,0.59868421,0.38601036,0.75862069,0.87912088,0.83221477,0.39378238,0.57303371,0.06345178,0.21319797,0.27664975,"Jaime Cerda",1532,407881
"Travis Smith","FLA",0.18681319,0.64516129,0.41847826,0.52941176,0.85,0.77922078,0.50543478,0.5,0.09042553,0.18617021,0.27659574,"Travis Smith",1522,134000
"Jae Weong Seo","NYM",0.18231047,0.67817509,0.47692308,0.41584158,0.88909091,0.8156682,0.59413919,0.64738292,0.08778347,0.18873446,0.27651792,"Jae Weong Seo",895,150242
"Tim Worrell","- - -",0.22093023,0.64908257,0.46025641,0.61842105,0.8869258,0.83008357,0.55897436,0.60454545,0.07731305,0.19898606,0.27629911,"Tim Worrell",1139,124580
"Blaine Boyer","ATL",0.19322034,0.65123457,0.43295638,0.47368421,0.85781991,0.7761194,0.52342488,0.59493671,0.09693053,0.17932149,0.27625202,"Blaine Boyer",2237,430641
"Elizardo Ramirez","CIN",0.3377193,0.57553957,0.42779292,0.81818182,0.825,0.82165605,0.37874659,0.62727273,0.07506702,0.20107239,0.27613941,"Elizardo Ramirez",1946,430579
"Cliff Politte","CHW",0.28309572,0.70058708,0.49600798,0.53956835,0.82960894,0.74849095,0.50998004,0.57251908,0.12278978,0.15324165,0.27603143,"Cliff Politte",967,131700
"Mike Johnston","PIT",0.23076923,0.75,0.51724138,0.33333333,0.83333333,0.73333333,0.55172414,0.57142857,0.13793103,0.13793103,0.27586207,"Mike Johnston",1868,430635
"Mark Woodyard","DET",0.23404255,0.625,0.4137931,0.72727273,1,0.91666667,0.45977011,0.68181818,0.03448276,0.24137931,0.27586207,"Mark Woodyard",3094,434589
"Rich Hill","CHC",0.2,0.60557769,0.41613588,0.61363636,0.89473684,0.83163265,0.5329087,0.59130435,0.06947368,0.20631579,0.27578947,"Rich Hill",4806,448179
"Jeff Weaver","LAD",0.20267417,0.64579055,0.45888988,0.59027778,0.88712242,0.83182406,0.57821312,0.65591398,0.07705987,0.19857736,0.27563723,"Jeff Weaver",503,213711
"Eric DuBose","BAL",0.17692308,0.66023166,0.41811175,0.47826087,0.8128655,0.74193548,0.49903661,0.51111111,0.10789981,0.16763006,0.27552987,"Eric DuBose",1633,276511
"Matt Morris","STL",0.22222222,0.65419433,0.47223192,0.51119403,0.90867159,0.82988166,0.57876353,0.63447433,0.08,0.19547826,0.27547826,"Matt Morris",1172,119403
"Armando Benitez","SFG",0.13445378,0.63013699,0.40754717,0.46875,0.88043478,0.81944444,0.5509434,0.56692913,0.07358491,0.20188679,0.2754717,"Armando Benitez",865,110859
"Ryan Wagner","CIN",0.27205882,0.69747899,0.47058824,0.48648649,0.84738956,0.73611111,0.46666667,0.63333333,0.12402089,0.15143603,0.27545692,"Ryan Wagner",1770,429842
"Tim Byrdak","BAL",0.23021583,0.65652174,0.42322835,0.46875,0.86754967,0.74883721,0.45275591,0.58015267,0.10546875,0.16992188,0.27539063,"Tim Byrdak",1995,136263
"Scott Strickland","HOU",0.25,0.72972973,0.50724638,0.25,0.88888889,0.74285714,0.53623188,0.75,0.13043478,0.14492754,0.27536232,"Scott Strickland",897,232994
"John Grabow","PIT",0.25685786,0.70212766,0.47232947,0.48543689,0.8219697,0.72752044,0.48391248,0.58108108,0.12738854,0.1477707,0.27515924,"John Grabow",1848,346848
"Arthur Rhodes","CLE",0.2539185,0.68292683,0.48401163,0.51851852,0.87698413,0.78978979,0.53633721,0.65714286,0.10057471,0.17385057,0.27442529,"Arthur Rhodes",1097,121125
"Carlos Zambrano","CHC",0.17164179,0.6689015,0.44347336,0.40217391,0.85967618,0.77940242,0.54665915,0.57535754,0.09741718,0.17686693,0.27428411,"Carlos Zambrano",305,407296
"Vic Darensbourg","DET",0.23664122,0.62244898,0.46788991,0.58064516,0.92622951,0.85620915,0.59938838,0.61458333,0.06626506,0.20783133,0.27409639,"Vic Darensbourg",516,133240
"Rich Harden","OAK",0.26436782,0.705,0.48952478,0.49011858,0.83687943,0.74530271,0.5109862,0.55642023,0.12442631,0.14941356,0.27383988,"Rich Harden",1772,425848
"Roy Halladay","TOR",0.21501272,0.68934646,0.49343142,0.49704142,0.86753247,0.80085197,0.58696795,0.64918626,0.09785453,0.17582418,0.2736787,"Roy Halladay",1303,136880
"Mike Mussina","NYY",0.24461432,0.65535248,0.45641198,0.52556818,0.89442231,0.79867257,0.5156513,0.6383812,0.09167226,0.18200134,0.27367361,"Mike Mussina",837,119608
"Brian Shouse","TEX",0.24434389,0.62564103,0.42307692,0.58333333,0.9057377,0.80681818,0.46875,0.55364807,0.08018868,0.19339623,0.27358491,"Brian Shouse",630,122195
"Eddie Guardado","SEA",0.27518428,0.71289063,0.51904244,0.67857143,0.81917808,0.78616352,0.55712731,0.66386555,0.10955961,0.16326531,0.27282492,"Eddie Guardado",727,115216
"John Patterson","WSN",0.19808542,0.68971332,0.47688875,0.44609665,0.85493073,0.78141711,0.56710233,0.59608323,0.10286254,0.16986474,0.27272727,"John Patterson",71,279568
"Tyler Walker","SFG",0.27047619,0.66666667,0.46334311,0.41549296,0.89759036,0.75316456,0.48680352,0.5483871,0.11185468,0.16061185,0.27246654,"Tyler Walker",901,400104
"Luis Vizcaino","CHW",0.24558304,0.68869565,0.46888694,0.48920863,0.8459596,0.75327103,0.50394391,0.55409836,0.11340206,0.15893471,0.27233677,"Luis Vizcaino",714,150430
"Ryan Glynn","OAK",0.20496894,0.63636364,0.43026706,0.6969697,0.82142857,0.79310345,0.52225519,0.6097561,0.0887574,0.18343195,0.27218935,"Ryan Glynn",686,150281
"J.P. Howell","KCR",0.21030641,0.61335677,0.38850039,0.50993377,0.91404011,0.792,0.44211344,0.54573171,0.08080808,0.19114219,0.27195027,"J.P. Howell",8245,434442
"Mariano Rivera","NYY",0.27894737,0.66339869,0.47800338,0.57232704,0.88669951,0.79823009,0.5177665,0.61111111,0.09612142,0.17537943,0.27150084,"Mariano Rivera",844,121250
"Ron Mahay","TEX",0.25075529,0.69400631,0.46759259,0.42168675,0.87272727,0.74917492,0.48919753,0.5748503,0.11656442,0.15490798,0.27147239,"Ron Mahay",290,118158
"Heath Bell","NYM",0.17491749,0.69958848,0.49809886,0.43396226,0.87058824,0.81170483,0.61596958,0.63106796,0.0925,0.17875,0.27125,"Heath Bell",2080,425514
"Kevin Jarvis","STL",0.12903226,0.64285714,0.37288136,0.25,0.83333333,0.72727273,0.47457627,0.70588235,0.10169492,0.16949153,0.27118644,"Kevin Jarvis",1037,116496
"Roy Oswalt","HOU",0.16907514,0.69178393,0.49010315,0.51709402,0.87073491,0.82366325,0.61416225,0.63273453,0.08611111,0.185,0.27111111,"Roy Oswalt",571,400061
"John Foster","ATL",0.1442953,0.62337662,0.38778878,0.44186047,0.86458333,0.78723404,0.50825083,0.5,0.08250825,0.18811881,0.27062706,"John Foster",86,407796
"Jeff Francis","COL",0.18887363,0.65302491,0.43793762,0.52727273,0.87647593,0.80668605,0.53660089,0.5821256,0.08444444,0.18603175,0.27047619,"Jeff Francis",4684,433585
"Keith Foulke","BOS",0.19337017,0.67472527,0.46144431,0.58571429,0.85667752,0.80636605,0.55691554,0.6047619,0.08891596,0.18148599,0.27040195,"Keith Foulke",231,114342
"Derek Lowe","LAD",0.20677966,0.65996741,0.45838359,0.52786885,0.88888889,0.81644737,0.55518697,0.65524625,0.08401084,0.18638964,0.27040048,"Derek Lowe",199,117955
"Guillermo Mota","FLA",0.2700491,0.69273743,0.46777003,0.44242424,0.84677419,0.72253259,0.46777003,0.58703072,0.12745937,0.14285714,0.27031651,"Guillermo Mota",1467,150407
"Ervin Santana","LAA",0.21099117,0.66639478,0.4596882,0.48837209,0.88616891,0.80329457,0.54610245,0.61406518,0.09002217,0.18004435,0.27006652,"Ervin Santana",3200,429722
"Steve Schmoll","LAD",0.16964286,0.65079365,0.44272844,0.66666667,0.86062718,0.82848837,0.56756757,0.5902439,0.07515924,0.19490446,0.27006369,"Steve Schmoll",5495,467749
"Jonathan Papelbon","BOS",0.26199262,0.7184466,0.50517241,0.43661972,0.85585586,0.75426621,0.53275862,0.60135135,0.12224109,0.14770798,0.26994907,"Jonathan Papelbon",5975,449097
"Jason Schmidt","SFG",0.21010638,0.68146214,0.44795784,0.46835443,0.82854406,0.74485294,0.50461133,0.56935271,0.11380781,0.15611676,0.26992457,"Jason Schmidt",1131,121834
"Jorge Sosa","ATL",0.18125644,0.65864144,0.44142455,0.48295455,0.87336815,0.80042463,0.54498594,0.57538995,0.08687616,0.18253235,0.2694085,"Jorge Sosa",1228,407901
"Neal Cotts","CHW",0.22978723,0.68235294,0.46530612,0.48148148,0.84482759,0.75877193,0.52040816,0.57258065,0.11011011,0.15915916,0.26926927,"Neal Cotts",1797,425840
"Abe Alvarez","BOS",0.1,0.625,0.42307692,0.5,0.95,0.90909091,0.61538462,0.53846154,0.03846154,0.23076923,0.26923077,"Abe Alvarez",6259,433877
"Joaquín Benoit","TEX",0.21671388,0.71232877,0.48045063,0.49019608,0.82692308,0.75586207,0.53214049,0.6097561,0.11729622,0.15175613,0.26905235,"Joaquin Benoit",1437,276542
"Luis Ayala","WSN",0.1713555,0.65686275,0.46759721,0.50746269,0.91791045,0.85927505,0.61016949,0.64846416,0.06476938,0.20412169,0.26889107,"Luis Ayala",1650,425646
"Frank Castillo","FLA",0.14,0.51162791,0.31182796,0.57142857,0.86363636,0.79310345,0.46236559,0.59090909,0.06451613,0.20430108,0.2688172,"Frank Castillo",180,112113
"Tom Gordon","NYY",0.21651376,0.71238938,0.49141455,0.44915254,0.84679089,0.7687188,0.55437449,0.59567901,0.11209677,0.15645161,0.26854839,"Tom Gordon",282,114971
"CC Sabathia","CLE",0.21956224,0.69335706,0.47331639,0.48286604,0.86484175,0.78255034,0.53557814,0.60145808,0.10279188,0.16560914,0.26840102,"CC Sabathia",404,282332
"Freddy Garcia","CHW",0.22788698,0.66042022,0.4526409,0.44474394,0.89681857,0.7874837,0.51962231,0.5980912,0.09602356,0.17231222,0.26833579,"Freddy Garcia",1077,150119
"Scott Eyre","SFG",0.22905983,0.70198675,0.46930193,0.41044776,0.85849057,0.75089606,0.50798991,0.5631769,0.11690496,0.15138772,0.26829268,"Scott Eyre",1300,113961
"Justin Miller","TOR",0.29166667,0.64705882,0.43902439,0.57142857,0.81818182,0.72222222,0.41463415,0.66666667,0.12195122,0.14634146,0.26829268,"Justin Miller",1313,277405
"Miguel Batista","TOR",0.21081081,0.66513057,0.45605307,0.43589744,0.91224018,0.81090909,0.539801,0.57099698,0.0852459,0.18278689,0.26803279,"Miguel Batista",46,110683
"Randy Wolf","PHI",0.14772727,0.68110236,0.4627907,0.46153846,0.87668593,0.82244556,0.59069767,0.5867052,0.08185328,0.18610039,0.26795367,"Randy Wolf",976,150116
"Casey Fossum","TBD",0.2092145,0.65748825,0.4464984,0.45487365,0.90194076,0.80334395,0.52932812,0.5462069,0.08752658,0.18036853,0.26789511,"Casey Fossum",188,407154
"Zack Greinke","KCR",0.18705036,0.65135453,0.44235751,0.59230769,0.89330922,0.83601757,0.54987047,0.67310012,0.07246846,0.19540602,0.26787447,"Zack Greinke",1943,425844
"Aaron Harang","CIN",0.22898154,0.7181865,0.50793184,0.48955224,0.85939742,0.78773858,0.57021152,0.67869222,0.10753003,0.15997656,0.26750659,"Aaron Harang",1451,421685
"Adam Bernero","ATL",0.22865854,0.69856459,0.4919571,0.50666667,0.85273973,0.78201635,0.56032172,0.60648148,0.10540184,0.16205534,0.26745718,"Adam Bernero",460,333293
"Ted Lilly","TOR",0.2417795,0.69482289,0.47540984,0.668,0.82614379,0.78719212,0.51569087,0.59893993,0.10098177,0.16643291,0.26741468,"Ted Lilly",833,150404
"Matt Belisle","CIN",0.2761194,0.64328358,0.45970149,0.74594595,0.90023202,0.8538961,0.5,0.62827225,0.06593407,0.2014652,0.26739927,"Matt Belisle",1837,279571
"Pedro Astacio","- - -",0.17820658,0.62864964,0.42792109,0.63057325,0.89114659,0.8427896,0.55437532,0.57222222,0.06683417,0.20050251,0.26733668,"Pedro Astacio",862,110359
"Chad Orvella","TBD",0.21558442,0.72270742,0.4911032,0.54216867,0.81873112,0.76328502,0.54329775,0.62272727,0.11488863,0.15240328,0.26729191,"Chad Orvella",5952,435378
"Daniel Cabrera","BAL",0.2188755,0.64385578,0.4213109,0.39755352,0.90628571,0.76788686,0.47634069,0.52094972,0.09734822,0.16992324,0.26727146,"Daniel Cabrera",1931,425555
"Paul Maholm","PIT",0.26975477,0.6090535,0.40491803,0.73737374,0.89189189,0.82995951,0.39836066,0.51190476,0.06885246,0.19836066,0.26721311,"Paul Maholm",8678,430904
"David Weathers","CIN",0.21769912,0.67278287,0.46185398,0.63414634,0.875,0.82238011,0.53650533,0.64350453,0.08143322,0.18566775,0.26710098,"David Weathers",902,124000
"Chris Capuano","MIL",0.23196448,0.68314113,0.45873585,0.51196172,0.85932476,0.77196149,0.50262214,0.59747102,0.10409228,0.16286734,0.26695963,"Chris Capuano",1701,425626
"Jeremy Bonderman","DET",0.2539444,0.70387393,0.49404345,0.46153846,0.88152985,0.78085106,0.533637,0.6267166,0.10823117,0.158669,0.26690018,"Jeremy Bonderman",1667,425827
"Jason Frasor","TOR",0.20729685,0.64678179,0.43306452,0.592,0.88592233,0.81750466,0.51370968,0.56393443,0.07827476,0.1884984,0.26677316,"Jason Frasor",1906,430630
"Oliver Pérez","PIT",0.22745491,0.6835443,0.4397429,0.51101322,0.86195286,0.76492083,0.4654526,0.54989384,0.10315339,0.1635489,0.2667023,"Oliver Perez",1514,424144
"Bryan Bullington","PIT",0.33333333,,0.33333333,0.9,,0.9,,0.42857143,0.03333333,0.23333333,0.26666667,"Bryan Bullington",5066,425860
"Bronson Arroyo","BOS",0.20617864,0.63908939,0.44316109,0.61889251,0.91659427,0.85390947,0.54741641,0.61503417,0.06454545,0.20181818,0.26636364,"Bronson Arroyo",978,276520
"Mike DeJean","- - -",0.22744361,0.7260274,0.4717162,0.34710744,0.83557951,0.71544715,0.48993289,0.54609929,0.13270142,0.13364929,0.26635071,"Mike DeJean",682,113211
"Steve Karsay","- - -",0.19318182,0.64976959,0.44529262,0.70588235,0.92907801,0.88571429,0.55216285,0.63207547,0.05025126,0.2160804,0.26633166,"Steve Karsay",829,116853
"Erik Bedard","BAL",0.19158076,0.66408669,0.44014658,0.61434978,0.88578089,0.82978723,0.52605863,0.63036304,0.07467532,0.19155844,0.26623377,"Erik Bedard",126,407853
"Brandon Claussen","CIN",0.23372781,0.66372881,0.45808277,0.57911392,0.8804903,0.80694981,0.52175451,0.61559508,0.08790436,0.17827004,0.2661744,"Brandon Claussen",814,407799
"Jamie Walker","DET",0.29608939,0.71389646,0.50758621,0.63207547,0.85496183,0.79076087,0.5062069,0.64903846,0.10447761,0.1614654,0.26594301,"Jamie Walker",502,123828
"Matt Perisho","- - -",0.1875,0.63716814,0.39834025,0.5,0.86111111,0.77083333,0.46887967,0.55384615,0.09128631,0.17427386,0.26556017,"Matt Perisho",1423,120419
"Dennys Reyes","SDP",0.18181818,0.66489362,0.4137931,0.33783784,0.864,0.74382716,0.48020434,0.55813953,0.10493047,0.16055626,0.26548673,"Dennys Reyes",444,121096
"Adam Eaton","SDP",0.19921492,0.67563025,0.45586238,0.54187192,0.85945274,0.79543198,0.5387053,0.56161972,0.09221128,0.17323187,0.26544315,"Adam Eaton",1029,284566
"Byung-Hyun Kim","COL",0.20583333,0.67609829,0.45418797,0.5708502,0.84581498,0.78701299,0.5281164,0.54872564,0.09545984,0.16996508,0.26542491,"Byung-Hyun Kim",61,218294
"Juan Cruz","OAK",0.18481848,0.67132867,0.42105263,0.5,0.84375,0.76612903,0.48556876,0.5408805,0.09618574,0.16915423,0.26533997,"Juan Cruz",273,407297
"Doug Davis","MIL",0.23784631,0.66573971,0.44516303,0.58681319,0.8588137,0.78389831,0.48450552,0.56976744,0.0958132,0.16935051,0.26516371,"Doug Davis",1244,150277
"Brandon Backe","HOU",0.21295475,0.68016878,0.45242215,0.5,0.86352357,0.78011472,0.51254325,0.62327718,0.09930915,0.16580311,0.26511226,"Brandon Backe",1529,407840
"Joe Blanton","OAK",0.19264214,0.63299233,0.41778359,0.58333333,0.91414141,0.83959311,0.5112782,0.58922156,0.0667535,0.19830674,0.26506024,"Joe Blanton",4849,430599
"Jim Brower","- - -",0.21206897,0.66729323,0.42985612,0.41463415,0.85352113,0.74058577,0.47841727,0.53900709,0.11022222,0.15466667,0.26488889,"Jim Brower",313,150342
"Valerio De Los Santos","FLA",0.2460733,0.71428571,0.48730964,0.57446809,0.79310345,0.73958333,0.51522843,0.54368932,0.12376238,0.14108911,0.26485149,"Valerio De Los Santos",681,136304
"Mike Adams","MIL",0.16949153,0.63846154,0.41532258,0.8,0.8313253,0.82524272,0.52419355,0.54098361,0.07114625,0.19367589,0.26482213,"Mike Adams",1937,430606
"Jay Powell","ATL",0.11111111,0.53125,0.30882353,0.5,0.94117647,0.85714286,0.47058824,0.6,0.04411765,0.22058824,0.26470588,"Jay Powell",1271,120717
"Odalis Perez","LAD",0.27433628,0.66469194,0.47584098,0.49308756,0.91087344,0.79434447,0.51620795,0.60264901,0.09756098,0.16707317,0.26463415,"Odalis Perez",668,136602
"Akinori Otsuka","SDP",0.26268116,0.68530021,0.45990338,0.40689655,0.85498489,0.71848739,0.46666667,0.49275362,0.12558575,0.13870665,0.26429241,"Akinori Otsuka",1895,430788
"Rheal Cormier","PHI",0.25831202,0.66939891,0.45706737,0.56435644,0.85714286,0.7716763,0.48348745,0.63033175,0.10381078,0.16031537,0.26412615,"Rheal Cormier",952,112690
"Brad Thompson","STL",0.190625,0.69955157,0.48694517,0.42622951,0.86858974,0.79624665,0.58224543,0.57333333,0.09819121,0.16537468,0.26356589,"Brad Thompson",4911,433581
"Bruce Chen","BAL",0.21312585,0.67109234,0.45518341,0.63492063,0.86241007,0.81219341,0.52854864,0.59375,0.08532315,0.1779688,0.26329195,"Bruce Chen",769,136600
"Esteban Yan","LAA",0.21153846,0.66914498,0.4442344,0.53636364,0.86388889,0.78723404,0.50850662,0.52901024,0.09302326,0.17023256,0.26325581,"Esteban Yan",1236,124643
"Travis Driskill","HOU",0.2,0.44444444,0.31578947,0,1,0.66666667,0.47368421,0.5,0.10526316,0.15789474,0.26315789,"Travis Driskill",134,150344
"Wilson Alvarez","LAD",0.1547619,0.68398268,0.46115288,0.61538462,0.86075949,0.82608696,0.57894737,0.64220183,0.0802005,0.18295739,0.26315789,"Wilson Alvarez",1193,110209
"Chan Ho Park","- - -",0.20590164,0.60895522,0.39441536,0.5955414,0.92156863,0.83097345,0.46771379,0.53846154,0.06655052,0.19651568,0.2630662,"Chan Ho Park",1267,120221
"Cal Eldred","STL",0.21192053,0.67601246,0.45104334,0.515625,0.86175115,0.78291815,0.5152488,0.53125,0.09606299,0.16692913,0.26299213,"Cal Eldred",1653,113793
"James Baldwin","- - -",0.13774105,0.65111562,0.43341121,0.5,0.90965732,0.85444744,0.57593458,0.57563025,0.0627907,0.2,0.2627907,"James Baldwin",1064,110503
"Sun-Woo Kim","- - -",0.20103093,0.68162084,0.46190102,0.47008547,0.89171975,0.80782313,0.54281225,0.58126722,0.08835027,0.17435496,0.26270524,"Sun-Woo Kim",197,279615
"Roberto Hernandez","NYM",0.19507187,0.7184466,0.48778281,0.45263158,0.83558559,0.76808905,0.55927602,0.58075601,0.11130899,0.15138023,0.26268923,"Roberto Hernandez",605,115832
"Dan Haren","OAK",0.2638806,0.68038163,0.47225537,0.5158371,0.89833479,0.79153506,0.50029833,0.59197324,0.09783575,0.16483842,0.26267418,"Dan Haren",1757,429717
"Glendon Rusch","CHC",0.11318898,0.65805169,0.43881188,0.55652174,0.88217523,0.84837545,0.59762376,0.61832061,0.06547155,0.19719408,0.26266563,"Glendon Rusch",707,121556
"Brandon Webb","ARI",0.20367937,0.66757941,0.45669056,0.47096774,0.8802297,0.79725311,0.54540024,0.58960764,0.09187908,0.17071725,0.26259632,"Brandon Webb",1692,425630
"Jason Davis","CLE",0.23756906,0.703125,0.45601173,0.40697674,0.90222222,0.76527331,0.46920821,0.57142857,0.1085044,0.15395894,0.26246334,"Jason Davis",1598,425186
"Brian Lawrence","SDP",0.22949586,0.6664557,0.46682709,0.55081967,0.89363723,0.81664212,0.54314197,0.62089202,0.0846363,0.17777022,0.26240653,"Brian Lawrence",1045,400147
"Matt Clement","BOS",0.22724338,0.70646154,0.47258979,0.36363636,0.87891986,0.758,0.51197227,0.56746988,0.11411506,0.14806665,0.2621817,"Matt Clement",271,136725
"Brandon McCarthy","CHW",0.26605505,0.6879562,0.47758463,0.67586207,0.8806366,0.82375479,0.50137237,0.59566787,0.08401826,0.17808219,0.26210046,"Brandon McCarthy",4662,435221
"Cory Lidle","PHI",0.19752066,0.64709636,0.45120634,0.45606695,0.92307692,0.8339984,0.564278,0.61111111,0.07447189,0.18761189,0.26208378,"Cory Lidle",926,117756
"Brian Tallet","CLE",0.22222222,0.71794872,0.45238095,0.3,0.85714286,0.71052632,0.46428571,0.625,0.13095238,0.13095238,0.26190476,"Brian Tallet",1646,425226
"Barry Zito","OAK",0.23174442,0.66593886,0.44085174,0.54704595,0.87131148,0.78294574,0.48159832,0.54879328,0.09568875,0.16587802,0.26156677,"Barry Zito",944,217096
"Bob Wickman","CLE",0.20093458,0.63380282,0.43351351,0.56976744,0.90793651,0.83541147,0.5372973,0.61478599,0.07043757,0.19103522,0.26147279,"Bob Wickman",413,124233
"Livan Hernandez","WSN",0.17436744,0.62359551,0.41704603,0.54258675,0.91366366,0.84232868,0.54021244,0.56713615,0.06485408,0.19655775,0.26141182,"Livan Hernandez",1116,115817
"Anthony Reyes","STL",0.22077922,0.73469388,0.50857143,0.23529412,0.88888889,0.76404494,0.56,0.66666667,0.11666667,0.14444444,0.26111111,"Anthony Reyes",7105,435039
"David Wells","BOS",0.22802198,0.67082591,0.49657658,0.60240964,0.93091231,0.87155298,0.60648649,0.65384615,0.06378378,0.19711712,0.2609009,"David Wells",855,124071
"Marcos Carvajal","COL",0.20750552,0.66985646,0.4293915,0.55319149,0.875,0.79411765,0.47990815,0.54585153,0.08810069,0.17276888,0.26086957,"Marcos Carvajal",3216,434881
"Orlando Hernandez","CHW",0.232287,0.66961913,0.45231729,0.55984556,0.86904762,0.79014778,0.50311943,0.58274648,0.09479306,0.16599911,0.26079217,"Orlando Hernandez",823,133340
"Brendan Donnelly","LAA",0.23611111,0.71526587,0.49310028,0.57983193,0.83453237,0.77798507,0.53633855,0.64944649,0.10798548,0.15245009,0.26043557,"Brendan Donnelly",1441,407791
"Jorge De La Rosa","MIL",0.1802935,0.66751269,0.40068886,0.43023256,0.83269962,0.73352436,0.45235362,0.41826923,0.1048478,0.15558061,0.26042841,"Jorge De La Rosa",2047,407822
"Steve Trachsel","NYM",0.18076923,0.61129568,0.41176471,0.4893617,0.96195652,0.86580087,0.53654189,0.63694268,0.05525847,0.20499109,0.26024955,"Steve Trachsel",898,123431
"Mike Burns","HOU",0.14096916,0.62323944,0.40900196,0.65625,0.89830508,0.86124402,0.55577299,0.50735294,0.05631068,0.2038835,0.26019417,"Mike Burns",2932,446916
"Mike Timlin","BOS",0.20895522,0.70735294,0.50391645,0.40816327,0.8960499,0.8134715,0.59181897,0.61111111,0.09238666,0.16766467,0.26005133,"Mike Timlin",1187,123348
"Doug Brocail","TEX",0.22203098,0.70839065,0.49235474,0.53488372,0.86019417,0.79503106,0.5558104,0.61918605,0.1,0.15984848,0.25984848,"Doug Brocail",551,111492
"Jose Contreras","CHW",0.2020339,0.69221628,0.46326789,0.37583893,0.88841202,0.78400547,0.53293224,0.5705951,0.099716,0.15998738,0.25970338,"Jose Contreras",1660,425747
"Travis Hughes","WSN",0.14678899,0.67213115,0.42424242,0.5,0.84146341,0.78571429,0.52813853,0.515625,0.0893617,0.17021277,0.25957447,"Travis Hughes",2045,407889
"Ryan Jensen","KCR",0.25120773,0.6561086,0.46028037,0.57692308,0.89655172,0.81218274,0.51635514,0.65217391,0.08564815,0.17361111,0.25925926,"Ryan Jensen",1117,276528
"Geoff Geary","PHI",0.17520216,0.69230769,0.4738041,0.43076923,0.88319088,0.8125,0.57744875,0.60728745,0.08754209,0.17171717,0.25925926,"Geoff Geary",1813,407783
"Matt Thornton","SEA",0.20277296,0.70363289,0.44090909,0.52991453,0.8125,0.7443299,0.47545455,0.5,0.11191336,0.14711191,0.25902527,"Matt Thornton",1918,407819
"Scott Kazmir","TBD",0.23232323,0.69787765,0.45936073,0.48849105,0.85778175,0.7620941,0.48767123,0.52933985,0.10888687,0.15013649,0.25902335,"Scott Kazmir",4897,431148
"J.C. Romero","MIN",0.25517241,0.6618705,0.42527583,0.50675676,0.84057971,0.7240566,0.41825476,0.50757576,0.11392405,0.14508277,0.25900682,"J.C. Romero",754,240694
"Giovanni Carrara","LAD",0.15625,0.66666667,0.42822384,0.52222222,0.84018265,0.78598485,0.53284672,0.5398773,0.09003984,0.1689243,0.25896414,"Giovanni Carrara",643,112030
"Rodrigo Lopez","BAL",0.19763624,0.65025467,0.44072948,0.63122924,0.90078329,0.84482759,0.53708207,0.62200436,0.06824386,0.19017288,0.25841674,"Rodrigo Lopez",150,150438
"Jon Lieber","PHI",0.2460733,0.70288625,0.50612113,0.47416413,0.89130435,0.80394653,0.56926546,0.66118421,0.09849696,0.15989767,0.25839463,"Jon Lieber",287,117758
"Trever Miller","TBD",0.1779661,0.671875,0.43495935,0.53968254,0.85658915,0.79439252,0.5203252,0.57281553,0.08695652,0.171278,0.25823452,"Trever Miller",1672,119125
"Jack Taschner","SFG",0.1840796,0.67525773,0.42531646,0.56756757,0.86259542,0.79761905,0.49113924,0.55789474,0.08607595,0.1721519,0.25822785,"Jack Taschner",2766,435620
"Carlos Silva","MIN",0.24168514,0.66642599,0.49890686,0.79357798,0.93716143,0.90972831,0.60559685,0.71428571,0.04489974,0.21316478,0.25806452,"Carlos Silva",973,400067
"David Riske","CLE",0.1956044,0.67753002,0.46628131,0.60674157,0.89113924,0.83884298,0.56165703,0.60416667,0.07507218,0.18286814,0.25794033,"David Riske",402,228594
"Ambiorix Burgos","KCR",0.23834197,0.72357724,0.46125117,0.49275362,0.83707865,0.74089069,0.45938375,0.55395683,0.11906977,0.13860465,0.25767442,"Ambiorix Burgos",3246,434586
"Clay Hensley","SDP",0.28423773,0.69072165,0.45870206,0.6,0.88059701,0.78135048,0.42920354,0.53439153,0.09898108,0.15866084,0.25764192,"Clay Hensley",4593,454535
"Gabe White","STL",0.24324324,0.7032967,0.5703125,0.66666667,0.921875,0.89041096,0.7109375,0.73684211,0.06060606,0.1969697,0.25757576,"Gabe White",360,124171
"Chad Harville","- - -",0.18226601,0.66052632,0.41348601,0.37837838,0.89243028,0.77538462,0.48346056,0.5270936,0.09217172,0.16540404,0.25757576,"Chad Harville",915,150420
"Kent Mercker","CIN",0.25858124,0.73511294,0.50974026,0.56637168,0.84916201,0.78131635,0.52705628,0.62641509,0.10957447,0.14787234,0.25744681,"Kent Mercker",439,118967
"Joel Pineiro","SEA",0.21048798,0.65254237,0.44375645,0.60899654,0.90509491,0.83875969,0.52769178,0.58394161,0.07111111,0.18632479,0.2574359,"Joel Pineiro",1094,334492
"Jason Vargas","FLA",0.18671454,0.69264069,0.4672,0.48076923,0.87083333,0.80136986,0.5544,0.57846154,0.09206349,0.16507937,0.25714286,"Jason Vargas",8044,450306
"Jonathan Broxton","LAD",0.2238806,0.76870748,0.5088968,0.46666667,0.79646018,0.72727273,0.52313167,0.64705882,0.13541667,0.12152778,0.25694444,"Jonathan Broxton",4759,455009
"Scott Schoeneweis","TOR",0.23933649,0.68065268,0.46180964,0.48514851,0.89383562,0.78880407,0.50411281,0.588,0.09562212,0.16129032,0.25691244,"Scott Schoeneweis",33,150011
"Kaz Ishii","NYM",0.13905325,0.68883312,0.4365241,0.41489362,0.85063752,0.78693624,0.54107264,0.57142857,0.09219381,0.16419919,0.256393,"Kaz Ishii",655,408193
"Chris Oxspring","SDP",0.23931624,0.68292683,0.42211055,0.67857143,0.82142857,0.77380952,0.4120603,0.53061224,0.09547739,0.16080402,0.25628141,"Chris Oxspring",7232,430684
"Josh Rupe","TEX",0.16666667,0.66666667,0.41666667,0.5,0.83928571,0.77142857,0.5,0.46153846,0.0952381,0.16071429,0.25595238,"Josh Rupe",7206,434666
"Josh Towers","TOR",0.28127369,0.68460111,0.50340599,0.70619946,0.90695574,0.85656292,0.55074932,0.66666667,0.0717671,0.18381855,0.25558565,"Josh Towers",1489,346869
"Brad Radke","MIN",0.36113074,0.69742914,0.5351296,0.74559687,0.89413989,0.84576163,0.51739427,0.72803851,0.08242507,0.17302452,0.25544959,"Brad Radke",748,120878
"Mike Myers","BOS",0.15354331,0.69732938,0.46362098,0.58974359,0.83829787,0.80291971,0.57021997,0.60927152,0.09015025,0.16527546,0.25542571,"Mike Myers",68,119624
"Bobby Seay","COL",0.17171717,0.6796875,0.45814978,0.58823529,0.85057471,0.80769231,0.56387665,0.67241379,0.08658009,0.16883117,0.25541126,"Bobby Seay",1225,150144
"Hector Carrasco","WSN",0.2266858,0.73130194,0.48343904,0.42405063,0.83333333,0.73906706,0.50880902,0.53910615,0.12387543,0.13148789,0.25536332,"Hector Carrasco",1240,112031
"Chris Young","TEX",0.20143885,0.71652065,0.49034749,0.55555556,0.85502183,0.80100215,0.56089856,0.61714286,0.0972368,0.15809724,0.25533403,"Chris Young",3196,432934
"John Halama","- - -",0.23353293,0.67957746,0.47053321,0.52991453,0.89637306,0.8111332,0.5313377,0.62416107,0.08788159,0.16743756,0.25531915,"John Halama",1080,134280
"Jeff Harris","SEA",0.24336283,0.66501241,0.44210526,0.69090909,0.89552239,0.83597884,0.47134503,0.62995595,0.07192575,0.18329466,0.25522042,"Jeff Harris",7189,441266
"Randy Keisler","CIN",0.27324478,0.70167064,0.46300211,0.56944444,0.8537415,0.76027397,0.44291755,0.54198473,0.11006289,0.14465409,0.25471698,"Randy Keisler",830,342892
"Chad Bradford","BOS",0.25974026,0.69302326,0.51219512,0.675,0.88590604,0.84126984,0.58265583,0.71153846,0.08042895,0.17426273,0.25469169,"Chad Bradford",904,136268
"Esteban Loaiza","WSN",0.16875461,0.69468354,0.4804922,0.56768559,0.8819242,0.83697689,0.59273709,0.62280702,0.07812032,0.17629452,0.25441485,"Esteban Loaiza",1310,117842
"Brad Penny","LAD",0.16521739,0.67179803,0.46178803,0.58947368,0.89734189,0.85167838,0.58543619,0.6097561,0.06824713,0.18606322,0.25431034,"Brad Penny",535,207267
"Mike Maroth","DET",0.24571078,0.6538937,0.44892308,0.6957606,0.88752363,0.83481837,0.49784615,0.61529809,0.07410824,0.1801968,0.25430504,"Mike Maroth",1508,400077
"Tim Stauffer","SDP",0.22713864,0.65919283,0.44172235,0.62987013,0.89115646,0.82352941,0.49665924,0.54084507,0.07783543,0.17642698,0.25426242,"Tim Stauffer",6432,431162
"Joe Kennedy","- - -",0.16637168,0.66434054,0.44479126,0.47340426,0.90336134,0.83245614,0.55911042,0.55397727,0.07408844,0.17998448,0.25407292,"Joe Kennedy",1217,406773
"Chris Resop","FLA",0.15602837,0.66272189,0.43225806,0.54545455,0.86607143,0.81343284,0.54516129,0.6,0.08038585,0.17363344,0.25401929,"Chris Resop",3799,434592
"Gary Glover","MIL",0.24295775,0.72791519,0.48500882,0.53623188,0.84708738,0.76909091,0.49911817,0.65492958,0.11120841,0.14273205,0.25394046,"Gary Glover",234,150474
"Julio Mateo","SEA",0.2797075,0.7323741,0.53301127,0.60784314,0.8762279,0.8141994,0.55958132,0.65384615,0.09669811,0.1572327,0.25393082,"Julio Mateo",1087,421024
"Ricky Bottalico","MIL",0.21186441,0.67919075,0.44285714,0.50666667,0.85531915,0.77096774,0.49428571,0.54010695,0.10070922,0.15319149,0.25390071,"Ricky Bottalico",948,111262
"Brian Falkenborg","SDP",0.14285714,0.65714286,0.42857143,0.58333333,0.88405797,0.83950617,0.55555556,0.55555556,0.06735751,0.1865285,0.25388601,"Brian Falkenborg",1859,237346
"Mark Buehrle","CHW",0.21308017,0.6841589,0.49060965,0.62706271,0.90322581,0.85394582,0.58913609,0.6199794,0.07132586,0.1823411,0.25366695,"Mark Buehrle",225,279824
"Jeff Suppan","STL",0.17726253,0.66331361,0.44862901,0.57383966,0.89652096,0.84020619,0.55830856,0.62110312,0.07156992,0.18205805,0.25362797,"Jeff Suppan",633,122987
"Scott Elarton","CLE",0.197411,0.68463445,0.47333333,0.60655738,0.89773756,0.84507042,0.56631579,0.61627907,0.07317927,0.18032213,0.2535014,"Scott Elarton",426,134003
"Julian Tavarez","STL",0.19745223,0.67984934,0.45309381,0.5483871,0.87534626,0.80837004,0.52994012,0.56834532,0.08635918,0.16683023,0.2531894,"Julian Tavarez",541,123118
"Octavio Dotel","OAK",0.11504425,0.74452555,0.46,0.46153846,0.7745098,0.73913043,0.548,0.52307692,0.11673152,0.13618677,0.25291829,"Octavio Dotel",555,136734
"Pete Walker","TOR",0.19266055,0.6529052,0.42278287,0.47619048,0.90632319,0.80831826,0.5,0.60335196,0.08073115,0.1721249,0.25285605,"Pete Walker",1325,123839
"Shawn Camp","KCR",0.24736842,0.6601467,0.46134347,0.58510638,0.95555556,0.85989011,0.51837769,0.58333333,0.06351183,0.18929016,0.25280199,"Shawn Camp",1855,425861
"Kip Wells","PIT",0.21990172,0.67451524,0.43359375,0.56424581,0.87474333,0.79129129,0.47005208,0.5615942,0.08950419,0.16323245,0.25273664,"Kip Wells",1012,150337
"Paul Byrd","LAA",0.20959147,0.69460067,0.5065427,0.62711864,0.90283401,0.85859959,0.61225895,0.66508314,0.0712817,0.18128855,0.25257025,"Paul Byrd",594,111838
"Joe Borowski","- - -",0.21806854,0.68503937,0.47150997,0.61428571,0.88122605,0.82477341,0.54273504,0.58695652,0.08180536,0.17066291,0.25246827,"Joe Borowski",267,111244
"Woody Williams","SDP",0.17575264,0.64645072,0.43059701,0.62962963,0.92537313,0.87001733,0.54141791,0.60545194,0.05588674,0.19634873,0.25223547,"Woody Williams",1190,124315
"Zach Duke","PIT",0.24875622,0.67884323,0.47301587,0.57333333,0.89686099,0.81543624,0.52142857,0.60703812,0.08661417,0.16535433,0.2519685,"Zach Duke",3840,435043
"Dustin McGowan","TOR",0.22115385,0.64942529,0.41623037,0.59782609,0.88938053,0.80503145,0.45549738,0.54146341,0.08093995,0.17101828,0.25195822,"Dustin McGowan",8600,430661
"Nate Field","KCR",0.26984127,0.8,0.55797101,0.41176471,0.81666667,0.72727273,0.54347826,0.65714286,0.14685315,0.1048951,0.25174825,"Nate Field",599,407757
"John Wasdin","TEX",0.23005566,0.67218543,0.46369204,0.62903226,0.90394089,0.83962264,0.52843395,0.59247649,0.07404181,0.17770035,0.25174216,"John Wasdin",1768,123955
"Javier López","- - -",0.16,0.68125,0.42903226,0.5,0.87155963,0.80451128,0.51612903,0.59770115,0.08074534,0.17080745,0.2515528,"Javier Lopez",1663,425657
"C.J. Wilson","TEX",0.15079365,0.65217391,0.4196319,0.45614035,0.91578947,0.83918129,0.53619632,0.56363636,0.06715507,0.18437118,0.25152625,"C.J. Wilson",3580,450351
"Brett Tomko","SFG",0.21593448,0.68657599,0.47824654,0.58275862,0.88458226,0.82425913,0.55735003,0.62211422,0.0828191,0.16856122,0.25138032,"Brett Tomko",1056,123387
"Matt Guerrier","MIN",0.28342246,0.69649805,0.48093023,0.57861635,0.88826816,0.79303675,0.47813953,0.62091503,0.09780622,0.1535649,0.25137112,"Matt Guerrier",2061,407825
"Dustin Hermanson","CHW",0.16802168,0.66442953,0.43995098,0.4516129,0.8956229,0.8189415,0.54779412,0.62719298,0.078125,0.17307692,0.25120192,"Dustin Hermanson",195,115812
"Victor Zambrano","NYM",0.20187455,0.65566714,0.42934196,0.50357143,0.89387309,0.80234506,0.50125854,0.55481283,0.08467887,0.16648726,0.25116613,"Victor Zambrano",1237,406913
"John Riedling","FLA",0.19730942,0.67078189,0.44420601,0.36363636,0.91411043,0.79710145,0.52145923,0.53076923,0.08860759,0.16244726,0.25105485,"John Riedling",1515,150180
"Ben Weber","CIN",0.24503311,0.71428571,0.41276596,0.64864865,0.86666667,0.78350515,0.35744681,0.57575758,0.08786611,0.16317992,0.25104603,"Ben Weber",41,276533
"Aaron Small","NYY",0.18236473,0.65056361,0.44196429,0.52747253,0.94554455,0.86868687,0.55446429,0.62025316,0.05803571,0.19285714,0.25089286,"Aaron Small",1477,122332
"Vinnie Chulk","TOR",0.21100917,0.68270945,0.45027125,0.49565217,0.90078329,0.80722892,0.50723327,0.59468439,0.08571429,0.16517857,0.25089286,"Vinnie Chulk",1838,425562
"Kevin Gregg","LAA",0.23613596,0.72222222,0.48281938,0.48484848,0.87019231,0.77737226,0.50748899,0.61724138,0.10664336,0.14423077,0.25087413,"Kevin Gregg",1793,276514
"Kyle Snyder","KCR",0.28703704,0.69230769,0.47236181,0.56989247,0.92592593,0.80851064,0.45728643,0.55029586,0.089701,0.16112957,0.25083056,"Kyle Snyder",1689,216897
"Kameron Loe","TEX",0.20559211,0.68164313,0.47296323,0.48,0.92655367,0.84146341,0.56164384,0.57908163,0.07365439,0.17705382,0.25070822,"Kameron Loe",4422,434180
"Chris Reitsma","ATL",0.18475751,0.71587302,0.49952963,0.5875,0.86252772,0.82109228,0.59266228,0.61563518,0.08853681,0.16216216,0.25069897,"Chris Reitsma",348,277410
"Roman Colon","- - -",0.21194605,0.70951586,0.47853309,0.45454545,0.88941176,0.8,0.53577818,0.64052288,0.09536542,0.15508021,0.25044563,"Roman Colon",2242,430638
"Denny Bautista","KCR",0.30051813,0.62040816,0.42472266,0.70689655,0.89473684,0.81343284,0.38827258,0.51875,0.0792393,0.17115689,0.2503962,"Denny Bautista",1947,429714
"D.J. Houlton","LAD",0.17208814,0.67436109,0.45337027,0.62195122,0.88264059,0.83910387,0.56001847,0.5916955,0.07251033,0.17760441,0.25011473,"D.J. Houlton",3566,434885
"Kyle Lohse","MIN",0.22836364,0.66800805,0.45708304,0.64012739,0.9186747,0.8519084,0.52023726,0.60858257,0.06747826,0.1826087,0.25008696,"Kyle Lohse",739,346798
"Mike Hampton","ATL",0.17582418,0.65953654,0.44291339,0.5625,0.92162162,0.85777778,0.55216535,0.61619718,0.06299213,0.18700787,0.25,"Mike Hampton",430,115399
"Felix Heredia","NYM",0.20833333,0.75,0.45454545,0.2,0.86666667,0.7,0.45454545,0.4,0.13636364,0.11363636,0.25,"Felix Heredia",1304,115803
"Bobby Madritsch","SEA",0.29166667,0.725,0.5625,0.85714286,0.86206897,0.86111111,0.625,0.77777778,0.078125,0.171875,0.25,"Bobby Madritsch",2085,425476
"Craig Hansen","BOS",0.14285714,0.69444444,0.453125,0.5,0.88,0.82758621,0.5625,0.5,0.078125,0.171875,0.25,"Craig Hansen",4798,475022
"Shaun Marcum","TOR",0.13432836,0.65753425,0.40714286,0.44444444,0.89583333,0.8245614,0.52142857,0.34375,0.07142857,0.17857143,0.25,"Shaun Marcum",6204,451788
"Cliff Lee","CLE",0.19711903,0.68711311,0.47835917,0.57307692,0.90745291,0.84875084,0.57396641,0.63842482,0.07232806,0.17759122,0.24991928,"Cliff Lee",1636,424324
"Jarrod Washburn","LAA",0.24505327,0.67191977,0.46494465,0.64906832,0.91151386,0.84444444,0.51512915,0.62297297,0.07229805,0.1774253,0.24972335,"Jarrod Washburn",40,132220
"Alan Embree","- - -",0.16816817,0.71370143,0.49270073,0.44642857,0.87679083,0.81728395,0.59489051,0.65367965,0.08883553,0.16086435,0.24969988,"Alan Embree",1030,113833
"Randy Messenger","FLA",0.15673981,0.6488764,0.4162963,0.52,0.88744589,0.82206406,0.52740741,0.58426966,0.07173601,0.17790531,0.24964132,"Randy Messenger",2658,434591
"Todd Williams","BAL",0.23129252,0.64027539,0.43455945,0.67647059,0.91397849,0.8503937,0.49700599,0.60124611,0.06408094,0.18549747,0.24957841,"Todd Williams",805,124343
"Brian Anderson","KCR",0.18357488,0.63157895,0.43551797,0.73684211,0.93452381,0.89805825,0.56236786,0.60902256,0.04612159,0.2033543,0.24947589,"Brian Anderson",44,110230
"Bartolo Colon","LAA",0.25467128,0.70144284,0.5026178,0.7173913,0.88528481,0.84742647,0.55497382,0.66997792,0.07666256,0.17272167,0.24938424,"Bartolo Colon",375,112526
"Kevin Millwood","CLE",0.20347958,0.69859671,0.47754137,0.52416357,0.90043668,0.82885431,0.55352921,0.61952441,0.08164642,0.16767881,0.24932524,"Kevin Millwood",106,119154
"Mike Stanton","- - -",0.20462046,0.70704225,0.47568389,0.38709677,0.89243028,0.79233227,0.53951368,0.52432432,0.09643917,0.15281899,0.24925816,"Mike Stanton",849,122681
"Paul Quantrill","- - -",0.17002237,0.64576803,0.44976959,0.77631579,0.93932039,0.91393443,0.58801843,0.60841424,0.03818182,0.21090909,0.24909091,"Paul Quantrill",669,120824
"Rick Helling","MIL",0.21727019,0.71497585,0.48382924,0.51282051,0.85472973,0.78342246,0.53557568,0.59296482,0.10397946,0.14505777,0.24903723,"Rick Helling",58,115727
"Eric Milton","CIN",0.25402145,0.70492788,0.49176172,0.67282322,0.87894288,0.82860825,0.52724968,0.66549708,0.0840708,0.16466498,0.24873578,"Eric Milton",743,132980
"Eude Brito","PHI",0.20108696,0.65340909,0.42222222,0.48648649,0.89565217,0.79605263,0.48888889,0.54255319,0.08563536,0.16298343,0.24861878,"Eude Brito",2514,434560
"Jorge Julio","BAL",0.23861566,0.70657673,0.48161121,0.51145038,0.90214797,0.80909091,0.51926445,0.59105431,0.09090909,0.15757576,0.24848485,"Jorge Julio",148,406402
"Lenny DiNardo","BOS",0.17647059,0.71428571,0.48760331,0.38888889,0.88,0.80508475,0.5785124,0.46774194,0.09349593,0.15447154,0.24796748,"Lenny DiNardo",1894,430837
"Jamie Moyer","SEA",0.21410737,0.65193705,0.43638599,0.65597668,0.90436397,0.8443662,0.50768285,0.58525346,0.06772908,0.18020227,0.24793135,"Jamie Moyer",1091,119469
"Ian Snell","PIT",0.18787879,0.6951567,0.44933921,0.46774194,0.89344262,0.80718954,0.5154185,0.60846561,0.08550725,0.16231884,0.24782609,"Ian Snell",2227,430636
"Brandon Puffer","SFG",0.21568627,0.67241379,0.4587156,0.27272727,1,0.84,0.53211009,0.61290323,0.0733945,0.17431193,0.24770642,"Brandon Puffer",572,407836
"Ryan Franklin","SEA",0.215396,0.66069142,0.45417096,0.69415808,0.91957364,0.86999244,0.53621696,0.65144231,0.05872311,0.18880164,0.24752475,"Ryan Franklin",1076,211041
"Sean Douglass","DET",0.28624535,0.68330733,0.46201657,0.66666667,0.87899543,0.80568012,0.44267956,0.57754011,0.08910212,0.15832762,0.24742975,"Sean Douglass",133,346868
"J.J. Putz","SEA",0.22103004,0.71028037,0.48251748,0.62135922,0.86315789,0.8115942,0.53446553,0.59459459,0.09000989,0.15727003,0.24727992,"J.J. Putz",1795,407816
"Kenny Rogers","TEX",0.2117889,0.63677419,0.43070788,0.66019417,0.91489362,0.85416667,0.5151213,0.58091787,0.06272818,0.18453369,0.24726187,"Kenny Rogers",1277,121386
"Dontrelle Willis","FLA",0.18030605,0.7028348,0.4815441,0.50184502,0.88942976,0.82796957,0.57650042,0.61354167,0.08295838,0.16422947,0.24718785,"Dontrelle Willis",1703,425883
"Jeff Fassero","SFG",0.24,0.70081967,0.47974414,0.45061728,0.91423002,0.80296296,0.52025586,0.60416667,0.09419263,0.1529745,0.24716714,"Jeff Fassero",279,114032
"Robinson Tejeda","PHI",0.23629243,0.69898698,0.45573095,0.60220994,0.83436853,0.77108434,0.47426218,0.5309973,0.10312076,0.14382632,0.24694708,"Robinson Tejeda",2575,434565
"John Thomson","ATL",0.14331723,0.70726496,0.48233783,0.43820225,0.90030211,0.84553928,0.60115607,0.61124122,0.0741688,0.17263427,0.24680307,"John Thomson",453,123307
"Tim Hudson","ATL",0.18301158,0.68086459,0.45606695,0.48945148,0.89729225,0.8233945,0.54846583,0.58629131,0.0799308,0.16678201,0.2467128,"Tim Hudson",921,218596
"Jim Mecir","FLA",0.18356164,0.64917127,0.41540578,0.44776119,0.91914894,0.81456954,0.49793673,0.5326087,0.07629428,0.17029973,0.24659401,"Jim Mecir",930,118898
"David Cortes","COL",0.18670886,0.71794872,0.50382653,0.49152542,0.88988095,0.83037975,0.59693878,0.64319249,0.08470291,0.16182048,0.24652339,"David Cortes",1798,233694
"Jimmy Gobble","KCR",0.26454034,0.66289593,0.44512821,0.63120567,0.8668942,0.79032258,0.45333333,0.49799197,0.09191919,0.15454545,0.24646465,"Jimmy Gobble",1791,425471
"Randy Williams","- - -",0.24590164,0.68831169,0.46105263,0.56666667,0.88679245,0.79908676,0.48631579,0.48,0.09034908,0.15605749,0.24640657,"Randy Williams",2362,430942
"Ron Flores","OAK",0.31746032,0.74626866,0.53846154,0.55,0.88,0.78571429,0.51538462,0.64705882,0.11538462,0.13076923,0.24615385,"Ron Flores",3152,446939
"Steve Kline","BAL",0.26937984,0.69534884,0.46300211,0.5323741,0.87959866,0.76940639,0.45454545,0.57954545,0.10488058,0.14122534,0.24610592,"Steve Kline",1164,117157
"Jake Woods","LAA",0.21115538,0.65863454,0.434,0.60377358,0.89634146,0.82488479,0.498,0.52459016,0.076,0.17,0.246,"Jake Woods",2196,430646
"Jason Bulger","ARI",0.20952381,0.70512821,0.42076503,0.63636364,0.90909091,0.83116883,0.42622951,0.47916667,0.06951872,0.17647059,0.2459893,"Jason Bulger",3915,408072
"Kevin Brown","NYY",0.23104056,0.71580547,0.49142857,0.39694656,0.91295117,0.80066445,0.53714286,0.56358382,0.0974026,0.14853896,0.24594156,"Kevin Brown",642,111554
"Andrew Sisco","KCR",0.25316456,0.69798658,0.44444444,0.61,0.85096154,0.77272727,0.43001443,0.48024316,0.09978617,0.14611547,0.24590164,"Andrew Sisco",3706,434878
"Juan Padilla","NYM",0.17647059,0.6910299,0.47318008,0.48717949,0.88942308,0.82591093,0.57662835,0.65771812,0.08128544,0.16446125,0.24574669,"Juan Padilla",2532,433677
"Runelvys Hernandez","KCR",0.23766135,0.66802278,0.44540456,0.62939297,0.89403167,0.82098765,0.48271799,0.601983,0.07960784,0.1654902,0.24509804,"Runelvys Hernandez",1528,424465
"Jamey Wright","COL",0.18834081,0.6620438,0.42799114,0.51984127,0.91289967,0.82743745,0.50590842,0.56265985,0.07336757,0.17168012,0.24504769,"Jamey Wright",715,124604
"Kris Benson","NYM",0.18934426,0.67866667,0.45919118,0.53246753,0.89980354,0.83186549,0.55147059,0.61736771,0.07667032,0.1683096,0.24497992,"Kris Benson",982,150249
"Steve Reed","BAL",0.19502075,0.66894198,0.45505618,0.53191489,0.93877551,0.8600823,0.54868914,0.59060403,0.0626151,0.18232044,0.24493554,"Steve Reed",1053,121002
"Matt Whiteside","TOR",0.24,0.67391304,0.44791667,0.75,0.80645161,0.79069767,0.47916667,0.47826087,0.09183673,0.15306122,0.24489796,"Matt Whiteside",1956,124209
"Juan Carlos Oviedo","KCR",0.28372093,0.73913043,0.51326413,0.60655738,0.86377709,0.79325843,0.50403691,0.64634146,0.10514286,0.13942857,0.24457143,"Juan Carlos Oviedo",2886,434663
"Brad Hennessey","SFG",0.18631579,0.68231768,0.44079959,0.59887006,0.88872621,0.82906977,0.51307022,0.56429942,0.07484725,0.16955193,0.24439919,"Brad Hennessey",3720,430913
"Dustin Nippert","ARI",0.104,0.67375887,0.40601504,0.46153846,0.87368421,0.82407407,0.53007519,0.45588235,0.07142857,0.17293233,0.2443609,"Dustin Nippert",4426,430962
"Mark Mulder","STL",0.19519095,0.676268,0.45034872,0.5326087,0.90555556,0.82964602,0.53038858,0.57258065,0.07661692,0.16749585,0.24411277,"Mark Mulder",932,150426
"Cliff Bartosh","CHC",0.15300546,0.72727273,0.45144357,0.32142857,0.85416667,0.76744186,0.51968504,0.50549451,0.10498688,0.13910761,0.24409449,"Cliff Bartosh",1871,407802
"Doug Waechter","TBD",0.23605578,0.71395706,0.50606586,0.48945148,0.92373792,0.83561644,0.56499133,0.64739884,0.08233276,0.16166381,0.24399657,"Doug Waechter",1814,425531
"Brad Halsey","ARI",0.23902439,0.70878722,0.50832639,0.64897959,0.90061475,0.85012285,0.57327227,0.66714286,0.07580779,0.16818558,0.24399337,"Brad Halsey",4760,433517
"Hideo Nomo","TBD",0.21814007,0.66200466,0.4384037,0.64736842,0.89964789,0.83641161,0.4962406,0.58050847,0.07130535,0.17251294,0.24381829,"Hideo Nomo",666,119827
"Juan Dominguez","TEX",0.27597403,0.73369565,0.49229452,0.55882353,0.90864198,0.80521739,0.47260274,0.59615385,0.09580838,0.14798973,0.24379812,"Juan Dominguez",1796,430021
"Brian Meadows","PIT",0.27526132,0.65595463,0.45784225,0.7278481,0.93948127,0.87326733,0.47960109,0.5797546,0.05668733,0.18689105,0.24357839,"Brian Meadows",998,132785
"Ramon Ortiz","CIN",0.27224335,0.72146119,0.49676683,0.61731844,0.87658228,0.80551302,0.49980981,0.61589404,0.09632158,0.1471369,0.24345848,"Ramon Ortiz",27,150009
"Dave Williams","PIT",0.16242661,0.66582278,0.43271409,0.4939759,0.89987326,0.82931937,0.53692796,0.575,0.07319264,0.1701841,0.24337674,"Dave Williams",1013,400063
"Rafael Soriano","SEA",0.46590909,0.75,0.58108108,0.68292683,0.88888889,0.79069767,0.40540541,0.6,0.12162162,0.12162162,0.24324324,"Rafael Soriano",1100,400089
"Jim Crowell","FLA",0.26923077,0.77083333,0.59459459,0.28571429,0.94594595,0.84090909,0.64864865,0.81818182,0.09459459,0.14864865,0.24324324,"Jim Crowell",1928,112881
"Carl Pavano","NYY",0.2244898,0.68277571,0.46433204,0.56969697,0.90199637,0.82541899,0.5233463,0.55656109,0.08054124,0.16237113,0.24291237,"Carl Pavano",790,134321
"Luke Hudson","CIN",0.19312169,0.67010309,0.41881533,0.56849315,0.88131868,0.80532446,0.47317073,0.57631579,0.08188758,0.16099931,0.24288688,"Luke Hudson",1542,346873
"Sergio Mitre","CHC",0.19088937,0.68068834,0.45121951,0.51136364,0.88483146,0.81081081,0.53150407,0.56716418,0.08425276,0.15847543,0.24272818,"Sergio Mitre",1773,429901
"Yhency Brazoban","LAD",0.16730038,0.71407186,0.47319933,0.5,0.86163522,0.80530973,0.55946399,0.55205047,0.09075908,0.15181518,0.24257426,"Yhency Brazoban",2150,430674
"Matt White","WSN",0.07142857,0.68421053,0.42424242,0.5,0.84615385,0.82142857,0.57575758,0.55,0.07575758,0.16666667,0.24242424,"Matt White",1720,425665
"Dave Bush","TOR",0.18735892,0.70769231,0.49033475,0.55421687,0.8993135,0.84423077,0.58227251,0.62086957,0.07577175,0.16651076,0.24228251,"Dave Bush",4635,433657
"Doug Creek","DET",0.16756757,0.70089286,0.4596577,0.4516129,0.9044586,0.82978723,0.54767726,0.55445545,0.07823961,0.16381418,0.24205379,"Doug Creek",1202,150034
"Mike Remlinger","- - -",0.21428571,0.67847411,0.45661451,0.58333333,0.89156627,0.82242991,0.52204836,0.58241758,0.08016878,0.16174402,0.2419128,"Mike Remlinger",111,121060
"Kerry Ligtenberg","ARI",0.16949153,0.75268817,0.52631579,0.6,0.85714286,0.825,0.61184211,0.66666667,0.09150327,0.1503268,0.24183007,"Kerry Ligtenberg",100,117763
"Manny Delcarmen","BOS",0.13186813,0.63736264,0.38461538,0.33333333,0.93103448,0.82857143,0.5,0.6097561,0.06593407,0.17582418,0.24175824,"Manny Delcarmen",3180,434668
"Justin Verlander","DET",0.15189873,0.66990291,0.44505495,0.66666667,0.91304348,0.87654321,0.56593407,0.64814815,0.05494505,0.18681319,0.24175824,"Justin Verlander",8700,434378
"Dan Kolb","ATL",0.10669975,0.67827529,0.44930417,0.60465116,0.90464548,0.87610619,0.59940358,0.59259259,0.05474096,0.18670577,0.24144673,"Dan Kolb",1257,150285
"Jon Leicester","CHC",0.1,0.68674699,0.38150289,0.33333333,0.80701754,0.74242424,0.47976879,0.41304348,0.09770115,0.14367816,0.24137931,"Jon Leicester",2092,425484
"Jorge De Paula","NYY",0.10909091,0.68421053,0.40178571,0.16666667,0.8974359,0.8,0.50892857,0.5,0.08035714,0.16071429,0.24107143,"Jorge De Paula",1827,425428
"Brandon Lyon","ARI",0.23214286,0.7063197,0.49087221,0.63461538,0.88421053,0.83057851,0.54563895,0.63194444,0.08167331,0.15936255,0.24103586,"Brandon Lyon",1312,407193
"Salomon Torres","PIT",0.24965706,0.72424242,0.47516199,0.57142857,0.88912134,0.80151515,0.47516199,0.55927835,0.09225352,0.14859155,0.24084507,"Salomon Torres",1628,123415
"Russ Springer","HOU",0.21095335,0.75631769,0.49952245,0.53846154,0.83770883,0.77820268,0.52913085,0.49186992,0.1095373,0.1312559,0.2407932,"Russ Springer",1652,122620
"Jeremy Affeldt","KCR",0.21193416,0.66815145,0.43101604,0.55339806,0.93666667,0.83870968,0.4802139,0.52155172,0.06892895,0.17179215,0.2407211,"Jeremy Affeldt",583,346793
"Claudio Vargas","- - -",0.22844037,0.71128609,0.47559337,0.57429719,0.87945879,0.8079096,0.51186744,0.57679181,0.09066667,0.14977778,0.24044444,"Claudio Vargas",1695,282567
"Tom Glavine","NYM",0.19887077,0.63614458,0.42194222,0.70031546,0.8967803,0.85142025,0.51014136,0.52830189,0.06269113,0.17767584,0.24036697,"Tom Glavine",90,114849
"Shigetoshi Hasegawa","SEA",0.18091451,0.668,0.42372881,0.71428571,0.9011976,0.86117647,0.49850449,0.5483871,0.05858987,0.1817279,0.24031778,"Shigetoshi Hasegawa",1082,115586
"Danny Graves","- - -",0.17532468,0.63953488,0.4202454,0.7037037,0.91818182,0.87591241,0.52760736,0.55837563,0.05105105,0.18918919,0.24024024,"Danny Graves",326,115056
"Sidney Ponson","BAL",0.24674115,0.66868687,0.44912791,0.70188679,0.89274924,0.8381877,0.47965116,0.56470588,0.07246377,0.16763285,0.24009662,"Sidney Ponson",161,132260
"Brandon Duckworth","HOU",0.15151515,0.68987342,0.44482759,0.55,0.87155963,0.82170543,0.54482759,0.58536585,0.0777027,0.16216216,0.23986486,"Brandon Duckworth",954,346855
"John Maine","BAL",0.13428571,0.6865285,0.42391304,0.4893617,0.87924528,0.82051282,0.52445652,0.59782609,0.07588076,0.16395664,0.2398374,"John Maine",4773,429720
"Nate Bump","FLA",0.132,0.67601246,0.43782837,0.66666667,0.92626728,0.892,0.56217163,0.54545455,0.046875,0.19270833,0.23958333,"Nate Bump",1755,425546
"Brian Moehler","FLA",0.22723174,0.66817156,0.46759639,0.74603175,0.9009009,0.86666667,0.54511895,0.62931034,0.06146381,0.17792155,0.23938536,"Brian Moehler",480,119215
"Randy Choate","ARI",0.125,0.66153846,0.43362832,0.66666667,0.90697674,0.87755102,0.57522124,0.65714286,0.05982906,0.17948718,0.23931624,"Randy Choate",813,329092
"Mark Redman","PIT",0.23731237,0.64535769,0.43494287,0.68072289,0.90330189,0.84067797,0.48433468,0.57523302,0.0688897,0.17039209,0.23928179,"Mark Redman",491,150230
"Amaury Telemaco","PHI",0.15189873,0.72619048,0.44785276,0.33333333,0.85245902,0.76712329,0.51533742,0.58536585,0.10429448,0.13496933,0.2392638,"Amaury Telemaco",1802,123176
"Dana Eveland","MIL",0.192,0.70072993,0.45801527,0.47916667,0.88020833,0.8,0.52290076,0.52054795,0.08971963,0.14953271,0.23925234,"Dana Eveland",5508,445968
"Ricardo Rodriguez","TEX",0.13715711,0.64940239,0.42192691,0.67272727,0.9202454,0.88451444,0.5559247,0.58267717,0.04872647,0.19047619,0.23920266,"Ricardo Rodriguez",1585,400156
"Scott Baker","MIN",0.26835443,0.73426573,0.51092233,0.63207547,0.88571429,0.82185273,0.52063107,0.57142857,0.09090909,0.14787879,0.23878788,"Scott Baker",6176,435044
"Ricardo Rincon","OAK",0.24324324,0.72661871,0.46317512,0.55555556,0.84653465,0.76325088,0.45499182,0.56790123,0.10737179,0.13141026,0.23878205,"Ricardo Rincon",401,121215
"Jason Christiansen","- - -",0.21606648,0.64829396,0.43800539,0.6025641,0.951417,0.86769231,0.51347709,0.60576923,0.05733333,0.18133333,0.23866667,"Jason Christiansen",1111,112270
"Jake Westbrook","CLE",0.21862348,0.68277066,0.4678125,0.5617284,0.93435635,0.85370741,0.536875,0.62122905,0.0682243,0.17040498,0.23862928,"Jake Westbrook",412,150414
"Chin-hui Tsao","COL",0.23404255,0.75757576,0.50259067,0.63636364,0.86666667,0.81443299,0.51295337,0.58928571,0.09137056,0.14720812,0.23857868,"Chin-hui Tsao",1776,425835
"Seth Etherton","OAK",0.04385965,0.70744681,0.45695364,0.6,0.88721805,0.87681159,0.62251656,0.51351351,0.05629139,0.18211921,0.2384106,"Seth Etherton",322,150003
"Ricky Stone","CIN",0.26696833,0.70564516,0.4989339,0.69491525,0.92571429,0.86752137,0.52878465,0.68531469,0.06540084,0.17299578,0.23839662,"Ricky Stone",576,150392
"Vicente Padilla","PHI",0.17530225,0.69094923,0.45371474,0.56650246,0.88817891,0.83099825,0.53992849,0.54892966,0.07562696,0.16261755,0.23824451,"Vicente Padilla",964,218894
"Jerome Williams","- - -",0.19213974,0.70337302,0.45997921,0.4375,0.89562764,0.80451977,0.52390852,0.53947368,0.0893595,0.14876033,0.23811983,"Jerome Williams",1137,425532
"Dave Gassner","MIN",0.15686275,0.69333333,0.47619048,0.625,0.92307692,0.88333333,0.5952381,0.70588235,0.05555556,0.18253968,0.23809524,"Dave Gassner",3546,434559
"John Webb","TBD",0.05128205,0.68888889,0.39285714,0.5,0.83870968,0.81818182,0.53571429,0.60869565,0.07142857,0.16666667,0.23809524,"John Webb",7230,425486
"Seth McClung","TBD",0.15336788,0.67352941,0.42065491,0.52702703,0.88500728,0.82155689,0.5138539,0.494,0.07498742,0.16305989,0.23804731,"Seth McClung",1657,425528
"Wandy Rodriguez","HOU",0.17133956,0.68206522,0.44412192,0.53333333,0.89774236,0.83224401,0.5341074,0.54464286,0.07418112,0.16377649,0.23795761,"Wandy Rodriguez",2586,434643
"Derek Thompson","LAD",0.1483871,0.70322581,0.42580645,0.39130435,0.86238532,0.78030303,0.5,0.51351351,0.09324759,0.14469453,0.23794212,"Derek Thompson",2126,425663
"Rick Bauer","BAL",0.16883117,0.66666667,0.43292683,0.76923077,0.87931034,0.85915493,0.5304878,0.475,0.06097561,0.17682927,0.23780488,"Rick Bauer",125,407400
"Rick White","PIT",0.20848708,0.68012924,0.45994832,0.59292035,0.90736342,0.84082397,0.53316107,0.6035503,0.07095159,0.16611018,0.23706177,"Rick White",456,124184
"Kane Davis","MIL",0.19607843,0.7238806,0.44250871,0.66666667,0.84536082,0.80314961,0.46689895,0.48571429,0.08710801,0.14982578,0.2369338,"Kane Davis",872,282327
"Paul Wilson","CIN",0.28042328,0.69047619,0.48544974,0.68867925,0.93869732,0.86648501,0.5,0.64285714,0.06438896,0.17214192,0.23653088,"Paul Wilson",1234,124417
"Tommy Phelps","MIL",0.2097561,0.69021739,0.43701799,0.46511628,0.86614173,0.76470588,0.47300771,0.55660377,0.09950249,0.13681592,0.23631841,"Tommy Phelps",1665,425882
"Bob Howry","CLE",0.14775161,0.71695179,0.47747748,0.71014493,0.87852495,0.85660377,0.57927928,0.64620939,0.06828392,0.16801438,0.23629829,"Bob Howry",237,133982
"Scott Proctor","NYY",0.2201087,0.76923077,0.51147959,0.44444444,0.8625,0.77805486,0.53061224,0.56281407,0.11125,0.125,0.23625,"Scott Proctor",1911,429984
"Matt Herges","- - -",0.14018692,0.65957447,0.41202673,0.76666667,0.92258065,0.8972973,0.5233853,0.54545455,0.0419426,0.19426049,0.23620309,"Matt Herges",780,150382
"Brian Shackelford","CIN",0.25700935,0.69361702,0.48552339,0.54545455,0.93251534,0.83486239,0.5233853,0.55462185,0.0794702,0.15673289,0.23620309,"Brian Shackelford",2461,430939
"Jeremy Accardo","SFG",0.21395349,0.70869565,0.46966292,0.58695652,0.90797546,0.83732057,0.51685393,0.62096774,0.07572383,0.16035635,0.23608018,"Jeremy Accardo",6428,435618
"Gustavo Chacin","TOR",0.19946631,0.70973349,0.47255814,0.62876254,0.87183673,0.82414698,0.5351938,0.58027523,0.0825886,0.15346687,0.23605547,"Gustavo Chacin",2060,407860
"Jose Lima","KCR",0.22508961,0.66143345,0.4486014,0.62420382,0.92776058,0.85346843,0.51223776,0.62051282,0.06555091,0.17050209,0.236053,"Jose Lima",475,117769
"Gil Meche","SEA",0.19300912,0.65047771,0.41640747,0.73622047,0.8996328,0.86087768,0.48833593,0.53761755,0.05775194,0.17829457,0.23604651,"Gil Meche",1089,219194
"Jason Marquis","STL",0.17920209,0.66588373,0.43564356,0.62773723,0.91269841,0.85724432,0.52691832,0.55875576,0.06207536,0.17387276,0.23594812,"Jason Marquis",105,150302
"Joe Mays","MIN",0.24247492,0.65323258,0.44742354,0.77241379,0.93573265,0.89138577,0.49895266,0.61014493,0.04845447,0.1871345,0.23558897,"Joe Mays",740,150222
"Ryan Speier","COL",0.11229947,0.65384615,0.39746835,0.52380952,0.89705882,0.84713376,0.52658228,0.53153153,0.06075949,0.17468354,0.23544304,"Ryan Speier",3808,434627
"John Koronka","CHC",0.15037594,0.67307692,0.43252595,0.5,0.8952381,0.832,0.53979239,0.63157895,0.07266436,0.16262976,0.23529412,"John Koronka",2130,425655
"Mike Gosling","ARI",0.14236111,0.63120567,0.38421053,0.48780488,0.92134831,0.84018265,0.49473684,0.51948052,0.06055363,0.17474048,0.23529412,"Mike Gosling",2204,428420
"Gary Majewski","WSN",0.14457831,0.70818071,0.47428571,0.5952381,0.88448276,0.84789157,0.585,0.59308511,0.07112676,0.16408451,0.23521127,"Gary Majewski",2131,400008
"Lee Gardner","TBD",0.25862069,0.71621622,0.51515152,0.6,0.9245283,0.85294118,0.56060606,0.51351351,0.07575758,0.15909091,0.23484848,"Lee Gardner",1448,421104
"Jose Acevedo","COL",0.1908046,0.73979592,0.50635386,0.53012048,0.88735632,0.83011583,0.57478006,0.56849315,0.08486017,0.14946962,0.2343298,"Jose Acevedo",307,406895
"Aaron Sele","SEA",0.20125786,0.63340122,0.42045455,0.75,0.92926045,0.88697789,0.5072314,0.59082218,0.04717949,0.18666667,0.23384615,"Aaron Sele",34,121986
"Kyle Davies","ATL",0.18157895,0.68252081,0.44472205,0.6884058,0.87456446,0.83848315,0.52529669,0.55086849,0.0710315,0.16244595,0.23347746,"Kyle Davies",3642,434678
"Wade Miller","BOS",0.21345708,0.67614339,0.4374626,0.59782609,0.8976234,0.82216142,0.48414123,0.52415459,0.0777512,0.15550239,0.23325359,"Wade Miller",568,150063
"Joe Valentine","CIN",0.25,0.78947368,0.47923323,0.51111111,0.83809524,0.74,0.42492013,0.59210526,0.12460064,0.1086262,0.23322684,"Joe Valentine",1810,407907
"Victor Santos","MIL",0.19148936,0.66861436,0.4323641,0.59111111,0.90262172,0.83430799,0.50484619,0.5125,0.07048093,0.16252073,0.23300166,"Victor Santos",446,276343
"Jason Jennings","COL",0.17361111,0.67601246,0.41907661,0.53142857,0.89554531,0.81840194,0.48858447,0.51724138,0.07556675,0.15717884,0.23274559,"Jason Jennings",434,407298
"Pedro Liriano","PHI",0.2,0.7027027,0.43396226,0.52941176,0.86538462,0.7826087,0.46540881,0.55,0.09433962,0.13836478,0.2327044,"Pedro Liriano",2119,425538
"Kevin Correia","SFG",0.17234469,0.67004049,0.41993958,0.45348837,0.90030211,0.80815348,0.49748238,0.51136364,0.07984032,0.15269461,0.23253493,"Kevin Correia",1767,429781
"Mike Koplove","ARI",0.15384615,0.69544365,0.45298013,0.53846154,0.90689655,0.85087719,0.55231788,0.53456221,0.06788512,0.16449086,0.23237598,"Mike Koplove",63,407377
"Jesus Colome","TBD",0.11875,0.73141487,0.46540027,0.34210526,0.87868852,0.81924198,0.56580733,0.54716981,0.08277704,0.14953271,0.23230975,"Jesus Colome",1198,400125
"LaTroy Hawkins","- - -",0.14155251,0.69785575,0.44164038,0.58064516,0.89664804,0.85,0.53943218,0.53846154,0.06555671,0.16649324,0.23204995,"LaTroy Hawkins",729,115629
"Scott Feldman","TEX",0.17777778,0.70666667,0.50833333,0.375,0.94339623,0.86885246,0.625,0.45945946,0.064,0.168,0.232,"Scott Feldman",6283,444857
"Todd Coffey","CIN",0.2195122,0.71062992,0.4912854,0.57777778,0.93074792,0.86031042,0.55337691,0.61886792,0.06796117,0.1639698,0.23193096,"Todd Coffey",2467,434298
"Ryan Vogelsong","PIT",0.17151163,0.6951567,0.43597122,0.58474576,0.8954918,0.8349835,0.50503597,0.52845528,0.07158196,0.16034359,0.23192555,"Ryan Vogelsong",1011,285064
"Ryan Bukvich","TEX",0.125,0.73529412,0.37804878,0.5,0.84,0.77419355,0.41463415,0.47368421,0.08536585,0.14634146,0.23170732,"Ryan Bukvich",1531,424426
"Elmer Dessens","LAD",0.16913319,0.67184801,0.44581749,0.7125,0.90745501,0.87420043,0.55038023,0.62815884,0.05592417,0.17535545,0.23127962,"Elmer Dessens",317,113296
"Nick Regilio","TEX",0.08695652,0.72058824,0.46491228,0.58333333,0.8707483,0.8490566,0.59649123,0.65060241,0.06936416,0.16184971,0.23121387,"Nick Regilio",2226,430651
"Jose Capellan","MIL",0.40136054,0.76923077,0.54201681,0.81355932,0.85714286,0.8372093,0.38235294,0.62686567,0.08823529,0.14285714,0.23109244,"Jose Capellan",2236,430642
"Braden Looper","NYM",0.12723214,0.69078947,0.45170455,0.64912281,0.89047619,0.86163522,0.57575758,0.59409594,0.06173994,0.16931712,0.23105706,"Braden Looper",526,131702
"Tim Redding","- - -",0.12030075,0.69306931,0.42530756,0.5,0.88571429,0.83471074,0.53251318,0.51298701,0.06993007,0.16083916,0.23076923,"Tim Redding",573,400062
"Josh Hancock","CIN",0.36734694,0.71428571,0.51190476,0.63888889,1,0.84883721,0.41666667,0.61111111,0.07692308,0.15384615,0.23076923,"Josh Hancock",1606,407820
"David Sanders","CHW",0.34615385,0.76923077,0.48717949,0.77777778,1,0.89473684,0.33333333,0.8,0.05128205,0.17948718,0.23076923,"David Sanders",1693,425553
"Mike Wood","KCR",0.23123123,0.68427095,0.44224599,0.62770563,0.8909396,0.81741233,0.4657754,0.56346154,0.07976756,0.15055468,0.23032224,"Mike Wood",1806,430061
"Darrell May","- - -",0.16420664,0.67592593,0.44285714,0.70786517,0.89954338,0.86717268,0.54453782,0.56622517,0.05862647,0.17169179,0.23031826,"Darrell May",613,118469
"Tony Armas","WSN",0.16981132,0.68398268,0.43792325,0.60416667,0.89240506,0.83891753,0.5214447,0.54646018,0.06987144,0.16042482,0.23029625,"Tony Armas",761,150393
"Jason Standridge","- - -",0.20614035,0.67615658,0.46561886,0.5106383,0.93157895,0.84810127,0.55206287,0.61538462,0.06629834,0.16390424,0.23020258,"Jason Standridge",1229,285075
"Jason Johnson","DET",0.3047966,0.68432836,0.47505859,0.77689243,0.91712105,0.86751233,0.44861065,0.5990991,0.06262492,0.16755496,0.23017988,"Jason Johnson",147,116595
"Tomo Ohka","- - -",0.2605225,0.72401685,0.49607423,0.65181058,0.91076625,0.84388489,0.50820842,0.61369509,0.07684136,0.15332861,0.23016997,"Tomo Ohka",788,219594
"Josh Fogg","PIT",0.26353276,0.68152866,0.46090226,0.70810811,0.91705607,0.85399674,0.47218045,0.55660377,0.06612486,0.16401921,0.23014407,"Josh Fogg",989,150319
"Chris Bootcheck","LAA",0.21774194,0.68589744,0.47857143,0.66666667,0.92523364,0.87313433,0.55714286,0.60759494,0.05923345,0.17073171,0.22996516,"Chris Bootcheck",1842,408052
"R.A. Dickey","TEX",0.1468254,0.66803279,0.40322581,0.64864865,0.90184049,0.855,0.49193548,0.52985075,0.05846774,0.17137097,0.22983871,"R.A. Dickey",1245,285079
"Bret Prinz","LAA",0.16129032,0.73333333,0.44262295,0.4,0.86363636,0.77777778,0.49180328,0.57142857,0.09836066,0.13114754,0.2295082,"Bret Prinz",1474,400092
"Cla Meredith","BOS",0,0.55172414,0.26229508,,0.9375,0.9375,0.47540984,0.5,0.01639344,0.21311475,0.2295082,"Cla Meredith",7613,448592
"Keiichi Yabu","OAK",0.22,0.74229075,0.48230088,0.35353535,0.90504451,0.77981651,0.50221239,0.55725191,0.10480349,0.12445415,0.22925764,"Keiichi Yabu",8624,435158
"Matt Cain","SFG",0.11904762,0.73205742,0.47893258,0.57142857,0.87581699,0.84457478,0.58707865,0.51933702,0.07402235,0.15502793,0.22905028,"Matt Cain",4732,430912
"Carlos Almánzar","TEX",0.14925373,0.65625,0.39694656,0.4,0.95238095,0.84615385,0.48854962,0.60606061,0.0610687,0.16793893,0.22900763,"Carlos Almanzar",308,110179
"Tim Harikkala","OAK",0.07594937,0.69672131,0.45273632,0.66666667,0.90588235,0.89010989,0.60696517,0.53571429,0.04975124,0.17910448,0.22885572,"Tim Harikkala",1909,115475
"Terry Mulholland","MIN",0.24797844,0.7039627,0.4925,0.65217391,0.91721854,0.85532995,0.53625,0.59349593,0.0701107,0.15867159,0.22878229,"Terry Mulholland",665,119488
"Justin Lehr","MIL",0.25925926,0.73913043,0.4686907,0.49350649,0.87647059,0.75708502,0.43643264,0.57142857,0.11214953,0.11588785,0.22803738,"Justin Lehr",2163,430680
"Ray King","STL",0.18556701,0.72554348,0.48710167,0.61111111,0.88389513,0.83800623,0.55842185,0.58757062,0.07890744,0.14871017,0.2276176,"Ray King",693,150037
"Sean Burroughs","SDP",0,0.64285714,0.40909091,,1,1,0.63636364,0.71428571,0,0.22727273,0.22727273,"Sean Burroughs",1021,284568
"Shawn Chacon","- - -",0.15920398,0.67681499,0.42581423,0.50520833,0.911188,0.83758263,0.51507841,0.52453988,0.06891026,0.15825321,0.22716346,"Shawn Chacon",424,276336
"Franklyn German","DET",0.24119718,0.73186813,0.45943304,0.59854015,0.85285285,0.7787234,0.44477028,0.5037037,0.10009625,0.12704524,0.22714148,"Franklyn German",1603,407883
"Wilfredo Ledezma","DET",0.14726841,0.70212766,0.45309168,0.62903226,0.88705234,0.84941176,0.55117271,0.59401709,0.06823028,0.15884861,0.22707889,"Wilfredo Ledezma",1669,425656
"Wes Obermueller","MIL",0.22528363,0.67959184,0.4263776,0.64748201,0.9039039,0.82838983,0.44263776,0.57377049,0.07258065,0.15322581,0.22580645,"Wes Obermueller",1637,425286
"Jon Garland","CHW",0.25978191,0.71322267,0.49939504,0.68148148,0.91573034,0.85826772,0.52843315,0.59045505,0.07060954,0.15449608,0.22510561,"Jon Garland",232,279782
"Al Levine","SFG",0.20689655,0.71428571,0.484375,0.55555556,0.92,0.84946237,0.546875,0.50980392,0.07142857,0.15306122,0.2244898,"Al Levine",20,117722
"Travis Harper","TBD",0.17842324,0.70779221,0.47540984,0.68604651,0.91055046,0.87356322,0.56102004,0.57320872,0.05809859,0.16637324,0.22447183,"Travis Harper",1211,150135
"T.J. Tucker","WSN",0.23232323,0.71653543,0.50442478,0.65217391,0.92307692,0.86842105,0.5619469,0.62068966,0.06578947,0.15789474,0.22368421,"T.J. Tucker",800,324892
"Geremi Gonzalez","BOS",0.18461538,0.71143376,0.47316103,0.55952381,0.91836735,0.85504202,0.54771372,0.49590164,0.06791339,0.15551181,0.2234252,"Geremi Gonzalez",1711,114928
"Edinson Volquez","TEX",0.15231788,0.69343066,0.40972222,0.43478261,0.90526316,0.81355932,0.47569444,0.4,0.07638889,0.14583333,0.22222222,"Edinson Volquez",3990,450172
"Travis Bowyer","MIN",0.11538462,0.77570093,0.4972973,0.33333333,0.86746988,0.81521739,0.57837838,0.52380952,0.09189189,0.12972973,0.22162162,"Travis Bowyer",2653,434539
"Buddy Groom","- - -",0.18670886,0.73316062,0.48717949,0.47457627,0.91519435,0.83918129,0.54985755,0.62903226,0.07703081,0.1442577,0.22128852,"Buddy Groom",143,115183
"Matt Ginter","DET",0.25342466,0.68487395,0.44716981,0.81081081,0.91411043,0.88185654,0.4490566,0.5477707,0.05243446,0.16853933,0.22097378,"Matt Ginter",233,215197
"Hayden Penn","BAL",0.19680851,0.67708333,0.40512048,0.77027027,0.88717949,0.85501859,0.43373494,0.47191011,0.05812221,0.16244411,0.22056632,"Hayden Penn",4893,435140
"Darrell Rasner","WSN",0.125,0.63492063,0.39495798,0.42857143,0.975,0.89361702,0.52941176,0.58064516,0.04065041,0.17886179,0.2195122,"Darrell Rasner",4770,434480
"Tom Gorzelanny","PIT",0.10526316,0.68421053,0.39473684,0.33333333,0.92307692,0.84444444,0.5,0.5,0.06140351,0.15789474,0.21929825,"Tom Gorzelanny",6244,452733
"Chris Booker","CIN",0.26785714,0.76470588,0.38356164,0.86666667,0.69230769,0.78571429,0.23287671,0.6,0.08219178,0.1369863,0.21917808,"Chris Booker",2039,407094
"Dewon Brazelton","TBD",0.17877907,0.70413223,0.42459397,0.4796748,0.88732394,0.79599271,0.4679041,0.51694915,0.08575804,0.13323124,0.21898928,"Dewon Brazelton",1195,407376
"Ismael Valdez","FLA",0.22193878,0.6884058,0.46153846,0.74712644,0.90877193,0.87096774,0.51364764,0.59915612,0.05804111,0.16082225,0.21886336,"Ismael Valdez",1283,123595
"Sean Henn","NYY",0.14814815,0.65289256,0.38671875,0.6,0.89873418,0.83838384,0.47265625,0.54098361,0.0625,0.15625,0.21875,"Sean Henn",2147,430675
"Scott Erickson","LAD",0.1,0.69803063,0.4265233,0.44736842,0.9153605,0.86554622,0.54599761,0.53413655,0.05734767,0.16129032,0.21863799,"Scott Erickson",137,113884
"Gavin Floyd","PHI",0.12334802,0.68398268,0.40611354,0.42857143,0.91772152,0.84408602,0.50436681,0.49606299,0.0620985,0.15631692,0.21841542,"Gavin Floyd",3886,425856
"Lance Carter","TBD",0.20681818,0.68997669,0.44533947,0.67032967,0.92567568,0.86563307,0.49367089,0.50209205,0.05977011,0.15862069,0.2183908,"Lance Carter",1592,238796
"C.J. Nitkowski","WSN",0.25,0.66666667,0.45454545,0.57142857,1,0.88,0.49090909,0.58823529,0.05454545,0.16363636,0.21818182,"C.J. Nitkowski",570,119809
"Danys Baez","TBD",0.21602787,0.78016529,0.50551315,0.63709677,0.85805085,0.81208054,0.51314673,0.57467532,0.09499576,0.12298558,0.21798134,"Danys Baez",367,276056
"Jose Santiago","NYM",0.26415094,0.72916667,0.48514851,0.57142857,0.91428571,0.81632653,0.47524752,0.55555556,0.08910891,0.12871287,0.21782178,"Jose Santiago",972,121696
"Seth Greisinger","ATL",0.08333333,0.82222222,0.56521739,0.5,0.81081081,0.79487179,0.65217391,0.52380952,0.11594203,0.10144928,0.2173913,"Seth Greisinger",467,133960
"Tim Corcoran","TBD",0.19487179,0.7486631,0.46596859,0.44736842,0.89285714,0.79775281,0.4895288,0.55670103,0.09424084,0.12303665,0.21727749,"Tim Corcoran",2351,434898
"Jaret Wright","NYY",0.14652015,0.69244288,0.42511211,0.55,0.93147208,0.86708861,0.5103139,0.54966887,0.05625,0.16071429,0.21696429,"Jaret Wright",415,124605
"Shawn Estes","ARI",0.16201117,0.6759348,0.43859649,0.68965517,0.93191489,0.89058824,0.53818369,0.55700935,0.04798762,0.16873065,0.21671827,"Shawn Estes",873,113915
"Mark Hendrickson","TBD",0.20692141,0.71835883,0.46725664,0.6445993,0.91384318,0.85530303,0.50902655,0.56281407,0.06758669,0.14897381,0.21656051,"Mark Hendrickson",1574,424805
"Brian Cooper","SFG",0.14728682,0.67973856,0.43617021,0.73684211,0.92307692,0.89430894,0.54255319,0.57534247,0.04609929,0.17021277,0.21631206,"Brian Cooper",1295,150001
"Chad Bentz","FLA",0,0.76923077,0.54054054,,0.9,0.9,0.7027027,0.64285714,0.05405405,0.16216216,0.21621622,"Chad Bentz",1889,430566
"Ryan Drese","- - -",0.14718615,0.67870036,0.43700787,0.51470588,0.9587766,0.89076577,0.54527559,0.60377358,0.04754902,0.16862745,0.21617647,"Ryan Drese",379,400181
"D.J. Carrasco","KCR",0.18181818,0.67331118,0.42621145,0.64457831,0.93256579,0.87080103,0.4972467,0.56164384,0.0547046,0.16137856,0.21608315,"D.J. Carrasco",1666,425647
"Jose Mesa","PIT",0.25477707,0.72027972,0.47666667,0.64166667,0.89967638,0.82750583,0.47666667,0.57587549,0.08114035,0.13486842,0.21600877,"Jose Mesa",961,118986
"Horacio Ramirez","ATL",0.17,0.68353659,0.44703947,0.62605042,0.93309545,0.87932303,0.53947368,0.57260921,0.05382343,0.16212668,0.21595011,"Horacio Ramirez",110,400141
"Tanyon Sturtze","NYY",0.24,0.70169492,0.46419753,0.65333333,0.92028986,0.84929078,0.48559671,0.59638554,0.0695581,0.14566285,0.21522095,"Tanyon Sturtze",1230,122915
"Chris Spurling","DET",0.20529801,0.73567468,0.49396378,0.6344086,0.91457286,0.86150713,0.54426559,0.54929577,0.06706114,0.14792899,0.21499014,"Chris Spurling",1668,400050
"Antonio Alfonseca","FLA",0.23923445,0.73542601,0.49537037,0.56,0.89634146,0.81775701,0.5162037,0.60169492,0.08724832,0.12751678,0.2147651,"Antonio Alfonseca",260,110134
"Kirk Rueter","SFG",0.20905588,0.60820896,0.38327904,0.81105991,0.95501022,0.91076487,0.43648208,0.54805726,0.03403566,0.180443,0.21447866,"Kirk Rueter",1128,121541
"Santiago Casilla","OAK",0.0952381,0.66666667,0.38095238,1,0.85714286,0.875,0.5,0.5,0.04761905,0.16666667,0.21428571,"Santiago Casilla",2873,433586
"Craig Breslow","SDP",0.19230769,0.69852941,0.40880503,0.51428571,0.90526316,0.8,0.42767296,0.46153846,0.08176101,0.13207547,0.21383648,"Craig Breslow",4363,444520
"Jimmy Journell","STL",0.0754717,0.7,0.37864078,0.25,0.88571429,0.82051282,0.48543689,0.39130435,0.06796117,0.14563107,0.21359223,"Jimmy Journell",1161,407867
"Russ Ortiz","ARI",0.14186508,0.68625592,0.42026175,0.59440559,0.91712707,0.8638985,0.51139118,0.52450091,0.05681271,0.15647569,0.2132884,"Russ Ortiz",1124,133460
"Edwin Jackson","LAD",0.18543046,0.72762646,0.43470483,0.69642857,0.90374332,0.85596708,0.45974955,0.52238806,0.06261181,0.15026834,0.21288014,"Edwin Jackson",1841,429719
"Matt Mantei","BOS",0.12142857,0.69019608,0.39252336,0.55882353,0.88068182,0.82857143,0.47663551,0.448,0.06703911,0.1452514,0.2122905,"Matt Mantei",64,118256
"Al Leiter","- - -",0.14883721,0.65263158,0.38518519,0.625,0.92857143,0.86630037,0.4691358,0.48281016,0.0513181,0.1602812,0.2115993,"Al Leiter",883,117652
"Armando Almanza","ARI",0.16666667,0.62068966,0.35211268,1,0.83333333,0.88,0.4084507,0.42105263,0.04225352,0.16901408,0.21126761,"Armando Almanza",507,150355
"Joe Horgan","WSN",0.18032787,0.75324675,0.5,0.72727273,0.87931034,0.85507246,0.55797101,0.68181818,0.07246377,0.13768116,0.21014493,"Joe Horgan",2304,425820
"Kirk Saarloos","OAK",0.21643613,0.68760908,0.44378947,0.72180451,0.94796954,0.89089184,0.48252632,0.57478006,0.04783694,0.16181364,0.20965058,"Kirk Saarloos",1516,424164
"Jesse Foppert","SFG",0.15,0.61176471,0.34146341,0.72222222,0.90384615,0.85714286,0.41463415,0.47169811,0.04854369,0.16019417,0.20873786,"Jesse Foppert",1688,425817
"Mike Gallo","HOU",0.1328125,0.76216216,0.50479233,0.35294118,0.91489362,0.85443038,0.59105431,0.59770115,0.07165109,0.13707165,0.20872274,"Mike Gallo",1759,429760
"Wayne Franklin","NYY",0.24836601,0.69369369,0.43560606,0.68421053,0.90909091,0.83478261,0.42045455,0.40350877,0.0719697,0.13636364,0.20833333,"Wayne Franklin",557,276356
"Allan Simpson","- - -",0.14736842,0.703125,0.37106918,0.71428571,0.86666667,0.83050847,0.40251572,0.44444444,0.06289308,0.14465409,0.20754717,"Allan Simpson",1864,407817
"Jeremy Guthrie","CLE",0.21428571,0.825,0.51219512,0.44444444,0.84848485,0.76190476,0.48780488,0.65517241,0.12195122,0.08536585,0.20731707,"Jeremy Guthrie",2072,425386
"Blaine Neal","- - -",0.17142857,0.74736842,0.47123288,0.4,0.91549296,0.8255814,0.52054795,0.45945946,0.08108108,0.12432432,0.20540541,"Blaine Neal",1468,346862
"Antonio Osuna","WSN",0.07894737,0.65853659,0.37974684,0.66666667,0.92592593,0.9,0.51898734,0.47826087,0.03614458,0.1686747,0.20481928,"Antonio Osuna",249,120107
"Joe Beimel","TBD",0.14285714,0.72043011,0.45882353,0.54545455,0.94029851,0.88461538,0.54705882,0.60784314,0.05263158,0.15204678,0.20467836,"Joe Beimel",979,346847
"Anthony Lerew","ATL",0.13846154,0.69620253,0.44444444,0.44444444,0.94545455,0.875,0.54861111,0.7027027,0.05263158,0.15131579,0.20394737,"Anthony Lerew",3440,434679
"Rob Bell","TBD",0.10294118,0.73092369,0.44812362,0.47619048,0.92307692,0.87684729,0.54966887,0.52713178,0.05518764,0.14790287,0.20309051,"Rob Bell",1492,150174
"Jason Grilli","DET",0.11494253,0.744,0.48584906,0.2,0.95698925,0.88349515,0.58962264,0.63492063,0.05660377,0.14622642,0.20283019,"Jason Grilli",521,276351
"Jason Grimsley","BAL",0.15972222,0.7183908,0.46540881,0.73913043,0.904,0.87837838,0.54716981,0.49462366,0.05504587,0.14678899,0.20183486,"Jason Grimsley",602,115169
"Josh Johnson","FLA",0.16,0.71717172,0.40625,0.55,0.88732394,0.81318681,0.44196429,0.38181818,0.07589286,0.125,0.20089286,"Josh Johnson",4567,435178
"Chien-Ming Wang","NYY",0.16666667,0.73156682,0.47661188,0.57983193,0.93858268,0.88196286,0.54867257,0.5473251,0.05572949,0.14464621,0.2003757,"Chien-Ming Wang",2074,425426
"Jermaine Van Buren","CHC",0.06349206,0.66666667,0.34188034,0.25,0.86111111,0.8,0.46153846,0.48148148,0.064,0.136,0.2,"Jermaine Van Buren",2492,435278
"Scott Munter","SFG",0.19565217,0.75,0.51476015,0.82222222,0.91880342,0.90322581,0.57564576,0.67924528,0.04945055,0.15018315,0.1996337,"Scott Munter",3470,434639
"Brandon League","TOR",0.13793103,0.72661871,0.42605634,0.425,0.92574257,0.84297521,0.48943662,0.40123457,0.06643357,0.13286713,0.1993007,"Brandon League",3731,434181
"Matt Anderson","COL",0.17094017,0.72268908,0.44915254,0.6,0.94186047,0.87735849,0.50423729,0.5483871,0.05508475,0.1440678,0.19915254,"Matt Anderson",459,150183
"Zach Day","- - -",0.11320755,0.73067916,0.42303173,0.52083333,0.91346154,0.86111111,0.50176263,0.48908297,0.05787037,0.1412037,0.19907407,"Zach Day",1496,400180
"Terry Adams","PHI",0.09701493,0.72413793,0.42293907,0.46153846,0.9047619,0.8559322,0.51971326,0.41558442,0.05985915,0.13732394,0.1971831,"Terry Adams",946,110067
"Aaron Cook","COL",0.25790349,0.73356401,0.49109415,0.73548387,0.93632075,0.88255613,0.49024597,0.59663866,0.05738397,0.13839662,0.19578059,"Aaron Cook",1571,346871
"Jesse Crain","MIN",0.24319066,0.74223035,0.50047125,0.744,0.92364532,0.88135593,0.51555137,0.62269939,0.05801105,0.13627993,0.19429098,"Jesse Crain",4817,430884
"Adam Wainwright","STL",0.35,0.81818182,0.51612903,1,0.88888889,0.9375,0.35483871,1,0.03225806,0.16129032,0.19354839,"Adam Wainwright",2233,425794
"Kevin Gryboski","- - -",0.13492063,0.72222222,0.45698925,0.61764706,0.94570136,0.90196078,0.5483871,0.54545455,0.04363002,0.14834206,0.19197208,"Kevin Gryboski",91,407839
"Felix Rodriguez","NYY",0.13043478,0.74367089,0.43416928,0.64285714,0.8893617,0.85198556,0.49529781,0.5170068,0.06426332,0.12695925,0.19122257,"Felix Rodriguez",1127,121353
"Joe Saunders","LAA",0.10606061,0.72093023,0.45394737,0.71428571,0.91935484,0.89855072,0.56578947,0.56097561,0.04605263,0.14473684,0.19078947,"Joe Saunders",4366,434578
"Mike Matthews","NYM",0.04166667,0.8125,0.48214286,0,0.84615385,0.81481481,0.57142857,0.53571429,0.0862069,0.10344828,0.18965517,"Mike Matthews",1170,150347
"Matt Riley","TEX",0.15503876,0.69724771,0.40336134,0.7,0.92105263,0.875,0.45798319,0.46774194,0.05042017,0.13865546,0.18907563,"Matt Riley",164,235494
"Oscar Villarreal","ARI",0.1625,0.75268817,0.47976879,0.61538462,0.91428571,0.86746988,0.53757225,0.56140351,0.06043956,0.12637363,0.18681319,"Oscar Villarreal",1654,425629
"Jason Anderson","NYY",0.27272727,0.7037037,0.39784946,0.77777778,0.94736842,0.86486486,0.29032258,0.62962963,0.05154639,0.13402062,0.18556701,"Jason Anderson",1661,425427
"Justin Thompson","TEX",0.1,0.70588235,0.48148148,1,1,1,0.62962963,0.77777778,0,0.18518519,0.18518519,"Justin Thompson",8217,123294
"Matt Kinney","SFG",0.23966942,0.64864865,0.39487179,0.86206897,0.95833333,0.92207792,0.37948718,0.50909091,0.03076923,0.15384615,0.18461538,"Matt Kinney",737,150219
"Britt Reames","OAK",0.2,0.77358491,0.51020408,0.66666667,0.92682927,0.88,0.54081633,0.55172414,0.06122449,0.12244898,0.18367347,"Britt Reames",794,337392
"Tim Hamulack","NYM",0.1,0.84615385,0.52173913,0.5,0.81818182,0.79166667,0.56521739,0.28571429,0.1,0.08,0.18,"Tim Hamulack",1900,425787
"Logan Kensing","FLA",0.14754098,0.76923077,0.46825397,0.77777778,0.9,0.88135593,0.51587302,0.41935484,0.05555556,0.11904762,0.17460317,"Logan Kensing",6166,434137
"Masao Kida","SEA",0,0.77777778,0.60869565,,1,1,0.7826087,0.75,0,0.17391304,0.17391304,"Masao Kida",1800,150196
"Kazuhito Tadano","CLE",0.3,0.78125,0.59615385,0.83333333,0.96,0.93548387,0.61538462,0.5,0.03846154,0.13461538,0.17307692,"Kazuhito Tadano",1917,430954
"Ramiro Mendoza","NYY",0.11111111,0.88888889,0.5,0,0.875,0.77777778,0.5,,0.11111111,0.05555556,0.16666667,"Ramiro Mendoza",836,118947
"Matt Capps","PIT",0.425,0.77777778,0.56716418,0.76470588,1,0.89473684,0.40298507,0.6875,0.05970149,0.10447761,0.1641791,"Matt Capps",4788,448165
"Jon Adkins","CHW",0.14285714,0.71764706,0.47297297,1,0.98360656,0.98571429,0.57432432,0.47619048,0.00641026,0.15384615,0.16025641,"Jon Adkins",1799,424668
"Jason Karnuth","DET",0.5625,0.66666667,0.6,0.88888889,1,0.93333333,0.36,0.42857143,0.04,0.12,0.16,"Jason Karnuth",1162,400112
"Mike Esposito","COL",0.14529915,0.78761062,0.46086957,0.47058824,0.94382022,0.86792453,0.49130435,0.46575342,0.06060606,0.0952381,0.15584416,"Mike Esposito",4986,435438
"Jon Switzer","TBD",0.19402985,0.8372093,0.44545455,0.46153846,0.94444444,0.81632653,0.39090909,0.4,0.08181818,0.06363636,0.14545455,"Jon Switzer",1786,408304
"Alex Graman","NYY",0.16666667,0.8,0.51851852,1,0.91666667,0.92857143,0.55555556,0.55555556,0.03225806,0.09677419,0.12903226,"Alex Graman",1910,407800
"Tom Martin","ATL",0.05,0.88888889,0.53191489,1,0.875,0.88,0.57446809,0.57142857,0.06382979,0.06382979,0.12765957,"Tom Martin",1219,118353