Name,Team,IP,FA-Z,FT-Z,FC-Z,FS-Z,FO-Z,SI-Z,SL-Z,CU-Z,KC-Z,EP-Z,CH-Z,SC-Z,KN-Z,NameASCII,PlayerId,MLBAMID
"Martín Maldonado","MIL",1,13.050000190734863,,,,,,2.059999942779541,-1.8899999856948853,,,9.685454628684305,,10.359999656677246,"Martin Maldonado",6887,455117
"John Baker","CHC",1,,,,,,,,,,,8.598571232386998,,10.059999465942383,"John Baker",4756,434633
"Chris Gimenez","TEX",1,11.044000244140625,,11.359999656677246,,,,,,,,9.341999816894532,,9.550000190734863,"Chris Gimenez",7324,460269
"Dean Anna","NYY",1,,,,,,,,,,,,,7.640588199391084,"Dean Anna",8353,542883
"J.P. Arencibia","TEX",1,,,,,,,,,,,,,7.273999786376953,"J.P. Arencibia",697,450317
"Andrew Romine","DET",1,9.913999938964844,,9.259090770374645,,,,,-3.0199999809265137,,,8.116667005750868,,6.489999771118164,"Andrew Romine",1159,461865
"Steve Tolleson","TOR",1,,,,,,,,1.130000114440918,,,3.583749771118164,,5.46999994913737,"Steve Tolleson",4450,476270
"Leury García","CHW",1,8.449999809265137,,,,,,,,,,7.844999694824219,,5.059999942779541,"Leury Garcia",5913,544725
"Drew Butera","LAD",1.2,9.579999651227679,,9.260000228881836,,,,,,,,8.801333618164062,,5.049999872843425,"Drew Butera",3411,460077
"R.A. Dickey","TOR",215.2,5.984831830820142,,,,,,,,,-0.02509887925871126,,,1.4422224966163115,"R.A. Dickey",1245,285079
"Steven Wright","BOS",21,8.910188782889888,,,,,,,-0.6708333359824287,,,,,1.155175086589175,"Steven Wright",8185,453214
"Mike Carp","BOS",1,,,,,,,,,,,7.404499816894531,,0.7211111386617025,"Mike Carp",7480,455077
"Danny Worth","DET",2,8.609999656677246,,,,,,,-6.71999979019165,,,,,0.20676472607780905,"Danny Worth",198,519445
"Neftalí Feliz","TEX",31.2,9.331339898510514,,,,,5.379999946145451,2.631927674075207,,,,6.474098580782531,,,"Neftali Feliz",18,491703
"Xavier Cedeño","WSN",7,6.170596905608676,,,,,4.285714285714286,,-2.500277625189887,,,6.835000038146973,,,"Xavier Cedeno",36,458584
"Erik Bedard","TBR",75.2,10.878073451707815,,9.623173713684082,7.499040161132813,,8.151470132070045,,-6.1449440216349664,,,4.5166143394378295,,,"Erik Bedard",126,407853
"Mark Buehrle","TOR",202,7.165467797256097,,3.268670150914143,,,5.677940359687133,,-3.921176976991116,,,4.583011539837786,,,"Mark Buehrle",225,279824
"Daniel McCutchen","TEX",2.1,10.3226318359375,,,,,4.795999908447266,2.5933334032694497,,,,0.6700000029343826,,,"Daniel McCutchen",263,445216
"Kyle Farnsworth","- - -",28.2,7.271209046080872,,7,,,4.548571341378349,0.609636378288269,0.5600000023841858,,,4.791267824844575,,,"Kyle Farnsworth",278,150035
"Adam Dunn","CHW",1,,,,,,,1.9700000286102295,-0.4699999988079071,,,4.843500137329102,,,"Adam Dunn",319,276055
"Blake Beavan","SEA",4,8.332500457763672,,,,,6.640513102213542,0.1853333314259847,-5.835000038146973,,,5.633333206176758,,,"Blake Beavan",338,518444
"Bartolo Colon","NYM",202.1,8.848224390332945,,,,,4.462715586521976,1.2576358629309612,,,,5.189112556051221,,,"Bartolo Colon",375,112526
"CC Sabathia","NYY",46,8.915049335744122,,,,,5.982080078125,1.979378181417989,0.5966666539510092,,,5.995066731770834,,,"CC Sabathia",404,282332
"Fernando Rodney","SEA",66.1,11.006969105113637,,,,,5.57273587123803,,,,,1.6987041634573063,,,"Fernando Rodney",494,407845
"Josh Beckett","LAD",115.2,7.979329427083333,,6.201508620689655,,,6.4836818488069285,,-7.924683660523504,,,4.1618090177837175,,,"Josh Beckett",510,277417
"A.J. Burnett","PHI",213.2,7.799046514484027,,,,,5.139681134905134,,,-5.032121685189261,,1.6376894170587712,,,"A.J. Burnett",512,150359
"Jason Grilli","- - -",54,8.859348892476516,,,,,5.3816216958535685,-0.3088675056722262,,,,7.447169753740418,,,"Jason Grilli",521,276351
"Brad Penny","MIA",26,9.227551404167624,,6.3534998297691345,3.346272750334306,,5.414390359970337,,-6.641280110677084,,,,,,"Brad Penny",535,207267
"Hector Ambriz","SDP",2,7.567222595214844,,,,,,-0.8569231033325195,-9.139999389648438,,,,,,"Hector Ambriz",559,459932
"Jeremy Affeldt","SFG",55.1,,,,,,5.419138032356194,,-8.15130615234375,,,1.582732402103048,,,"Jeremy Affeldt",583,346793
"Jamey Wright","LAD",70.1,6.684999942779541,,3.732838863227725,,,5.2170232235234675,0.16218750178813934,-7.541527354389156,,,0.939182698726654,,,"Jamey Wright",715,124604
"Grant Balfour","TBR",62.1,12.014039088156814,,11.759062767028809,,,10.893332926432292,3.981812951160453,-1.1564077729160347,,,8.39625072479248,,,"Grant Balfour",718,346797
"LaTroy Hawkins","COL",54.1,6.6101255511293315,,,,,3.5071427481515065,3.0095834443063447,-4.8536766639122595,,,6.430778079562717,,,"LaTroy Hawkins",729,115629
"Kyle Lohse","MIL",198.1,10.417272394353693,,,,,8.60307071329441,2.2402705694669534,-7.52345382137883,,,4.387617979998364,,,"Kyle Lohse",739,346798
"Bruce Chen","KCR",48.1,10.240240993269955,,,,,8.845555623372396,4.711226906475082,-5.6202702908902555,,-6.2751515706380205,6.598104638991013,,,"Bruce Chen",769,136600
"Scott Downs","- - -",38,,,,,,5.051244217129896,1.0475701305353753,-7.593958324856228,,,,,,"Scott Downs",773,275933
"Randy Choate","STL",36,0.07000001668930053,,,,,-3.8969923847853534,3.340424436430691,,,,,,,"Randy Choate",813,329092
"Kris Johnson","MIN",13.1,10.139999389648438,,,,,6.67149059224573,3.0290908813476562,-5.470000267028809,,,4.7337501525878904,,,"Kris Johnson",886,453241
"Scott Carroll","CHW",129.1,6.377076885516827,,3.2752200912379617,,,2.297127376054135,-0.08444442446269686,-2.6899999586202332,,,0.7831304577813633,,,"Scott Carroll",888,453222
"Tim Hudson","SFG",189.1,6.789715662951718,,0.7232539585658482,0.16089372128104243,,2.694004699087627,,-4.6151486660571805,,,,,,"Tim Hudson",921,218596
"Randy Wolf","MIA",25.2,10.201030770527948,,11.754286221095494,,,9.236029456643497,0.2398113394683262,-9.055679321289062,,-8.899999618530273,8.143333435058594,,,"Randy Wolf",976,150116
"Bronson Arroyo","ARI",86,7.604999796549479,,,,,3.1969605637312384,1.7973664261912572,0.458364762600113,,,1.088195456598038,,,"Bronson Arroyo",978,276520
"Joe Beimel","SEA",45,7.2711383688038795,,,,,2.7758475229249777,-0.32414471475701584,-5.202962804723669,,,4.833599853515625,,,"Joe Beimel",979,346847
"Aaron Thompson","MIN",7.1,9.651666641235352,,,,,,-0.41479166348775226,-5.739999771118164,,,4.900000095367432,,,"Aaron Thompson",999,457744
"Ryan Vogelsong","SFG",184.2,8.286018352556109,,,,,5.959181598921264,7.228402879503038,-4.454567884011244,,,5.720405960993436,,,"Ryan Vogelsong",1011,285064
"Jake Peavy","- - -",202.2,9.123779951407506,,5.422689195224437,3.584418718204942,,5.795295292235018,1.6868473297269473,-1.770775623268698,,,2.049778618055956,,,"Jake Peavy",1051,408241
"Rafael Soriano","WSN",62,8.628146229619565,,6.642571585518973,,,5.945795266025038,2.301107043007943,-1.2007142475673132,,,4.59499979019165,,,"Rafael Soriano",1100,400089
"Marco Estrada","MIL",150.2,11.98576384261727,,,,,,,-6.45307232960161,,,9.517196431179071,,,"Marco Estrada",1118,462136
"Joe Nathan","DET",58,10.698090252004157,,10.858000183105469,,,6.048107172818792,3.2195618644593256,-1.850436217032823,,,6.455999755859375,,,"Joe Nathan",1122,150274
"Jerome Williams","- - -",115,6.964556695997101,,4.249508266761655,,,4.381901268549331,-0.7015294271356919,-2.410322496967931,,,4.3662499766195975,,,"Jerome Williams",1137,425532
"Tommy Hunter","BAL",60.2,10.423385763616771,,6.924179304891558,,,7.551752949140936,,-2.7795304132739145,,,2.816666603088379,,,"Tommy Hunter",1157,488984
"Adam Ottavino","COL",65,4.577914671111253,,,,,3.234722137451172,-2.395895847402996,,,,1.3662500381469727,,,"Adam Ottavino",1247,493603
"Colby Lewis","TEX",170.1,10.646584388250163,,,,,6.87681837205763,1.9668736449994868,-5.747432674373592,,,7.507981203915028,,,"Colby Lewis",1259,407890
"Pedro Beato","ATL",4.1,8.856666928245907,,,,,5.246666590372722,2.666428429739816,,-5.565999984741211,,1.479999982393705,,,"Pedro Beato",1330,474039
"Curtis Partch","CIN",7,8.92176513671875,,,,,6.210625171661377,-0.3333333333333333,,,,6.820908979936079,,,"Curtis Partch",1333,489197
"Blake Wood","CLE",6.1,8.30218760172526,,,,,,3.4300000508626303,,,,0.00857148745230266,,,"Blake Wood",1345,502028
"Evan Reed","DET",32.1,9.311242838541666,,,,,1.8709090839732776,-1.0232815797301544,,,,4.717888726128472,,,"Evan Reed",1349,519175
"Nick Hagadone","CLE",23.1,12.194427257275763,,,,,11.329999923706055,-2.4736584919254954,,,,,,,"Nick Hagadone",1351,444935
"Charlie Furbush","SEA",42.1,7.9934701492537314,,,,,2.363277859157986,-1.6777283676027313,-5.3555276658799915,,,1.4600000381469727,,,"Charlie Furbush",1370,518703
"Jason Lane","SDP",10.1,9.03106648763021,,,,,,0.14466663996378581,,,,5.126470528396905,,,"Jason Lane",1397,407835
"Joaquín Benoit","SDP",54.1,8.78707002632784,,,,,6.628397002474952,3.3518249066206662,,,,1.668015535703429,,,"Joaquin Benoit",1437,276542
"Aaron Harang","ATL",204.1,9.892779365515176,,,,,7.093302408854167,0.8829090465198863,-4.587787496632543,,,6.149329745892397,,,"Aaron Harang",1451,421685
"Felix Doubront","- - -",79.2,9.78519115899647,,5.425964801632173,,,8.392893689744016,,-8.520217563795006,,,4.41610494892249,,,"Felix Doubront",1478,467094
"Jon Edwards","TEX",8.1,9.468333491572627,,,,,2.422499895095825,1.661153793334961,,,,,,,"Jon Edwards",1483,457754
"John Lackey","- - -",198,9.092465965973574,,0.7817435360779337,,,5.270733265817901,,-4.675005744485294,,,5.3793678722162355,,,"John Lackey",1507,407793
"Oliver Pérez","ARI",58.2,8.86554472325212,,,,,4.152753599599939,0.5180274022768622,,,,,,,"Oliver Perez",1514,424144
"Sean Doolittle","OAK",62.2,11.605920610777497,,,,,8.52750015258789,,1.1722761608305432,,,9.15777842203776,,,"Sean Doolittle",1581,448281
"Cliff Lee","PHI",81.1,10.440394685259857,,7.950655577612705,,,9.560782822986576,1.8631035377239358,-7.6001391940646705,,,6.3314502512225665,,,"Cliff Lee",1636,424324
"Francisco Rodríguez","MIL",68,10.197256940155633,,,,,6.693182505321207,,-6.982232070550686,,,3.261640189897896,,,"Francisco Rodriguez",1642,408061
"Javier López","SFG",37.2,,,,,,0.1252592581289786,3.403505345394737,-2.245944552951389,,,3.429263064735814,,,"Javier Lopez",1663,425657
"Chris Capuano","- - -",97.1,,,,,,7.733244315206005,1.1627470538729714,-5.5274529457092285,,,4.078142467745163,,,"Chris Capuano",1701,425626
"Jose Valverde","NYM",20.2,6.7985764106694795,,,0.07080459046637876,,,,,,,,,,"Jose Valverde",1726,407878
"Dan Haren","LAD",186,9.574951171875,,6.463230547005426,4.204025995163691,,8.673214285714286,,,-3.523785612184543,,,,,"Dan Haren",1757,429717
"Kevin Correia","- - -",154,8.343124089278573,,8.288454085129958,,,6.802949485538891,5.451372424761455,-6.618533455365077,,,3.5952419509058413,,,"Kevin Correia",1767,429781
"Kevin Gregg","MIA",9,8.438529220281863,,6.353823493508732,2.511818278919567,,,,-3.124375104904175,,,,,,"Kevin Gregg",1793,276514
"J.J. Putz","ARI",13.2,9.571935420413668,,,3.7758452425298,,6.482062339782715,0.949999988079071,,,,,,,"J.J. Putz",1795,407816
"Neal Cotts","TEX",66.2,10.541903588079638,,5.885000228881836,,,7.83719970703125,3.3423656116832388,,,,8.45,,,"Neal Cotts",1797,425840
"Matt Belisle","COL",64.2,7.245523628566576,,5.967291464408238,,,5.592623100906122,2.351944091796875,-5.950904658862522,,,4.053120098114014,,,"Matt Belisle",1837,279571
"Edwin Jackson","CHC",140.2,9.137008643571177,,,,,6.562054628314394,0.887770622745268,-3.762956341493477,,,7.826905187899179,,,"Edwin Jackson",1841,429719
"Shawn Camp","PHI",3.1,,,,,,-2.354814882631655,1.1747058419620289,,,,-3.3757141658238004,,,"Shawn Camp",1855,425861
"Matt Moore","TBR",10,10.528586647727273,,,,,9.608800048828124,,,-6.569565482761549,,7.046060273141572,,,"Matt Moore",1890,519043
"Jason Frasor","- - -",47.1,10.313800783085643,,,,,5.118000030517578,-0.16557930255758352,,,,1.530874132276415,,,"Jason Frasor",1906,430630
"Matt Thornton","- - -",36,10.152784933255413,,4.081555514865451,,,8.693362776640873,-0.21434785490450653,,,,,,,"Matt Thornton",1918,407819
"Frank Francisco","CHW",3.2,10.338635993726326,,,1.6948276388234105,,,,-7.322000122070312,,,,,,"Frank Francisco",1933,407911
"Mike Adams","PHI",18.2,7.47773598724941,,,,,6.464666748046875,4.741414079762468,1.752916653951009,,,4.994444529215495,,,"Mike Adams",1937,430606
"Justin Germano","TEX",5.1,5.256249904632568,,5.090000152587891,,,3.198095170278398,-0.9299999475479126,-8.820952642531623,,,4.937221950954861,,,"Justin Germano",1938,430683
"Zack Greinke","LAD",202.1,9.799189444023765,,4.199999809265137,,,7.452619414483821,0.3629647279397035,-7.099520928845434,,-3.130000114440918,2.015193732209908,,,"Zack Greinke",1943,425844
"Raul Valdes","HOU",3.2,7.983333587646484,,,,,7.476738971212636,,-2.3295454545454546,,,-0.9299999872843424,,,"Raul Valdes",1953,447744
"Iván Nova","NYY",20.2,8.348532020498853,,,,,5.106190708705357,,-5.675959423334912,,,6.026153564453125,,,"Ivan Nova",1994,467100
"Buddy Carlyle","NYM",31,8.914419320913462,,,,,6.8510589599609375,3.8752540709480408,-4.0739997863769535,,,3.911249876022339,,,"Buddy Carlyle",2010,234194
"Clayton Kershaw","LAD",198.1,11.348862314782908,,,,,,4.349228643280229,-8.97135633103391,,,9.970714024135045,,,"Clayton Kershaw",2036,477132
"Justin Masterson","- - -",128.2,4.515919028784256,,,,,-1.8195130791011525,-0.09403941783998987,,,,-1.2300000190734863,,,"Justin Masterson",2038,475416
"Jorge De La Rosa","COL",184.1,7.055274835918855,,4.08235546875,1.9736199709448483,,,7.679999828338623,-6.612078750342653,,,,,,"Jorge De La Rosa",2047,407822
"Matt Guerrier","MIN",28,7.709858972886029,,4.171991592798477,,,3.8404308340167472,,-8.639608631963315,,,1.7979167302449544,,,"Matt Guerrier",2061,407825
"Jose Veras","- - -",46,,,,1.0284601397218958,,7.163891650586722,,-5.510365759223569,,,,,,"Jose Veras",2063,407842
"Jeremy Guthrie","KCR",202.2,10.337146133727233,,8.67672762784091,,,8.08643071338384,2.406594232985358,-2.971953994926365,,-3.322857175554548,6.902872288480718,,,"Jeremy Guthrie",2072,425386
"Heath Bell","TBR",17.1,10.419423029972958,,,2.9286111195882163,,7.646363691850142,,-3.083069451964728,,,3.6166667231807,,,"Heath Bell",2080,425514
"Alfredo Simon","CIN",196.1,8.461836093438123,,3.8778735632183907,2.8216732678660357,,5.211000169168307,,-4.897042623380336,,3.684411890366498,,2.9800000190734863,,"Alfredo Simon",2155,430580
"Chad Qualls","HOU",51.1,,,,,,3.155752217994546,1.802030382047588,,,,2.5299999713897705,,,"Chad Qualls",2170,430589
"Ronald Belisario","CHW",66.1,3.4869998931884765,,,,,3.126219173421836,1.1997256256813227,,,,0.44032256833968625,,,"Ronald Belisario",2203,430613
"Adam Wainwright","STL",227,8.97380805864726,,4.650458779910269,,,6.901745056085346,,-9.365992954799108,,,4.821475169697746,,,"Adam Wainwright",2233,425794
"Blaine Boyer","SDP",40.1,8.120999908447265,,,,,5.319912852411685,2.041349138532366,-6.40655149262527,,,4.490000089009603,,,"Blaine Boyer",2237,430641
"Brandon Gomes","TBR",34,9.336315757349917,,5.24579551003196,0.4204065276355278,,7.452554744525547,2.6542373915850104,0.8375000357627869,,,,,,"Brandon Gomes",2267,460156
"Joel Peralta","TBR",63.1,11.99827889516844,,9.691571916852679,6.209686033847185,,,,-3.4619021115603146,,,,,,"Joel Peralta",2332,407908
"Anthony Varvaro","ATL",54.2,9.20352896703036,,,,,,,-5.742901938302176,,,5.3663637388002625,,,"Anthony Varvaro",2385,460008
"Héctor Rondón","CHC",63.1,8.916963638797883,,5.947333441840278,,,6.462989647071678,-1.299030166074454,,,,0.3374999761581421,,,"Hector Rondon",2391,444468
"Cory Rasmus","LAA",56,10.940427033797555,,,,,6.620000319047407,1.4877315722013775,-7.584734829989347,,,5.952211565290178,,,"Cory Rasmus",2413,474284
"Corey Kluber","CLE",235.2,8.673557642886513,,,,,6.431625401450635,2.1984061999198716,-2.6435787483753392,,,3.6569925179158833,,,"Corey Kluber",2429,446372
"Lance Lynn","STL",203.2,7.652442226890757,,,,,2.4885347588117734,3.6021053916529606,-6.134948096885813,,,3.8270116345635774,,,"Lance Lynn",2520,458681
"Eric Surkamp","CHW",24.1,8.377884289449897,,3.619999885559082,,,4.737784292183671,1.1456219742937785,-6.86083510315534,,,6.45342563061004,,,"Eric Surkamp",2540,474668
"Joe Paterson","ARI",1.1,4.097272699529475,,,,,0.8936363567005504,1.721666653951009,,,,,,,"Joe Paterson",2565,519110
"Wandy Rodriguez","PIT",26.2,11.402061855670103,,,,,8.793310546875,,-8.979657734910102,,,6.5512305626502405,,,"Wandy Rodriguez",2586,434643
"Jhoulys Chacín","COL",63.1,7.216070449561403,,5.322000122070312,,,5.175215896905637,0.15236263484745236,-3.28106386441711,,,4.670483989100302,,,"Jhoulys Chacin",2608,468504
"Scott Atchison","CLE",72,8.798671970119724,,9.309999465942383,,,5.400000095367432,2.989654824110042,-8.672844252900449,,,8.28499984741211,,,"Scott Atchison",2642,425786
"Brian Matusz","BAL",51.2,11.64381840058017,,,,,10.096666971842447,2.67478813559322,-2.403283645857626,,,9.756900024414062,,,"Brian Matusz",2646,451085
"Brett Cecil","TOR",53.1,8.099859118852459,,4.147999954223633,,,5.155652763429752,,-3.224867466517857,,,5.600965302566002,,,"Brett Cecil",2660,446399
"Joba Chamberlain","DET",63,8.815029230592478,,,,,3.735454559326172,-0.4335335155965288,-5.925797196121903,,,4.538000106811523,,,"Joba Chamberlain",2692,501955
"Rick Porcello","DET",204.2,8.930816219698999,,,,,4.1262015395132305,3.148835536225201,-5.699453822704924,,,3.850995199364352,,,"Rick Porcello",2717,519144
"Scott Rice","NYM",13.2,,,,,,3.4495722316803143,1.7609999338785807,,,,1.275000015894572,,,"Scott Rice",2743,446488
"Carlos Marmol","MIA",13.1,8.216824970548116,,,,,,-1.5249275539232336,,,,,,,"Carlos Marmol",2790,461791
"Travis Snider","PIT",1,8.1899995803833,,6.909999847412109,,,6.440000057220459,5.7966664632161455,,,,6.887499809265137,,,"Travis Snider",2830,501983
"Joe Savery","OAK",4,6.884857177734375,,,,,,-0.9266666571299235,,,,5.77400016784668,,,"Joe Savery",2835,456045
"Ross Detwiler","WSN",63,9.188239820075758,,,,,6.305389404296875,-4.176650085449219,,,,4.750454642555931,,,"Ross Detwiler",2859,446321
"Drake Britton","BOS",6.2,9.421875,,,,,7.1368569510323665,-2.2026470408720127,,,,5.336666742960612,,,"Drake Britton",2868,518493
"Santiago Casilla","SFG",58.1,8.257738082804144,,,,,5.895124656958215,4.292250008418642,,-5.655649285567434,,5.137692378117488,,,"Santiago Casilla",2873,433586
"Luis Avilán","ATL",43.1,8.82248206172429,,,,,4.863189331347422,,-5.188333222360322,,,1.3425397116040427,,,"Luis Avilan",2882,501593
"Juan Carlos Oviedo","TBR",31.2,9.234151567731585,,,,,8.878484552556818,5.5883331298828125,,,,0.32927417755126953,,,"Juan Carlos Oviedo",2886,434663
"Zach McAllister","CLE",86,8.15746817171299,,6.560000101725261,,,6.100583709939553,2.3580263162914075,-1.7091129672142766,,,3.028272594105114,,,"Zach McAllister",2895,502083
"Jeff Locke","PIT",131.1,9.573333740234375,,,,,7.605877675424958,,,-6.635625053854549,,6.549800012466755,,,"Jeff Locke",2929,502046
"Bruce Billings","NYY",4,7.5711110432942705,,6.842499732971191,,,7.338571275983538,1.913333257039388,-6.560000101725261,,,7.055454600941051,,,"Bruce Billings",3044,501852
"Mitch Moreland","TEX",1,7.245714460100446,,4.179999828338623,,,5.400000254313151,2.9200000762939453,,,,,,,"Mitch Moreland",3086,519048
"Kenley Jansen","LAD",65.1,9.960392372280944,,9.329935135913775,,,,-1.996885205878586,,,,,,,"Kenley Jansen",3096,445276
"Tony Watson","PIT",77.1,,,,,,6.2112046502065485,0.19132786109799244,,,,5.044782230362354,,,"Tony Watson",3132,453265
"Max Scherzer","DET",220.1,7.77967947613978,,9.430000305175781,,,,1.4564919010285409,-2.5208151444144873,,,0.6797911641491923,,,"Max Scherzer",3137,453286
"Tim Collins","KCR",21,11.353031762584841,,7.53000020980835,,,,,-10.703150919038956,,,10.509135681905864,,,"Tim Collins",3164,525768
"David Price","- - -",248.1,10.17982540941345,,4.1272835686436675,,,8.22456917220247,,-4.699999809265137,-1.045557848423808,,5.139106544288429,,,"David Price",3184,456034
"Will Harris","ARI",29,9.014543571728188,,8.10746738050111,,,,,-8.402266438802084,,,3.6279998779296876,,,"Will Harris",3192,501789
"Chris Young","SEA",165,10.369552858551144,,,,,,1.8219972899308146,-8.181738811990488,,,7.87257867110403,,,"Chris Young",3196,432934
"Ervin Santana","ATL",196,8.077147788189826,,,,,5.791454523259943,1.6782171849710532,,,,6.4407560022865855,,,"Ervin Santana",3200,429722
"Francisco Liriano","PIT",162.1,9.223086653084591,,,,,6.705569261695906,2.439944018932075,-4.849999904632568,,,4.94775106327329,,,"Francisco Liriano",3201,434538
"Josh Stinson","BAL",13,10.443222384982638,,,,,6.864067982819121,4.337333170572917,-7.795675741659628,,,2.5625,,,"Josh Stinson",3219,502139
"Jean Machi","SFG",66.1,6.646792544958727,,,,,3.259531259536743,,0.2847697854899674,,,-0.7546822102864583,,,"Jean Machi",3220,466948
"T.J. McFarland","BAL",58.2,7.382499933242798,,,,,2.537434571708729,-0.30092716532827213,,,,1.8106410319988544,,,"T.J. McFarland",3237,519008
"Zack Britton","BAL",76.1,7.037499904632568,,,,,4.977366727941177,-2.923755560980903,,,,,,,"Zack Britton",3240,502154
"Ryan Rowland-Smith","ARI",7.1,10.289999961853027,,,,,8.603918740915697,3.022266642252604,-4.674699910481771,,,5.389999866485596,,,"Ryan Rowland-Smith",3245,434884
"Jeff Samardzija","- - -",219.2,6.875290076491725,,7.09614866767377,3.866485832273498,,3.9423373335305003,0.9907121991002282,,,,,,,"Jeff Samardzija",3254,502188
"Juan Gutierrez","SFG",63.2,9.855522181449915,,,,,7.97038208968996,,-4.745928187570172,,,4.33500010172526,,,"Juan Gutierrez",3265,434641
"Jordan Walden","ATL",50,9.259909650404676,,,,,,-0.3867906792219295,,,,4.999565124511719,,,"Jordan Walden",3271,477229
"Roberto Hernandez","- - -",164.2,8.398697727410369,,,,,5.925775195905554,2.9021733021219447,,,,1.8416212751102594,,,"Roberto Hernandez",3273,433584
"Joe Smith","LAA",74.2,2.1366410214676814,,,,,-3.5860725034125234,2.450744438765576,,,,,,,"Joe Smith",3281,501925
"Nate Adcock","TEX",10,7.951499938964844,,,,,2.793469487404337,0.8356249928474426,,,,2.196666717529297,,,"Nate Adcock",3282,502264
"Hiroki Kuroda","NYY",199,9.809235679597007,,7.770999908447266,1.9316740866268383,,6.046114247813566,3.4456249418712797,-2.1561075005649535,,,,,,"Hiroki Kuroda",3283,493133
"Aníbal Sánchez","DET",126,10.914424192558215,,10.563486501711225,5.363166215237338,,9.310839126160095,3.3597754692544743,-3.4498794739504897,,,6.708441399908685,,,"Anibal Sanchez",3284,434671
"Hector Noesí","- - -",172.1,8.6618796900699,,,,,4.0474683544303796,4.581239068198959,-4.003654633181162,,,5.592277794192744,,,"Hector Noesi",3292,456051
"Chris Hatcher","MIA",56,10.313383076144973,,,3.01953125,,6.959867516342475,1.7845460992110402,,,,,,,"Chris Hatcher",3299,501822
"Darren O'Day","BAL",68.2,3.7207121952399382,,,,,-3.276802240416061,1.6617451586754493,,,,-3.3110000610351564,,,"Darren O'Day",3321,503285
"Matt Garza","MIL",163.1,10.113319021404712,,,,,8.208165785845589,2.7869796612425186,-8.673790716355846,,,7.640357426234654,,,"Matt Garza",3340,490063
"Cesár Ramos","TBR",82.2,8.756262190006101,,,,,4.665833314259847,3.296093797683716,-10.44144263634315,-7.090000152587891,,7.769407371238426,,,"Cesar Ramos",3357,459987
"Ubaldo Jiménez","BAL",125.1,9.955727769276594,,9.380000523158483,5.220602095439172,,7.847239363656698,2.6285802189705305,-4.159747039215474,,,,,,"Ubaldo Jimenez",3374,434622
"Jumbo Díaz","CIN",34.2,8.02817116822714,,4.440000057220459,,,5.074387842295121,1.0340462392465228,,,,3.0697436210436697,,,"Jumbo Diaz",3397,471822
"Kevin Whelan","DET",1.1,11.099545565518467,,,,,,0.5150000095367432,,,,2.6649999618530273,,,"Kevin Whelan",3462,460128
"André Rienzo","CHW",64.2,9.843422140029663,,4.129860593028278,,,8.08346293395732,,-6.4263898388143055,,,5.83119385278047,,,"Andre Rienzo",3507,516589
"Danny Duffy","KCR",149.1,11.139379901155147,,,,,9.532231004932259,,-5.844572681967945,,,8.547566992895943,,,"Danny Duffy",3542,518633
"Clay Buchholz","BOS",170.1,9.022455207993808,,5.461248594341856,4.40802001953125,,5.935289030015593,,-6.87383495873307,,,6.4388941033568905,,,"Clay Buchholz",3543,453329
"Carlos Frías","LAD",32.1,7.252089543129081,,3.354603237575955,,,5.074718529069927,,-2.3326922930203953,,,4.531333499484592,,,"Carlos Frias",3547,516910
"Liam Hendriks","- - -",32.2,9.881807963053385,,,,,7.731835858575229,2.5519191857540244,-6.358935325376449,,,4.702957207815988,,,"Liam Hendriks",3548,521230
"C.J. Wilson","LAA",175.2,9.143724199986353,,4.4731348791787795,,,5.962291606225133,0.4326666828552027,-4.469497314001848,,,6.998576059391361,,,"C.J. Wilson",3580,450351
"Brian Schlitter","CHC",56.1,8.461666870117188,,,,,5.50192854020979,-0.17697414858587857,,,,4.149999618530273,,,"Brian Schlitter",3599,489295
"Jim Johnson","- - -",53.1,8.38243226747255,,,,,6.1476235162644155,,-4.7749473170230265,,,3.7244183287328605,,,"Jim Johnson",3656,462382
"Logan Ondrusek","CIN",41,9.94788062054178,,7.839387854751275,,,8.453749974568685,,-4.019425315418463,,,5.327948545798277,,,"Logan Ondrusek",3677,446185
"Skip Schumaker","CIN",1,10.075000762939453,,8.725555419921875,,,,,-6.960000038146973,,,8.330000305175782,,,"Skip Schumaker",3704,435401
"Brandon League","LAD",63,-0.8071428707667759,,,-0.25771929646096037,,1.8284144713251913,0.35212904407132056,,,,,,,"Brandon League",3731,434181
"Cesar Jimenez","PHI",16,9.484444512261284,,,,,,2.6916901494415715,,,,3.2199998643663195,,,"Cesar Jimenez",3762,462945
"Felipe Paulino","CHW",18.1,9.238344228951036,,,,,7.262321472167969,0.7970492253538037,-5.061817978367661,,,5.775435074515965,,,"Felipe Paulino",3777,462956
"Mat Latos","CIN",102.1,10.369340230082418,,10.290579615672229,-0.33421524116276624,,9.759555844907407,4.438989192881483,-4.5739999624399035,,,,,,"Mat Latos",3815,502009
"Ricky Nolasco","MIN",159,8.604094735096755,,8.193333307902018,1.6054661112620419,,5.0134491589604595,-0.7941854241188993,-7.540191985748627,,,,,,"Ricky Nolasco",3830,445060
"Zach Duke","MIL",58.2,7.1022580054498485,,,,,1.362771461123512,4.370920924136513,-3.123056083813048,,,2.6413889990912542,,,"Zach Duke",3840,435043
"Brett Oberholtzer","HOU",143.2,10.696526006235828,,,,,8.748668094758065,5.601066589355469,,-3.252266296653248,,6.140435791015625,,,"Brett Oberholtzer",3855,519085
"Rubby De La Rosa","BOS",101.2,8.093506399827977,,,,,5.02439016442958,1.3822623982149012,-1.471999994913737,,,4.832494105975588,,,"Rubby De La Rosa",3862,523989
"Zeke Spruill","ARI",22.2,7.924166838328044,,,,,4.925792787133194,-1.2614583174387615,-6.768771924470601,,,3.336249828338623,,,"Zeke Spruill",3873,543809
"Ethan Martin","PHI",4,9.32511582485465,,,,,6.050000190734863,0.4606249928474426,-9.78499984741211,,,3.239999771118164,,,"Ethan Martin",3877,543495
"Gavin Floyd","ATL",54.1,7.3481911107113485,,3.0496552566002153,,,5.1179999457465275,,-3.5869013826612015,,,6.0936362526633525,,,"Gavin Floyd",3886,425856
"Casey Fien","MIN",63.1,9.53254178204114,,,,,8.769318320534445,4.489914667038691,-2.0631884146427764,,,,,,"Casey Fien",3926,502272
"David Carpenter","ATL",61,7.946475840571275,,,,,4.174166679382324,0.05631783581519312,,,,2.773888905843099,,,"David Carpenter",3959,502304
"Edward Mujica","BOS",60,9.675134729456019,,,1.803775153641592,,4.608648764120566,1.5086300645244721,,,,,,,"Edward Mujica",3970,465629
"Edinson Volquez","PIT",192.2,7.588720041737215,,,,,5.50573985021593,,,-7.669803793913399,,1.5487569072914478,,,"Edinson Volquez",3990,450172
"Allen Webster","BOS",59,8.712729503111017,,,,,5.184418434320494,0.9888957204994249,-1.7045454545454546,,,6.330145678473908,,,"Allen Webster",3993,543903
"Josh Outman","- - -",28.1,9.943108988549426,,,,,7.9953010742922865,3.914318258112127,-6.781667073567708,,,6.335681568492543,,,"Josh Outman",4004,489189
"Yusmeiro Petit","SFG",117,10.024242558755166,,9.186237901744276,,,,6.428408252949617,1.1809452493392414,,,8.507049393784152,,,"Yusmeiro Petit",4020,433589
"Héctor Santiago","LAA",127.1,11.197889956435716,,5.845775257457387,,,9.184415608955812,3.3349997997283936,-0.045763548959064954,,,5.209826029901919,2.6838461068960338,,"Hector Santiago",4026,502327
"Eury De La Rosa","ARI",36.2,7.14245439009233,,,,,3.127923114483173,3.683819181355999,-4.8651947417816555,,,-2.472361034817166,,,"Eury De La Rosa",4055,545001
"Brian Duensing","MIN",54.1,9.063813358904367,,,,,7.1557445358321115,2.0563766677658277,-5.735958099365234,,,5.913846138196114,,,"Brian Duensing",4064,488846
"Pedro Strop","CHC",61,9.402535574776786,,,,,6.475279553101794,-1.4084023344968568,,,,5.127636302601207,,,"Pedro Strop",4070,467008
"Junichi Tazawa","BOS",63,9.978068768332582,,,,4.56139990234375,,-3.3310001373291014,-7.833627738204657,,,,,,"Junichi Tazawa",4079,547749
"Erik Cordier","SFG",6,8.65648671743032,,,,,8.25,-0.828000005086263,,,,,,,"Erik Cordier",4086,449170
"James Russell","- - -",57.2,10.583394800165042,,10.14979438259177,,,7.9241643253761005,4.388456531192945,-3.1935713359287807,,,9.354350387670433,,,"James Russell",4089,460701
"Luke Gregerson","OAK",72.1,4.921596233661358,,6.683999633789062,,,1.2699899314937735,0.48653534392983805,-0.4071428435189383,,,1.5696250200271606,,,"Luke Gregerson",4090,502381
"Carlos Villanueva","CHC",77.2,10.872821992286896,,,,,8.881079557900117,2.2127120318579765,-1.47640699837076,,-3.9099998474121094,7.339004659207068,,,"Carlos Villanueva",4138,453646
"Derek Holland","TEX",37,11.131666819254557,,,,,8.343281843344863,4.4958140646764475,,-0.5963235076736001,,6.465681596235796,,,"Derek Holland",4141,502706
"Jake Arrieta","CHC",156.2,9.511125220848056,,4.71999979019165,,,8.35224251472513,3.227831338652482,-9.395228876131718,,,4.3215955846449905,,,"Jake Arrieta",4153,453562
"Wilton Lopez","COL",6.1,5.997812271118164,,,2.809565005095109,,4.71073169243045,2.105789385343853,,,,,,,"Wilton Lopez",4227,446641
"Jered Weaver","LAA",213.1,10.662603156289112,,10.186308790373323,,,9.105006844944006,0.8862575142683383,-3.7216025706615947,,,9.073920397444487,,,"Jered Weaver",4235,450308
"Brad Lincoln","PHI",2.1,8.812857491629464,,,,,5.505000114440918,,-2.0244998931884766,,,0.47499998410542804,,,"Brad Lincoln",4241,453184
"David Huff","- - -",59,9.435000092128538,,5.319311623495133,,,12.300000190734863,-0.02368419421346564,0.35500001907348633,,,8.222499988697193,,,"David Huff",4257,453307
"Mark Melancon","PIT",71,6.635118451034813,,4.785886730398857,6.908333460489909,,,,,-9.088218590732296,,,,,"Mark Melancon",4264,453343
"Manny Parra","CIN",36.2,8.900827092232465,,,2.5704999923706056,,6.507499694824219,0.9721292706043548,,,,,,,"Manny Parra",4279,448159
"Matt Albers","HOU",10,8.005999755859374,,,,,4.940808228772096,1.695945945945946,,,,1.4325000445048015,,,"Matt Albers",4300,458006
"Justin Wilson","PIT",60,10.994138865427928,,5.517692020961216,,,8.635170465783228,,-6.119727394797585,,,7.635000228881836,,,"Justin Wilson",4301,458677
"Aaron Poreda","TEX",21.1,8.59217585479864,,,,,4.0740000406901045,2.1956310087037316,,,,7.650000095367432,,,"Aaron Poreda",4313,519145
"Tyler Chatwood","COL",24,7.80388919890873,,,,,6.121049292293596,-0.804186089094295,-6.601176542394302,,,4.397999954223633,,,"Tyler Chatwood",4338,543022
"Kyle Drabek","TOR",3,8.501666386922201,,3.715882245232077,,,6.03000005086263,0.14124998450279236,-2.951666514078776,,,,,,"Kyle Drabek",4359,475138
"Craig Breslow","BOS",54.1,10.082729916097266,,,,,7.173442593581385,4.638799883868243,-3.5124314252068016,,,8.641768474968112,,,"Craig Breslow",4363,444520
"Joe Saunders","- - -",43,8.812913185308787,,,,,1.4969643184116908,0.9639682012891012,-3.6678261134935464,,,6.414074085376881,,,"Joe Saunders",4366,434578
"Jeremy Hellickson","TBR",63.2,9.487253824869791,,11.204999923706055,,,6.840543664020041,,-9.274433947256787,,,6.299697737679381,,,"Jeremy Hellickson",4371,476451
"Brad Mills","- - -",20.2,8.124273090110476,,4.38499995640346,,,,,-11.808493000187285,,,7.086588332232307,,,"Brad Mills",4420,502166
"Jonathon Niese","NYM",187.2,7.420012622096093,,6.010362562242445,,,4.089485430815853,-1.5099999904632568,-6.315657311211681,,,2.758244576214029,,,"Jonathon Niese",4424,477003
"Josh Wall","LAA",1,7.885000610351563,,,,,6.739999771118164,1.0828571319580078,,,,,,,"Josh Wall",4436,476205
"Jordan Zimmermann","WSN",199.2,8.507392946910251,,,,,4.341428756713867,2.633080325909515,-6.821974332752146,,,4.538252659847862,,,"Jordan Zimmermann",4505,519455
"Jason Hammel","- - -",176.1,9.622144155551732,,,,,7.420681487363467,-2.8665427817178903,-7.7064702116101,,,5.056999954522825,,,"Jason Hammel",4538,434628
"Pedro Hernandez","COL",5.2,8.515000025431315,,9.416207149110992,,,6.300000190734863,7.195370144314236,3.8333333333333335,,,7.260000228881836,,,"Pedro Hernandez",4578,517060
"Matt Lindstrom","CHW",34,9.092928750174385,,,,,5.060239090878739,0.3992307614057492,-4.682856968470982,,,4.7071429661342075,,,"Matt Lindstrom",4604,434637
"Bobby Korecky","TOR",3.1,6.970000267028809,,,,,2.2300000190734863,3.2715789393374792,1.3472726995294744,,,,,,"Bobby Korecky",4608,445090
"Joe Thatcher","- - -",30.1,3.3579387107090644,,3.76176482555913,,,,1.111941687266032,,,,,,,"Joe Thatcher",4620,491159
"Brandon McCarthy","- - -",200,9.194130664298957,,7.382091912589766,5.451666514078776,,5.422183349425396,,-4.221518054233033,,,,,,"Brandon McCarthy",4662,435221
"Sam LeCure","CIN",56.2,9.045746901939655,,,,,6.1476280849898925,4.038918984902872,,-4.660553717695718,,3.277731983932023,,,"Sam LeCure",4664,459967
"Charlie Morton","PIT",157.1,6.23677490234375,,,-1.1908961228334187,,1.3377018513942631,,-7.373670179360932,,,,,,"Charlie Morton",4676,450203
"Pat Neshek","STL",67.1,,,,,,4.040870088743932,1.200524111828172,,,,3.2444622155391807,,,"Pat Neshek",4682,450212
"Jeff Francis","- - -",20,8.836666107177734,,,,,7.219867428406975,0.7413461391742413,-3.35109381377697,,,4.3860525833932975,,,"Jeff Francis",4684,433585
"Matt Cain","SFG",90.1,7.766524845482902,,,,,4.44478516937584,1.961214338030134,-5.7110494539882595,,,1.0117213139768506,,,"Matt Cain",4732,430912
"Sergio Santos","TOR",21,9.159119873046874,,9.622857230050224,,,,-1.6631290558845766,,,,3.7281668526785716,,,"Sergio Santos",4734,435045
"Donnie Veal","CHW",6,8.111249923706055,,,,,8.083103048390356,,-2.538285609654018,,,5.364999771118164,,,"Donnie Veal",4741,453264
"Jonathan Broxton","- - -",58.2,8.344606946983546,,,,,6.229677557176159,3.680483951363512,-4.51200008392334,,,4.305000305175781,,,"Jonathan Broxton",4759,455009
"Félix Hernández","SEA",236,7.286168540396342,,,,,3.595190327536611,-4.3309131567028984,-9.88013657874104,,,0.1391593812852315,,,"Felix Hernandez",4772,433587
"Matt Shoemaker","LAA",136,11.068656391567654,,,,,8.002696072325415,2.799676344624066,,-1.2664559418673342,,4.580448421455058,,,"Matt Shoemaker",4776,533167
"Vinnie Pestano","- - -",18.2,5.402307754907852,,,,,0.7877777770713523,-3.8334376215934753,,,,,,,"Vinnie Pestano",4782,502260
"Rich Hill","- - -",5.1,8.615238371349516,,,,,4.188333384195963,-1.8015384307274451,-2.742799987792969,,,,,,"Rich Hill",4806,448179
"Brandon Maurer","SEA",69.2,9.049782009299742,,,,,4.63508511328882,1.8374400857778697,-11.776054382324219,,,4.761047183766085,,,"Brandon Maurer",4878,543506
"Scott Kazmir","OAK",190.1,11.26940280288013,,6.181868773881004,,,9.342928872105349,1.9939312001384755,-2.876538152280061,,,3.8778716780181623,,,"Scott Kazmir",4897,431148
"Jon Lester","- - -",219.2,9.26252509740776,,4.447715884349385,,,4.827794561933535,,-4.149632807378168,,,3.586138659184522,,,"Jon Lester",4930,452657
"Justin De Fratus","PHI",52.2,7.2186286272321425,,,,,4.451044794338853,-0.7059279676949879,,,,2.0402631257709705,,,"Justin De Fratus",4955,518603
"Fernando Salas","LAA",58.2,11.122705260319496,,,,,4.029230557955229,,,2.135666707356771,,5.915374621420705,,,"Fernando Salas",4971,477569
"Cole Hamels","PHI",204.2,10.251594094669118,,6.243790592055723,,,6.375510790669326,,-5.896818116056397,,,6.458478900748239,,,"Cole Hamels",4972,430935
"Fernando Abad","OAK",57.1,9.130196070562215,,5.331666628519694,,,7.693459717586974,,,-4.975683369767776,,7.78103694209346,,,"Fernando Abad",4994,472551
"Jake Diekman","PHI",71,,,,,,6.740543265964674,1.9698685960539544,,,,7.114999771118164,,,"Jake Diekman",5003,518617
"Bo Schultz","ARI",8,8.227272727272727,,,,,,-0.09444445150869864,,,,2.573333422342936,,,"Bo Schultz",5028,544759
"Dale Thayer","SDP",65.1,7.025979534059474,,,,,3.6201085629670517,-2.296153396525711,,,,1.2736052462929173,,,"Dale Thayer",5032,445612
"Yohan Flande","COL",59,8.704999923706055,,,,,4.593357975111095,0.901823481391458,,,,1.595438583552489,,,"Yohan Flande",5057,456071
"Josh Fields","HOU",54.2,11.264655514039855,,,,,,,,-8.636447625411185,,5.584685077817421,,,"Josh Fields",5070,451661
"Franklin Morales","COL",142.1,7.240307469292434,,,,,5.651632548073638,3.0128450233125528,-6.1265001150277945,,,4.810902754465739,,,"Franklin Morales",5088,462985
"Evan Meek","BAL",23.1,6.455267287392653,,5.189347640327785,,,5.865000152587891,,-3.9410524870219983,,,2.833265343490912,,,"Evan Meek",5109,457425
"Jeurys Familia","NYM",77.1,8.682856464765937,,,,,5.644525554651049,-0.10583612193231998,,,,3.56499981880188,,,"Jeurys Familia",5114,544727
"Alfredo Aceves","NYY",19.1,9.086034314385776,,5.742820544120593,3.7266667683919272,,7.097872470287567,-3.1611764945235907,-5.534444597032335,,,5.81760009765625,,,"Alfredo Aceves",5164,469686
"C.C. Lee","CLE",28,7.945000171661377,,,3.940000057220459,,4.060228933695874,,-2.4708108438027874,,,,,,"C.C. Lee",5177,547348
"Ernesto Frieri","- - -",41.2,10.1008485306141,,,,,10.77132587285005,-0.12595586215748505,,,,4.84612920207362,,,"Ernesto Frieri",5178,457117
"Mike Pelfrey","MIN",23.2,8.47136704698741,,,2.801282051282051,,5.275689019097222,4.535405339421453,-2.0893750190734863,,,,,,"Mike Pelfrey",5203,460059
"Chris Perez","LAD",46.1,6.38201904296875,,,,,2.4262898763020835,-2.6122620221480584,,,,1.9356666564941407,,,"Chris Perez",5213,453198
"Wade LeBlanc","- - -",29.2,7.872906884481741,,3.211428642272949,,,8.008765679818612,,-3.0402667236328127,,,3.390272721377286,,,"Wade LeBlanc",5221,453281
"Blake Parker","CHC",21,9.368671200139735,,,0.01333333827831127,,9.843000411987305,,-6.655353142233456,,,,,,"Blake Parker",5224,453284
"Rudy Owens","HOU",5.2,9.027273004705256,,,,,3.651142883300781,,-6.155384357158955,,,1.0480952489943731,,,"Rudy Owens",5226,502168
"Vin Mazzaro","PIT",10.1,8.853557880108173,,,,,7.22,2.4681666056315104,,,,3.9959999084472657,,,"Vin Mazzaro",5231,476570
"Chris Tillman","BAL",207.1,11.935827526277276,,12.144026322798295,,,,4.427797589983259,,-10.167491900083611,,9.169999482615895,,,"Chris Tillman",5279,501957
"Samuel Deduno","- - -",100.2,3.135925064086914,,2.633310412312602,,,,,-5.43613170105734,,,0.8921212186717024,,,"Samuel Deduno",5285,465679
"Phillippe Aumont","PHI",5.2,,,,,,6.019722408718533,2.0206521075704824,-6.389047531854539,,,,,,"Phillippe Aumont",5362,518418
"Michael Pineda","NYY",76.1,7.020446050734747,,6.080072798295454,,,4.243333498636882,-0.0787532410064301,,,,5.826000072337963,,,"Michael Pineda",5372,501381
"Jorge De Leon","HOU",7.1,10.379466959635417,,,6.151000366210938,,6.063999938964844,-2.490000009536743,,,,,,,"Jorge De Leon",5397,501529
"Brad Peacock","HOU",131.2,11.283213935654981,,,,,6.873332977294922,0.7529888894822863,,-7.517753319806218,,6.491383485536318,,,"Brad Peacock",5401,502748
"Pedro Báez","LAD",24,8.83569536876286,,,,,6.304864831872888,2.958300018310547,,,,7.23503734447338,,,"Pedro Baez",5420,520980
"Jesse Chavez","OAK",146,8.48866226237866,,6.704881338015389,,,6.4776415609690465,,-7.32107502705342,,,3.1080987247419944,,,"Jesse Chavez",5448,445926
"Arodys Vizcaíno","CHC",5,,,,,,7.953194512261285,-0.670952388218471,,,,5.142499923706055,,,"Arodys Vizcaino",5498,527055
"Dana Eveland","NYM",27.1,5.028999837239583,,,,,3.635519448812906,-1.6824719146842815,,,,1.8829999923706056,,,"Dana Eveland",5508,445968
"Madison Bumgarner","SFG",217.1,8.946612347613325,,4.796491409560382,,,8.779999732971191,,-4.66601044154724,,,5.524039234834559,,,"Madison Bumgarner",5524,518516
"Boone Logan","COL",25,8.448895975124616,,4.389999866485596,,,5.81148967337101,0.23775861455106187,,,,8.869999885559082,,,"Boone Logan",5525,457429
"Maikel Cleto","CHW",29.1,9.809562974940233,,,,,5.084054070550042,1.37825752027107,,,,5.255909312855113,,,"Maikel Cleto",5529,521055
"Phil Coke","DET",58,8.178650436178936,,,,,5.081287850578912,-3.3778765389088834,,,,4.494089610541045,,,"Phil Coke",5535,457435
"Matt Harrison","TEX",17.1,10.482461313100961,,5.558571406773159,,,7.159563083093143,,-3.010499954223633,,,7.25045429576527,,,"Matt Harrison",5551,457448
"Jair Jurrjens","COL",9.1,7.027411247702206,,6.981666564941406,,,5.774545496160334,1.5788235383875229,,,,4.500714256649926,,,"Jair Jurrjens",5556,457453
"Tyler Clippard","WSN",70.1,10.921737007472826,,,-1.6775945715002112,,,,-6.357070743336397,,,9.445058445034899,,,"Tyler Clippard",5640,461325
"Henderson Alvarez III","MIA",187,8.614877946700783,,,,,5.568463811851556,-0.784210879786485,-2.431458314259847,,-1.4800000398055366,2.5789142184787326,,,"Henderson Alvarez III",5669,506693
"Brooks Brown","COL",26,6.534999847412109,,,,,4.467077755233617,3.0569564155910327,-0.4150000015894572,,,2.166705322265625,,,"Brooks Brown",5679,453156
"Tim Lincecum","SFG",155.2,8.671279381061423,,,,,8.081050098390508,-3.993237488658716,-8.427562125286652,,,2.5776550176489446,,,"Tim Lincecum",5705,453311
"Josh Lueke","TBR",30.1,10.230952380952381,,,0.26429905401212034,,7.444225042638644,-5.169684159128289,,,,,,,"Josh Lueke",5722,518961
"Eric O'Flaherty","OAK",20,7.4397675270258,,,,,5.68839370648478,0.05774999856948852,,,,4.872000122070313,,,"Eric O'Flaherty",5746,447714
"Jorge Rondon","STL",1,5.540000279744466,,,,,,-2.7350001335144043,-4.789999961853027,,,,,,"Jorge Rondon",5791,504083
"Jason Motte","STL",25,9.283438427955316,,4.91708876211432,,,4.732105455900493,,1.809999942779541,,,5.075454365123402,,,"Jason Motte",5861,435400
"Danny Salazar","CLE",110,9.463361707982388,,,,,6.6996036945003095,2.005818176269531,,,,1.7352174178413722,,,"Danny Salazar",5867,517593
"Gonzalez Germen","NYM",30.1,7.457382714188339,,,,,3.791785648890904,0.2198571341378348,2.240000009536743,,,3.5629806518554688,,,"Gonzalez Germen",5876,542674
"Darin Downs","HOU",34.2,,,3.1923373069988905,,,9.477172414034499,,-7.9403228759765625,,,4.849456455396569,,,"Darin Downs",5903,445153
"Sean Marshall","CIN",14,5.97057146344866,,,,,5.4947060977711395,1.5700952439081102,-6.57037353515625,,,,,,"Sean Marshall",5905,445156
"Wesley Wright","CHC",48.1,7.8963398933410645,,,,,4.564155372413429,1.3324445088704426,,-4.358072238498264,,4.023791842990452,,,"Wesley Wright",5960,449079
"Jonathan Papelbon","PHI",66.1,8.425840635557432,,,1.8152413203798492,,5.727091008966619,0.588373311360677,,,,,,,"Jonathan Papelbon",5975,449097
"Francisley Bueno","KCR",32.1,9.468499755859375,,,,,5.857657847351301,-2.0124823387632977,,,,4.597659496550865,,,"Francisley Bueno",5980,499107
"Randall Delgado","ARI",77.2,10.652124502144607,,,,,7.893956685237748,1.7869565501716567,-4.479350696910512,,,6.073199876688294,,,"Randall Delgado",5985,517414
"Kelvin Herrera","KCR",70,10.375874074681409,,,,,7.98807125999814,,-6.815285818917411,,,5.783697005805619,,,"Kelvin Herrera",6033,516969
"Joe Wieland","SDP",11.1,9.041944291856554,,,,,,-2.5799999237060547,-7.963414634146342,,,4.792758612797178,,,"Joe Wieland",6109,543921
"Juan Jaime","ATL",12.1,10.60300925925926,,,,,1.5833333333333333,,-5.333333333333333,,,3.0190908258611504,,,"Juan Jaime",6127,462089
"Scott Baker","TEX",80.2,9.787339796713733,,,,,8.016062545776368,2.5111680424790777,,,,5.785925782757041,,,"Scott Baker",6176,435044
"Dellin Betances","NYY",90,8.830052101595372,,9.15999984741211,,,,,-7.676220510888287,-2.615341598923142,,,,,"Dellin Betances",6216,476454
"Kyle Kendrick","PHI",199,,,6.491831584149097,,,6.962411807923546,-6.119689520474138,,,,3.6728103111530173,,,"Kyle Kendrick",6230,452718
"Tom Gorzelanny","MIL",21,9.302410670689174,,,,,6.804455445544554,-0.43556820262562146,,,,5.317534146243578,,,"Tom Gorzelanny",6244,452733
"Trevor Cahill","ARI",110.2,7.178674996617329,,,,,3.251935097023293,2.004102511283679,,-7.380539708857913,,0.01346705636185698,,,"Trevor Cahill",6249,502239
"Scott Feldman","HOU",180.1,7.250526115908261,,4.775115263037212,,,6.03882574037064,,-5.200214376377519,,,5.936848588423295,,,"Scott Feldman",6283,444857
"David Phelps","NYY",113,9.575114708820372,,9.640944304289642,,,7.425224539466892,6.499722162882487,,-4.797397148318407,,4.558424881081176,,,"David Phelps",6316,475479
"Esmil Rogers","- - -",45.2,9.95511846617847,,6.227105228524459,,,4.357976323082333,0.5663320422172546,-4.836176367367015,,,6.073912952257239,,,"Esmil Rogers",6317,469134
"Al Alburquerque","DET",57.1,9.430282592773438,,,,,7.021000135813328,1.4838407168834669,,,,,,,"Al Alburquerque",6324,456379
"John Danks","CHW",193.2,10.637495082059353,,6.298450673339055,,,7.23482787717145,,-1.6141010117450547,,,6.343920635920699,,,"John Danks",6329,433579
"Ryan Feierabend","TEX",7.1,9.65999984741211,,,,,7.2017142159598215,1.7191667556762695,-2.6117647956399357,,,8.427856990269252,,,"Ryan Feierabend",6336,456387
"Chris Archer","TBR",194.2,9.814093899012262,,,,,7.361709843241043,-0.572136563876652,,,,7.2189697265625,,,"Chris Archer",6345,502042
"Henry Alberto Rodriguez","MIA",1.2,8.938846294696514,,,,,9.104705810546875,-1.7650000254313152,,,,6.525000095367432,,,"Henry Alberto Rodriguez",6371,469159
"Jake Odorizzi","TBR",168,11.874295365068003,,8.012361314561632,5.187875626374323,,10.329797186367754,3.3619998816287877,-8.30939423532197,,,,,,"Jake Odorizzi",6397,543606
"Trevor May","MIN",45.2,10.198122692510548,,,,,7.288666788736979,-2.4981110784742566,-6.360094466299381,,,9.723840907000113,,,"Trevor May",6398,543507
"José Cisnero","HOU",4.2,10.003055148654514,,,,,,-0.3024999499320984,-2.5172222985161676,,,3.7900002797444663,,,"Jose Cisnero",6399,542585
"Stolmy Pimentel","PIT",32.2,8.3084979268878,,,,,4.854999923706055,2.1070382254464284,,,,,,,"Stolmy Pimentel",6415,516935
"Tim Stauffer","SDP",64.1,7.787833353678385,,,,,5.244456526161968,3.3290350395336485,-7.8731764849494486,,,4.122696608639835,,,"Tim Stauffer",6432,431162
"Vance Worley","PIT",110.2,7.807220245361328,,6.7082001156277125,,,6.639064263567971,0.8599803742398037,,-5.638928100585938,,6.698060469193892,,,"Vance Worley",6435,474699
"Kevin Jepsen","LAA",65,10.345194913903061,,,,,7.5585447038922995,,-6.301473345075335,,,5.556396484375,,,"Kevin Jepsen",6475,448178
"Steve Cishek","MIA",65.1,5.126153799203726,,,,,1.4068227667557567,-1.3348440187786696,,,,-2.5899999936421714,,,"Steve Cishek",6483,518553
"Brian Wilson","LAD",48.1,7.44784891380454,,,,,4.400357200985863,4.449326434922138,-2.8253182497891514,,,5.557222154405382,,,"Brian Wilson",6485,451216
"Blaine Hardy","DET",39,11.23134095435049,,5.040349696709858,,,,,-9.618135610021147,,,4.332316589355469,,,"Blaine Hardy",6499,543278
"Josh Zeid","HOU",20.2,10.226382533482143,,10.70216245908995,,,1.9800000190734863,1.4987999325706844,,,,4.135499827067057,,,"Josh Zeid",6527,473646
"Alex Cobb","TBR",166.1,9.419407568607234,,,,,7.636962890625,,,-9.65240654240643,,3.5992782333114364,,,"Alex Cobb",6562,502171
"Tom Koehler","MIA",191.1,9.028327705609085,,,,,6.683999633789062,3.1525747014188217,,-8.34965390379324,,4.73690732975596,,,"Tom Koehler",6570,543408
"Patrick McCoy","DET",14,5.769454493667141,,,,,9.357193485383064,0.5881129234067856,,,,6.117647058823529,,,"Patrick McCoy",6605,519003
"Marc Rzepczynski","CLE",46,,,,,,4.265410639813557,-1.6205661221870087,,,,3.9075000286102295,,,"Marc Rzepczynski",6612,519240
"Pedro Figueroa","TEX",9,,,,,,8.179158100328948,5.942432300464527,,,,8.202500025431315,,,"Pedro Figueroa",6616,471896
"Brad Brach","BAL",62.1,9.085383070131462,,,1.2120805778759438,,5.259154843612456,1.5627658925157912,,,,,,,"Brad Brach",6627,542960
"Carlos Carrasco","CLE",134,7.6674425802595625,,,,,4.982625102996826,0.82973115674911,-4.301479869893848,,,0.1219572970027177,,,"Carlos Carrasco",6632,471911
"Jim Henderson","MIL",11.1,9.856345130657328,,,,,8.272500038146973,3.21294111364028,,,,,,,"Jim Henderson",6653,449104
"Craig Kimbrel","ATL",61.2,8.750144556949014,,,,,,,,-6.192125486579922,,,,,"Craig Kimbrel",6655,518886
"Alex Colomé","TBR",23.2,10.594366427460407,,3.109235247443704,,,7.488000233968099,,-1.7412308913010817,,,6.076298362330387,,,"Alex Colome",6661,517008
"Luke Putkonen","DET",2.2,10.028857421875,,,,,8.519999821980795,,,-5.655857086181641,,2.9807142530168806,,,"Luke Putkonen",6736,446367
"Cesar Cabral","NYY",1,,,,,,8.067777845594618,2.6546666463216146,,,,7.340000152587891,,,"Cesar Cabral",6741,501627
"Andrew Miller","- - -",62.1,9.713888845136088,,,,,6.291999816894531,-1.4103614163685994,,,,,,,"Andrew Miller",6785,453192
"Julio Teheran","ATL",221,8.333504316609863,,,,,4.378604043496622,1.3110245170943233,-5.269447504087936,,,5.035350391345711,,,"Julio Teheran",6797,527054
"Robbie Ross Jr.","TEX",78.1,7.058241521916165,,6.798235276166131,,,3.3629827170536437,2.230576059092646,-1.4957204223960958,,,3.7427618995545404,,,"Robbie Ross Jr.",6819,543726
"Sam Freeman","STL",38,8.876303349951362,,,1.321277787950304,,5.813496782735813,1.0987499952316284,-2.548000008719308,,,3.877500057220459,,,"Sam Freeman",6832,518693
"Jeff Manship","PHI",23,9.998485218394887,,,,,6.5921875,,0.1290517182185732,,,5.947826219641644,,,"Jeff Manship",6865,453249
"Johnny Cueto","CIN",243.2,8.765425004682816,,4.644503561205016,,,6.2347734375,0.47248102501977846,-2.5021053113435445,,,1.7440842848557692,,,"Johnny Cueto",6893,456501
"Chase Anderson","ARI",114.1,9.22314453125,,,,,6.64822998046875,,-7.424834176395716,,,5.944856119791667,,,"Chase Anderson",6895,502624
"Martín Pérez","TEX",51.1,9.744752185179456,,,,,6.790408179873512,2.915934133005666,-1.6404761662558904,,,6.69652866331999,,,"Martin Perez",6902,527048
"Joakim Soria","- - -",44.1,10.022456260476533,,9.59135247265119,,,,0.11987499757246538,-10.10084004720052,,,5.117304373478544,,,"Joakim Soria",6941,465657
"Yohan Pino","MIN",60.1,10.125670505798968,,,,,5.76750007042518,0.47649572649572647,-3.174615478515625,,,6.1068293873856705,,,"Yohan Pino",6955,464416
"Drew Storen","WSN",56.1,7.504975237165179,,,,,3.100098515900088,-3.406210648386102,,,,-0.016013606064984587,,,"Drew Storen",6983,519322
"Luis García","PHI",14,7.0055555555555555,,,,,5.537250137329101,0.04458714843889989,,,,,,,"Luis Garcia",6984,472610
"Ian Kennedy","SDP",201,9.894372508359053,,1.9299999475479126,,,7.887025470975079,2.246445417404175,,-9.292050674909255,,5.972997628646948,,,"Ian Kennedy",6986,453178
"Ryan Pressly","MIN",28.1,10.043392405790442,,,,,6.334857177734375,2.085091627281131,-5.335727443942776,,,5.581999778747559,,,"Ryan Pressly",7005,519151
"Miguel González","BAL",159,11.07878001515813,,,,,7.634915784108553,3.389033877818454,-6.157478802678298,,,2.727653950889789,,,"Miguel Gonzalez",7024,456068
"Alex Torres","SDP",54,9.481586751902675,,1.1927586259513066,,,6.5144927536231885,,-5.800000190734863,,,2.972082095943415,,,"Alex Torres",7038,456776
"Eric Fornataro","STL",9.2,7.966875076293945,,,,,4.527040754045759,,-4.545000076293945,,,,,,"Eric Fornataro",7042,543174
"James Shields","KCR",227,10.408162925138052,,2.36203857978004,,,7.488104637632978,,,-3.7212000868055557,,4.7159821446253165,,,"James Shields",7059,448306
"John Lannan","NYM",4,7.142438935070503,,,,,6.502352546243107,1.559000015258789,-5.305999755859375,,,6.118888854980469,,,"John Lannan",7080,458709
"Jonathan Pettibone","PHI",9,8.057666693793403,,,,,3.922222137451172,1.5994999885559082,,,,5.253030025597774,,,"Jonathan Pettibone",7106,543643
"Daniel Hudson","ARI",2.2,8.876922607421875,,,,,6.392999649047852,4.835000038146973,,,,4.904999869210379,,,"Daniel Hudson",7146,543339
"Chris Withrow","LAD",21.1,9.803599853515625,,5.440373207206156,,,,,-7.024242516719934,,,5.902500152587891,,,"Chris Withrow",7161,519437
"Ryan Mattheus","WSN",8.2,9.98130400284477,,4.288000106811523,-2.0938461010272684,,6.9131342190415115,-1.549999970656175,,,,,,,"Ryan Mattheus",7169,458919
"B.J. Rosenberg","PHI",12,9.337818492542613,,,,,6.833469313018176,0.8011764638564166,-5.818095252627418,,,3.536250114440918,,,"B.J. Rosenberg",7183,543725
"Greg Holland","KCR",62.1,11.278807701096893,,,4.44952160379161,,,-0.24786946045490968,,,,,,,"Greg Holland",7196,518813
"Nick Masset","COL",45,7.748072714701186,,4.584301948547363,2.9935184054904513,,6.107620030233305,,-8.720142017711293,,,,,,"Nick Masset",7267,434665
"Craig Stammen","WSN",72.2,7.814545371315696,,2.2719327486478367,,,5.416054113939335,3.507692190317007,,-5.1569851753406954,,5.25,,,"Craig Stammen",7274,489334
"Brad Ziegler","ARI",67,,,,,,-6.574076403601695,,2.7126035069572856,,,-9.031154087611608,,,"Brad Ziegler",7293,446899
"Preston Guilmet","BAL",10.1,12.059999465942383,,10.331579107987253,,,,3.112125015258789,,,,,,,"Preston Guilmet",7303,543258
"Josh Collmenter","ARI",179.1,10.470555623372396,,11.220895405263027,,,,,-6.624585741791277,,,9.05539057231493,,,"Josh Collmenter",7312,518567
"Casey Janssen","TOR",45.2,8.434184991513579,,7.575397725007972,,,6.647500356038411,3.0590976622046493,-5.568333140590735,,,5.507916768391927,,,"Casey Janssen",7355,445163
"Dan Otero","OAK",86.2,7.582442820397882,,,,,2.9206361240014096,0.3192846757652116,-3.512538420848357,,,-0.07777575290564334,,,"Dan Otero",7385,519096
"Dillon Gee","NYM",137.1,8.503976706690436,,9.367142813546318,,,6.157724291916602,0.7542500178019206,,-8.31111507278552,,2.7113489950856855,,,"Dillon Gee",7396,518716
"Javy Guerra","CHW",46.1,10.627995149381869,,10.807499885559082,,,,5.071474802579811,-7.403658735073678,,,6.177618844168527,,,"Javy Guerra",7407,457915
"J.A. Happ","TOR",158,10.523987201351174,,,,,6.56307264138724,1.7326703721826726,-5.037269990137018,,,6.164705747716567,,,"J.A. Happ",7410,457918
"Austin Adams","CLE",7,9.388260551120924,,,,,,-2.011599884033203,,,,3.508333206176758,,,"Austin Adams",7411,542866
"Mark Lowe","CLE",7,8.186756855732686,,,,,5.782500267028809,2.0378313179475716,,,,,,,"Mark Lowe",7416,450275
"Bradin Hagens","ARI",2.2,6.38861083984375,,3.126157861006887,,,4.401333491007487,,-3.6706249713897705,,,2.4756666819254556,,,"Bradin Hagens",7422,543266
"Wade Davis","KCR",72,10.981248188971113,,5.571379905523256,,,7.4151763916015625,,,-4.29967401311261,,,,,"Wade Davis",7441,451584
"Gio González","WSN",158.2,9.206092209618301,,,,,6.597146768863795,,-8.595570007600395,,,4.191737327255121,,,"Gio Gonzalez",7448,461829
"Phil Hughes","MIN",209.2,9.398447436758055,,6.046017944138732,,,6.905194032539442,,,-7.97425319723887,,7.232857295445034,,,"Phil Hughes",7450,461833
"Jim Miller","NYY",2.2,8.755217179008152,,,,,8.210000038146973,1.315999984741211,-5.913333257039388,,,0.5800000429153442,,,"Jim Miller",7458,461848
"Anthony Swarzak","MIN",86,8.122035128317519,,,,,4.943404096238156,0.3826178006476757,,,,5.87541659673055,,,"Anthony Swarzak",7466,461872
"Ryan Webb","BAL",49.1,,,,,,4.272797271088287,0.14058559005324905,,,,1.35,,,"Ryan Webb",7474,444436
"Scott Elbert","LAD",4.1,10.899599609375,,,,,7.372500101725261,1.8541935336205266,,,,,,,"Scott Elbert",7489,455092
"Tommy Layne","BOS",19,7.151891759923987,,,,,2.786168178665304,2.4085936546325684,1.4771428789411272,,,,,,"Tommy Layne",7501,518927
"Evan Scribner","OAK",11.2,11.065651935079824,,7.081666310628255,,,,,-10.578499603271485,,,9.894999694824218,,,"Evan Scribner",7525,519267
"Collin McHugh","HOU",154.2,9.624828975064768,,2.320897498497596,,,7.501785823277065,,-8.909862104668674,,-8.270000457763672,4.2343653118799605,,,"Collin McHugh",7531,543521
"Lucas Harrell","HOU",12.1,11.288214547293526,,,,,7.496225521264487,3.164359068259215,-7.0852001953125,,,5.498648566168708,,,"Lucas Harrell",7541,449173
"Jake McGee","TBR",71.1,11.682219379862094,,,,,11.071872048173804,12.129999160766602,-4.297317132717225,,,,,,"Jake McGee",7550,459429
"Nick Vincent","SDP",55,9.255517578125,,,,,6.278269254244291,5.24890940473894,,,,2.3874073734989874,,,"Nick Vincent",7555,543883
"Fernando Rodriguez Jr.","OAK",9,10.776857212611608,,6.539565376613451,,,,,-8.239500427246094,,,6.236249923706055,,,"Fernando Rodriguez Jr.",7558,451775
"Jordan Lyles","COL",126.2,6.871143866843842,,,,,4.198298888799002,2.0161480027802137,-4.383011211048473,,,2.4046061197916666,,,"Jordan Lyles",7593,543475
"Tommy Milone","- - -",118,10.09813341583969,,8.470200004577636,,,6.87445601451246,,-2.3773798630227168,,,5.333596600316419,,,"Tommy Milone",7608,543548
"Carlos Torres","NYM",97,7.51708961600688,,2.6105111140623647,,,3.466935496176443,,-9.64121769092701,,,0.543636376207525,,,"Carlos Torres",7624,448614
"Chris Leroux","NYY",2,10.798570905412946,,,,,5.435499572753907,-1.9163157814427425,,,,0.5049999952316284,,,"Chris Leroux",7645,460092
"Neil Ramírez","CHC",43.2,11.53803874302974,,,,,,3.221519650436762,-3.4434249877929686,,,6.269999980926514,,,"Neil Ramirez",7677,519166
"David Holmberg","CIN",30,8.618580282888106,,,,,6.400000095367432,0.8172340393066406,-7.0410003662109375,,,4.66763517018911,,,"David Holmberg",7725,571787
"Juan Nicasio","COL",93.2,7.006357575921666,,,,,4.0104544379494405,0.46426231874142837,,,,2.714597637968502,,,"Juan Nicasio",7731,504379
"Wily Peralta","MIL",198.2,9.139189307369403,,,,,7.060303577207998,2.4303054722971056,,,,6.556309207050121,,,"Wily Peralta",7738,503449
"Mike Fiers","MIL",71.2,10.908418725242077,,6.844539811125899,,,7.139999866485596,,-11.553072611490885,,,4.467930746550607,,,"Mike Fiers",7754,571666
"Bobby LaFromboise","PIT",3.2,,,,,,3.5705557929144964,3.5600001017252603,,,,1.8959999084472656,,,"Bobby LaFromboise",7758,489039
"Yoslan Herrera","LAA",16.2,9.969576983384684,,,,,7.671221923828125,,-1.0987301781063987,,,2.5351898579657832,,,"Yoslan Herrera",7759,506648
"Shawn Kelley","NYY",51.2,10.605450837508492,,,,,,3.1099164291594183,,,,,,,"Shawn Kelley",7773,518875
"Daisuke Matsuzaka","NYM",83.1,8.480186676310602,,6.254439864415845,2.546271114026086,,5.71340412112838,-1.0365690446797773,-6.570782027431041,,,,,,"Daisuke Matsuzaka",7775,493137
"Hunter Strickland","SFG",7,7.25923086313101,,,,,3.859999895095825,,-0.7479166984558105,,,4.126000213623047,,,"Hunter Strickland",7836,519326
"Jerry Blevins","WSN",57.1,8.539999961853027,,,,,9.070161412973873,6.296305338541667,-4.341647159352022,,,4.112592849056278,,,"Jerry Blevins",7841,460283
"Tyson Ross","SDP",195.2,8.906508741524688,,8.772857121058873,,,3.9670867919921875,0.5103044591780104,,,,4.038037451628212,,,"Tyson Ross",7872,475115
"Josh Lindblom","OAK",4.2,11.545000348772321,,,,,9.088947496916118,5.479999923706055,-7.936666700575087,,,7.825555589463976,,,"Josh Lindblom",7882,458676
"Christian Friedrich","COL",24.1,9.8063604665357,,,,,7.596972903689823,1.836644574630359,-7.8123634800766455,,,6.785937309265137,,,"Christian Friedrich",7942,543184
"Matt Daley","NYY",14.1,6.507500171661377,,,,,3.116956627887228,,0.008524597668256915,,,3.31583309173584,,,"Matt Daley",7952,457935
"Matt West","TEX",4,8.400784361596202,,,,,6.769999980926514,,-9.421111212836372,,,6.054999828338623,,,"Matt West",7980,519411
"Anthony Bass","HOU",27,8.917930866109915,,9.162284191743828,,,8.02750015258789,1.6298518428096065,-7.125,,,6.2687097364856355,,,"Anthony Bass",7982,542914
"Ramon E Ramirez","BAL",1,10.944285801478795,,,,,,5.21999979019165,,,,4.571666717529297,,,"Ramon E Ramirez",7986,430673
"Eric Stults","SDP",176,10.110953562818413,,,,,7.147631193462171,3.619497897734702,-5.59601624031377,,,2.847874803834607,,,"Eric Stults",8011,445590
"Paul Clemens","HOU",24.2,10.042477169552365,,,,,7.712758557549838,3.3475000858306885,-8.85605259945518,,,6.526750183105468,,,"Paul Clemens",8037,518560
"Glen Perkins","MIN",61.2,9.974239864864865,,,,,6.546037781913325,0.0007916708787282308,,,,,,,"Glen Perkins",8041,450282
"Jason Vargas","KCR",187,10.731220470788564,,12.539999961853027,,,8.360024246515012,,,-4.731629766811982,,7.6134059856031655,,,"Jason Vargas",8044,450306
"Will Smith","MIL",65.2,10.110339894014245,,,,,5.9081573486328125,-0.7140907160137604,-4.1475166320800785,,,7.84499994913737,,,"Will Smith",8048,519293
"Dan Jennings","MIA",40.1,6.05310794696137,,,,,1.5266666412353516,-2.063313600647174,,,,,,,"Dan Jennings",8073,543359
"Stephen Fife","LAD",6,7.902000122070312,,3.543000030517578,,,5.779999869210379,,-6.9712903422694055,,,3.6624999046325684,,,"Stephen Fife",8077,543155
"Bryan Shaw","CLE",76.1,3.99750018119812,,4.478248909728168,,,,-1.6681987637935831,,,,2.7915385319636417,,,"Bryan Shaw",8110,543766
"Jaime García","STL",43.2,6.392000169020433,,6.432777828640408,,,5.45705306933122,-1.7567889012327982,-6.7362791549327765,,,5.791697951982606,,,"Jaime Garcia",8137,448802
"Neil Wagner","TOR",10,10.244131853480539,,,,,,0.40942856924874443,,,,1.9892857415335519,,,"Neil Wagner",8162,474599
"Yovani Gallardo","MIL",192.1,9.732177454075774,,7.760000228881836,,,8.473600296545506,3.303736942453791,-6.884097618078176,,,6.307347836701767,,,"Yovani Gallardo",8173,451596
"Kevin Siegrist","STL",30.1,10.051812507955702,,,,,6.423076923076923,,1.8156522667926291,,,8.10137939453125,,,"Kevin Siegrist",8180,543779
"Nick Greenwood","STL",36,5.374889108869764,,,,,2.2729921115664986,-0.9774603280756209,-4.2507141658238,,,3.965855967891109,,,"Nick Greenwood",8182,572889
"Brett Anderson","COL",43.1,7.597161668346774,,,,,4.737919272714957,-5.7919544566761365,,-8.475372769939366,,3.714102329351963,,,"Brett Anderson",8223,474463
"David Robertson","NYY",64.1,8.920000348772321,,9.343460488108407,,,,,,-6.644610516436688,,9.931999969482423,,,"David Robertson",8241,502085
"J.P. Howell","LAD",49,9.59000015258789,,,,,2.737172656991224,-5.71999979019165,,-3.483402489626556,,3.926874876022339,,,"J.P. Howell",8245,434442
"Billy Buckner","SDP",5.2,9.640571812220982,,,,,6.976666768391927,,-5.427391383958899,,,6.686000061035156,,,"Billy Buckner",8253,434438
"Huston Street","- - -",59.1,,,,,,7.99446773968534,3.309600067138672,,,,5.612378801618304,,,"Huston Street",8258,434718
"Casey Coleman","KCR",12,9.277566995706644,,,,,6.933137183095894,0.6328846124502329,1.7949999570846558,,,-1.9900000095367432,,,"Casey Coleman",8270,488787
"Tony Sipp","HOU",50.2,10.9400582149111,,,,,7.313999938964844,0.6085418458003922,,,,2.8448705336626836,,,"Tony Sipp",8280,448609
"Lucas Luetge","SEA",9,9.050555759006077,,,,,6.176383160530253,1.9140384380634015,-7.972726995294744,,,4.224999904632568,,,"Lucas Luetge",8337,476595
"Jared Burton","MIN",64,7.795887849768814,,,,,4.602954517711293,1.7124475865930944,,,,2.002131882317777,,,"Jared Burton",8346,454537
"AJ Ramos","MIA",64,8.45273418934173,,5.4544840166645665,,,5.5776214599609375,-4.8941650390625,-7.710110982259114,,,-0.25667777591281465,,,"AJ Ramos",8350,573109
"Homer Bailey","CIN",145.2,8.436772466688751,,,,,6.9644884973577765,2.0218415213103342,,-2.824883749318677,,2.96268925522313,,,"Homer Bailey",8362,456701
"Troy Patton","- - -",14,,,,,,5.6291918513750785,1.9886364069851963,1.0328125357627869,,,2.904444447270146,,,"Troy Patton",8368,461856
"Steve Geltz","TBR",8.1,12.658365102914663,,13.023333231608072,1.74,,,1.0095651875371519,,,,,,,"Steve Geltz",8402,544993
"Alfredo Figaro","MIL",8.2,9.802604039510092,,,,,8.484999974568685,-4.71708329518636,,,,6.400000095367432,,,"Alfredo Figaro",8404,451628
"Bryan Price","CLE",2.2,7.33760009765625,,,,,2.7931818528608843,-0.6887499690055847,,,,0.4050000111262004,,,"Bryan Price",8436,458669
"Jenrry Mejia","NYM",93.2,5.046008724452617,,4.227213573160555,,,2.8639130302097486,-1.0158745550340222,-4.95981778936871,,,2.421790937943892,,,"Jenrry Mejia",8476,516769
"Danny Farquhar","SEA",71,9.327132331000435,,5.615232046154611,,,5.374299926757812,,-7.697000343706355,,,-0.9035442690306072,,,"Danny Farquhar",8501,543144
"Jeff Beliveau","TBR",24,10.15886542137633,,5.767368517423931,,,9.716867469879517,,-6.07215205325356,,,7.146250247955322,,,"Jeff Beliveau",8504,542924
"Michael Kohn","LAA",23.2,10.692624383223684,,11.536922748272236,,,6.998000144958496,-0.61505126953125,,,,3.002814004587573,,,"Michael Kohn",8505,543409
"Rob Wooten","MIL",34.1,8.483499908447266,,,1.9604651872501817,,5.809657684744221,1.1245874587458746,-6.288999938964844,,,,,,"Rob Wooten",8532,543942
"Justin Miller","DET",12.1,9.885666910807291,,,,,,-0.26082190422162616,,,,,,,"Justin Miller",8580,502522
"Dustin McGowan","TOR",82,9.631667505988675,,,,,6.680083670753101,2.4713895563493695,-5.494375020265579,,,2.9981944825914173,,,"Dustin McGowan",8600,430661
"Paul Maholm","LAD",70.2,8.991697779241598,,5.102500025431315,,,5.082762266973705,1.5837795227531373,-5.466708165518245,,-5.484091065146706,2.727258066977224,,,"Paul Maholm",8678,430904
"Justin Verlander","DET",206,10.09557185806233,,,,,4.790327728771772,3.353203011665861,-6.448373647836538,,,5.36627687726702,,,"Justin Verlander",8700,434378
"Tanner Roark","WSN",198.2,10.375166672926683,,,,,8.273644403142894,1.2047101025167666,-9.011095703125,,,6.230083072700373,,,"Tanner Roark",8753,543699
"Wade Miley","ARI",201.1,9.32856866244612,,,,,7.653899081490674,1.24910487461757,-5.30683339436849,,,7.870304519780125,,,"Wade Miley",8779,489119
"Andrew Cashner","SDP",123.1,8.635346954401088,,,,,5.789654045211835,0.8854823465132636,-0.43540735597963687,,,4.089839703470304,,,"Andrew Cashner",8782,488768
"Wilking Rodríguez","KCR",2,9.141481752748843,,,,,,,-3.430000066757202,,,4.297499656677246,,,"Wilking Rodriguez",8801,516853
"Antonio Bastardo","PHI",64,13.213104590941011,,3.680000066757202,,,,4.2298434185297,,,,8.436551324252424,,,"Antonio Bastardo",8844,455374
"Ryan Cook","OAK",50,8.507201828042978,,,,,4.811999867263349,-0.8156275846520249,,,,0.41674625339792737,,,"Ryan Cook",8855,475857
"David Martinez","HOU",7,8.14088880750868,,,,,4.161052503083882,1.9969444274902344,,,,4.862727078524503,,,"David Martinez",8893,451075
"Arquimedes Caminero","MIA",6.2,8.119210494192023,,,,,,5.088000106811523,1.9266665776570637,,,-0.11148148112826878,,,"Arquimedes Caminero",8992,491708
"Adam Warren","NYY",78.2,9.99036374866453,,10.48,,,6.9636204160493,0.8546207121048851,-6.251810869832677,,,4.85181402162064,,,"Adam Warren",9029,476589
"Jeanmar Gómez","PIT",62,9.282466634114583,,,,,4.887449311755953,0.9886043191813737,-0.20666666825612387,,,2.0183460540191303,,,"Jeanmar Gomez",9033,491646
"J.J. Hoover","CIN",62.2,9.769449979026845,,,,,4.800000190734863,-0.6798424908495325,-6.217434825067935,,,6.4663335164388025,,,"J.J. Hoover",9037,543331
"John Axford","- - -",54.2,10.092398036609996,,,,,,1.5707783956013754,-9.97068738937378,,,,,,"John Axford",9059,446099
"Kirby Yates","TBR",36,9.322203749139119,,,,,,1.9457142951405646,,-6.968095325288319,,6.135294297162225,,,"Kirby Yates",9073,489446
"Zach Putnam","CHW",54.2,9.253332889441287,,6.7552735418336,0.058623975958705936,,6.377379760742188,,,,,,,,"Zach Putnam",9080,474029
"Brad Hand","MIA",111,8.375691677661653,,,,,3.8988076462942898,,-2.416631912749368,,,5.377629247205011,,,"Brad Hand",9111,543272
"TJ House","CLE",102,13.209999084472656,,,,,3.6263267896833464,-1.2633901238441467,-3.242196491786412,,,2.6335187173427497,,,"TJ House",9121,543334
"Charlie Leesman","CHW",2.2,6.509090909090909,,,,,,,-0.5845454389398749,,,5.702856881277902,,,"Charlie Leesman",9124,489056
"Nathan Eovaldi","MIA",199.2,8.155555453190514,,,3.5843749046325684,,4.947608616041101,1.6936225112603636,-7.097516975146812,,,4.496582417548457,,,"Nathan Eovaldi",9132,543135
"Sean O'Sullivan","PHI",12.2,10.551029429716223,,,,,8.468461599105444,-1.1229268515982278,-8.86111111111111,,,7.774571337018695,,,"Sean O'Sullivan",9137,457711
"Lester Oliveros","MIN",6.1,9.615312576293945,,,,,,0.7030434815779977,,,,4.172499656677246,,,"Lester Oliveros",9167,500902
"Kyle Lobstein","DET",39.1,9.095729624249334,,3.684846115112305,,,5.718048886554997,,-4.064705904792337,,,5.9725000858306885,,,"Kyle Lobstein",9178,543456
"Vic Black","NYM",34.2,8.748583843253252,,,,,6.007937431335449,,-4.323086163855546,,,,,,"Vic Black",9195,502195
"Koji Uehara","BOS",64.1,12.173817301031404,,9.710000038146973,4.661327260785399,,10.746428571428572,6.716500091552734,0.5999999642372131,,,,,,"Koji Uehara",9227,493157
"Alex Wilson","BOS",28.1,10.844530415331196,,10.865333048502604,,,8.417014961812034,4.758039486953636,-1.1581080668681376,,,6.640434596849524,,,"Alex Wilson",9239,543935
"David Carpenter","LAA",3,4.588749885559082,,,,,2.410000071806066,1.8876922313983624,,,,,,,"David Carpenter",9244,518526
"Ryan Dennick","CIN",4.2,7.847254734413297,,,,,,0.7354838463567919,,,,7.049999872843425,,,"Ryan Dennick",9261,572810
"Daniel Corcino","CIN",18.2,8.333481400101274,,,,,5.830357006617954,-0.7983505209696662,,,,4.659310242225384,,,"Daniel Corcino",9266,542289
"Rob Scahill","COL",15,6.791468069094036,,,,,2.682592603895399,2.634714181082589,-5.731579027677837,,9.890000343322754,0.8556249737739563,,,"Rob Scahill",9286,543746
"Dylan Axelrod","CIN",18.1,6.895365738287205,,,,,5.070000143612132,1.5062999391555787,-4.018125057220459,,,4.207714571271624,,,"Dylan Axelrod",9303,518420
"Jared Hughes","PIT",64.1,6.24590897993608,,,,,1.344989601417824,2.057728783558991,,,,1.8269230769230769,,,"Jared Hughes",9325,453172
"Brandon Morrow","TOR",33.1,9.797700728493176,,,3.272659626412899,,7.638333161671956,1.8538621047447468,,-6.513684322959499,,,,,"Brandon Morrow",9346,453344
"Josh Tomlin","CLE",104,10.633114827987074,,4.472032205439669,,,6.774545496160334,,-8.037312262614254,,,5.231349301716638,,,"Josh Tomlin",9388,458708
"John Holdzkom","PIT",9,6.521678379603794,,10.40999984741211,,,6.659999847412109,,,,,1.6557143075125558,,,"John Holdzkom",9392,458720
"Zac Rosscup","CHC",13.1,10.858447488584474,,,,,7.150000095367432,0.3742646890528062,,,,,,,"Zac Rosscup",9419,573127
"Doug Fister","WSN",164,8.405150146484376,,3.3394985856681036,,,5.763683935581334,,-8.158156997047811,,,3.0910543130990416,,,"Doug Fister",9425,450729
"Dallas Keuchel","HOU",200,7.566667016689068,,4.717770716187301,,,3.6299673304194013,-1.1746849836555937,,,,4.241899648608078,,,"Dallas Keuchel",9434,572971
"Ryan Buchter","ATL",1,10.045000076293945,,,,,,,-5.537499904632568,,,,,,"Ryan Buchter",9456,488748
"Dan Straily","- - -",52,9.76350200281734,,,,,6.641275866278287,-0.4656666600289036,-3.7367073617330413,,,2.511717896427839,,,"Dan Straily",9460,573185
"George Kontos","SFG",32.1,8.730721699822809,,2.8302041397613733,,,6.096455634394778,-0.9423076923076923,,,,6.613125324249268,,,"George Kontos",9486,502004
"Phil Irwin","TEX",4,8.425416946411133,,,,,4.665000152587891,,-8.850625038146973,,,6.397777981228298,,,"Phil Irwin",9489,572947
"Jeremy Jeffress","- - -",32,8.393500181344839,,,,,4.569938253621761,,,-5.418312002759461,,1.5739091092889959,,,"Jeremy Jeffress",9490,502026
"Bud Norris","BAL",165.1,10.394185612710674,,8.0649995803833,,,7.353859349300987,1.3375961597149189,,,,4.368064634261593,,,"Bud Norris",9492,502032
"Jose Ortega","DET",1.1,8.26449966430664,,10.210000038146973,,,6.3670001983642575,-0.10375001281499863,,,,2.5333333015441895,,,"Jose Ortega",9651,514639
"Vidal Nuño","- - -",161.2,10.339989178941332,,,,,7.877770654649755,2.0801528810966876,-5.129179451879953,,,8.165521499958444,,,"Vidal Nuno",9674,573064
"Louis Coleman","KCR",34,8.666120858028018,,,,,2.7135615936697346,-0.15922077393635012,,,,,,,"Louis Coleman",9720,488786
"Burke Badenhop","BOS",70.2,8.305714198521205,,2.6500000953674316,1.44700003231273,,3.6816622047122363,1.9755454323508523,,,,,,,"Burke Badenhop",9736,488674
"David Hale","ATL",87.1,5.591849722513339,,,,,2.6611820157819888,,-1.400572507436039,,,1.5561576805678494,,,"David Hale",9756,571735
"Joe Kelly","- - -",96.1,8.407535601265822,,,,,6.385375051787405,0.777362666287265,-8.266783097211052,,,4.515237237100547,,,"Joe Kelly",9761,523260
"Garrett Richards","LAA",168.2,8.21153461860536,,6.751440533136917,,,6.4101088893869544,-3.4802934296277104,-11.898456343068373,,,5.363333638509115,,,"Garrett Richards",9784,572070
"Rex Brothers","COL",56.1,9.521585300673216,,,,,5.707999801635742,1.983654335605524,,,,7.2970835367838545,,,"Rex Brothers",9794,571521
"Miles Mikolas","TEX",57.1,8.747575609611742,,,,,6.364390303448933,1.8300000704251802,-10.029537624782986,,,4.434000172334559,,,"Miles Mikolas",9803,571945
"Sergio Romo","SFG",58,6.081252053519275,,,,,1.3736262465968276,2.3518880208333335,,,,2.4345714024135043,,,"Sergio Romo",9817,489265
"Chaz Roe","NYY",2,10.903749465942383,,,,,5.7285003662109375,2.8049998813205295,,,,,,,"Chaz Roe",9866,475054
"Michael Kirkman","TEX",5.2,,,,,,5.986585291420541,-0.09578948271901984,,,,4.829999923706055,,,"Michael Kirkman",9877,457779
"Travis Wood","CHC",173.2,11.872343552714646,,8.13869532065501,,,9.916947382666198,2.7781446638150453,-6.176216194221565,,,7.046520081910793,,,"Travis Wood",9884,475243
"Chris Rusin","CHC",12.2,8.015000343322754,,4.0527271617542615,,,3.989012164834105,4.647142682756696,-1.9708696448284646,,,2.9880001068115236,,,"Chris Rusin",9895,543734
"Pedro Villarreal","CIN",14.2,9.95287900982481,,,,,7.348648483688767,6.158615347055289,3.451219512195122,,,5.862500190734863,,,"Pedro Villarreal",9904,543881
"Kevin Slowey","MIA",37.1,10.679262863962274,,,,,7.745179494222005,5.1094998873197115,-1.0728261159813923,,,8.796425713433159,,,"Kevin Slowey",9918,458713
"Bobby Parnell","NYM",1,7.625652147376019,,,1.940000057220459,,,,,-7.510000228881836,,,,,"Bobby Parnell",9926,458730
"Brandon Kintzler","MIL",58.1,7.726771557424951,,,,,5.802228251030526,1.450178555079869,,,,4.6224529338332845,,,"Brandon Kintzler",9939,445213
"Todd Redmond","TOR",75,9.912500381469727,,,,,7.442952869007889,0.5889377264003027,,,,3.096929717482182,,,"Todd Redmond",9943,445170
"Mike Dunn","MIA",57,10.827570464974443,,,,,8.665541966756185,1.960880195599022,-8.306615389310396,,,,,,"Mike Dunn",9948,445197
"Tom Wilhelmsen","SEA",79.1,7.12488286722938,,,,,4.198755948737477,0.2848791499714275,-9.10071154233426,,,4.481873830159505,,,"Tom Wilhelmsen",9975,452666
"Taylor Thompson","CHW",5.1,,,,,,9.339166429307726,3.3344444698757596,,,,6.027273004705256,,,"Taylor Thompson",10019,543853
"Mike Minor","ATL",145.1,9.172738693467336,,,,,6.585829232057636,3.247191011235955,,-4.12860107421875,,7.466268510960821,,,"Mike Minor",10021,501985
"Tyler Matzek","COL",117.2,8.78469719519982,,,,,,-1.7761044483108215,-3.886907115425031,,,7.428191489361702,,,"Tyler Matzek",10058,554431
"Ian Krol","DET",32.2,9.643145879109701,,,,,4.509999910990397,,-4.65485831186281,,,6.290137981546336,,,"Ian Krol",10066,571871
"Caleb Thielbar","MIN",47.2,10.71012530940594,,,,,9.049286605046948,0.13015384587766898,-8.473675702069256,,,7.132799857003349,,,"Caleb Thielbar",10078,573204
"Keith Butler","STL",2,8.525076646071215,,,,,1.810000026927275,,-5.79868745803833,,,-1.4274285180228097,,,"Keith Butler",10080,572751
"Dane De La Rosa","LAA",2.1,7.8215789794921875,,7.575,1.6700000762939453,,,-7.8439994812011715,,,,4.095000267028809,,,"Dane De La Rosa",10095,451773
"Kyle Gibson","MIN",179.1,9.230063028381643,,,,,5.575585156943828,1.9887313594258957,-1.8166395675304323,,,2.532048312100497,,,"Kyle Gibson",10123,502043
"Mike Leake","CIN",214.1,4.691779702396716,,3.7463260773689515,,,3.358259537780724,-1.226274506384585,,-6.3914960612880884,,4.786231884057971,,,"Mike Leake",10130,502190
"Stephen Strasburg","WSN",215,9.12543278681201,,,,,7.2769563802083335,0.31,-7.395727625945285,,,3.179837908063616,,,"Stephen Strasburg",10131,544931
"Brad Boxberger","TBR",64.2,10.234432246767241,,10.338414606058373,,,,0.033499976992607115,-7.856666564941406,,,1.877440878568534,,,"Brad Boxberger",10133,502202
"Aaron Crow","KCR",59,9.657610057729535,,,,,7.679600260416667,-2.2529309502963364,,-4.605000019073486,,4.914865029824747,,,"Aaron Crow",10149,543070
"José Ramirez","NYY",10,8.402554922730383,,,,,,2.339354976530998,,,,3.7475001017252603,,,"Jose Ramirez",10171,542432
"Melvin Mercedes","DET",2,5.456666564941406,,,,,,1.5350000858306885,,,,5.480000178019206,,,"Melvin Mercedes",10181,542235
"Jacob Turner","- - -",113,7.779969623524655,,1.9899935798039512,,,4.7315145331291,,-2.3050814229388568,,,2.0980935682330215,,,"Jacob Turner",10185,545363
"Tyler Skaggs","LAA",113,10.904568797144396,,,,,7.727235878268954,,-8.763316761363637,,,4.851329649114884,,,"Tyler Skaggs",10190,572140
"Shelby Miller","STL",183,8.69894086451191,,3.6252000277382987,,,7.369493568420411,,-5.487166451797624,,,7.500468730926514,,,"Shelby Miller",10197,571946
"Aroldis Chapman","CIN",54,10.997014118390357,,,,,,3.777030578346752,,,,9.33857169983879,,,"Aroldis Chapman",10233,547973
"Bryan Morris","- - -",64.1,8.835936534253857,,2.322383514822346,,,5.852791098219838,,-3.4668919331318624,,,,,,"Bryan Morris",10234,457768
"Alexi Ogando","TEX",25,10.231220534752156,,10.344000244140625,,,6.455428641183036,0.26271028607805197,,,,5.716470755782782,,,"Alexi Ogando",10261,468396
"Justin Marks","KCR",2,10.468182188091856,,11.180000305175781,3.630000114440918,,,-1.3520000457763672,-6.084000015258789,,,5.197999954223633,,,"Justin Marks",10265,476123
"Tanner Scheppers","TEX",23,8.12824689424955,,,,,,-1.1600000063578289,-1.2852000204722087,,,5.300869692926821,,,"Tanner Scheppers",10267,489294
"Chris Heston","SFG",5.1,5.460000038146973,,,,,1.8411428042820521,0.9061905088878813,-5.107999992370606,,,1.3350000381469727,,,"Chris Heston",10302,518790
"Jarred Cosart","- - -",180.1,7.753415142230463,,7.093412091208457,,,5.519687294960022,,,-9.694900856270696,,6.407760009765625,,,"Jarred Cosart",10304,543054
"Roman Mendez","TEX",33,8.961763451804577,,,5.145027584499783,,6.039999961853027,0.6985809326171875,,,,1.6955105396027261,,,"Roman Mendez",10307,542669
"Zack Wheeler","NYM",185.1,8.447338830584707,,1.6026600341796875,,,6.313809921653683,8.989999771118164,-8.584516874397881,,,5.819166564941407,,,"Zack Wheeler",10310,554430
"Erasmo Ramírez","SEA",75.1,7.164496969189164,,,,,2.6311607587905157,3.4639848407946134,-3.079930098740371,,,1.0790964609169098,,,"Erasmo Ramirez",10314,541640
"Michael Tonkin","MIN",19,,,,,,5.848490473909198,-3.02999999031188,,,,0.4150000214576721,,,"Michael Tonkin",10315,543859
"Chad Jenkins","TOR",31.2,6.236000061035156,,,,,2.3685755175213483,1.1772727470893365,,,,-1.290000057220459,,,"Chad Jenkins",10326,554432
"Nick Christiani","CIN",13,6.242307809682993,,,,,4.546641109553912,1.097692269545335,,,,3.180000066757202,,,"Nick Christiani",10332,543023
"Edwin Escobar","BOS",2,9.689999787703805,,,,,3.944999933242798,,0.484285695212228,,,7.127500057220459,,,"Edwin Escobar",10337,546276
"Aaron Loup","TOR",68.2,,,,,,2.806393482646004,-3.2103616567758415,,,,0.3513960130143874,,,"Aaron Loup",10343,571901
"Robbie Erlin","SDP",61.1,10.55592299241286,,,,,12.697036495915166,-1.5794230241041918,-10.910807449625146,,,6.798431521147684,,,"Robbie Erlin",10354,572362
"Carlos Contreras","CIN",19.1,6.176732431543936,,5.076785496303013,,,3.775714329310826,,-7.058200073242188,,,1.2854999542236327,,,"Carlos Contreras",10386,542266
"Taylor Jordan","WSN",25.2,7.1906668526785715,,,,,5.6553203876201925,-0.4022222246442522,,,,2.2861165167058557,,,"Taylor Jordan",10466,518863
"Shawn Tolleson","TEX",71.2,10.911707068002352,,3.528639605256165,,,1.399999976158142,-3.8375409235719773,,,,3.248592574508102,,,"Shawn Tolleson",10481,474521
"Yoervis Medina","SEA",57,6.805960250686813,,,,,1.7568666585286459,,-5.504529879385965,,,7.677999877929688,,,"Yoervis Medina",10498,500721
"Preston Claiborne","NYY",21,10.414036342075892,,,,,8.560862731933593,2.0590940587660844,,,,8.442456209206883,,,"Preston Claiborne",10500,502011
"Mario Hollands","PHI",47,7.812114042394302,,6.84499979019165,,,,-0.39323943769428094,,,,7.283589680989583,,,"Mario Hollands",10504,571786
"Jake Petricka","CHW",73,15.710000038146973,,,,,6.1478553874694,2.0863309352517985,,,,4.8611574526186345,,,"Jake Petricka",10534,502593
"Jimmy Nelson","MIL",69.1,9.060250244140626,,,,,5.956622407925839,0.8578776661440622,,,,7.903076795431284,,,"Jimmy Nelson",10547,519076
"Daniel Webb","CHW",67.2,7.994486833604517,,,,,3.5102222583912037,-2.0110100640190973,,,,2.4369942549336163,,,"Daniel Webb",10558,543900
"Addison Reed","ARI",59.1,8.77790291078629,,8.967777676052517,,,7.201999664306641,2.2870741931632095,,,,3.388333320617676,,,"Addison Reed",10586,592665
"Chad Bettis","COL",24.2,6.0765399425202,,,,,4.806948904263771,0.8832432514912373,-2.6346666971842447,,,2.0844999313354493,,,"Chad Bettis",10587,518452
"Chris Sale","CHW",174,10.829999923706055,,,,,6.370657957257779,-1.8760079244379941,,,,3.7752359337212815,,,"Chris Sale",10603,519242
"Seth Rosin","TEX",4,9.542856852213541,,7.139999866485596,,,6.956666492280506,1.8463635878129439,,,,5.742142813546317,,,"Seth Rosin",10606,519229
"Donn Roach","SDP",30.1,6.594166715939839,,,1.5653572082519531,,3.556801173997962,,-7.514762297130766,,,,,,"Donn Roach",10620,543698
"Stephen Pryor","SEA",1.2,4.74833329518636,,,,,4.131176219267004,-2.9979999542236326,-7.159999847412109,,,1.2100000381469727,,,"Stephen Pryor",10663,543668
"Tyler Thornburg","MIL",29.2,11.565056248715049,,8.470000267028809,,,,,-7.233590674212598,,,6.892500224866365,,,"Tyler Thornburg",10688,592804
"Red Patterson","LAD",4.2,9.421316046463815,,,,,7.45923086313101,-0.2233333190282186,-1.934000015258789,,,3.1844999313354494,,,"Red Patterson",10710,572017
"Drew Hutchison","TOR",184.2,8.577978648671662,,,,,4.479856945219494,-1.251558863863032,,,,3.8978613409072316,,,"Drew Hutchison",10732,571800
"Trevor Rosenthal","STL",70.1,10.01719375484246,,,,,,3.4042857033865794,-5.163350958573191,,,6.737071644176137,,,"Trevor Rosenthal",10745,572096
"Shane Greene","NYY",78.2,9.271824208935302,,,,,5.9301801147460935,3.1821693305760785,3.0527676124321785,,,3.698016780917927,,,"Shane Greene",10756,572888
"Josh Edgin","NYM",27.1,7.2896508505178055,,,,,4.386875152587891,1.4903181596235795,0.8316399637858073,,,2.9989999771118163,,,"Josh Edgin",10796,572831
"Mike Foltynewicz","HOU",18.2,10.65788056834644,,,,,6.807471264367816,-4.986538226787861,-5.643333152488426,,,10.787142508370536,,,"Mike Foltynewicz",10811,592314
"Michael Mariot","KCR",25,10.330158536396329,,8.083333333333334,,,6.974642799014137,-0.9443434127653488,-7.7347363923725325,,,4.099032248220136,,,"Michael Mariot",10835,592527
"Chasen Shreve","ATL",12.1,10.260234832763672,,,,,,1.375849022055572,,,,0.6439130202583645,,,"Chasen Shreve",10855,592741
"Christian Bergman","COL",54.2,6.0757935989734735,,,,,2.702826016191123,2.941374478274829,-5.565459204501793,,,2.411352846802784,,,"Christian Bergman",10925,548357
"Jacob deGrom","NYM",140.1,8.629428324034604,,,,,5.782930107526882,2.5077284709898717,-2.332466433401065,,,3.1105882981244255,,,"Jacob deGrom",10954,594798
"Jake Buchanan","HOU",35.1,7.301956508470618,,,,,2.929268840393285,0.8470116105190543,-7.460222314905237,,,1.9359833081563314,,,"Jake Buchanan",10962,594772
"Chase Whitley","NYY",75.2,9.458445952007464,,,,,6.372719739479994,3.639319715161009,,,,1.973687663030783,,,"Chase Whitley",10982,595032
"Ben Rowen","TEX",8.2,,,,,,-8.644615173339844,4.010357175554548,,,,-6.619999885559082,,,"Ben Rowen",10983,594985
"Mike Bolsinger","ARI",52.1,8.966667036576705,,7.684198277597209,,,,,-8.791387237771584,,,5.265555487738715,,,"Mike Bolsinger",11137,502211
"Eric Jokisch","CHC",14.1,,,,,,7.930000042093211,4.614285786946614,-5.023333358764648,,,6.7083823260139015,,,"Eric Jokisch",11157,518852
"David Buchanan","PHI",117.2,6.6047359375,,4.849865804582635,,,6.1357421875,,-8.007216425667032,,,4.581882337000982,,,"David Buchanan",11176,571527
"C.J. Riefenhauser","TBR",5.1,8.878775460379464,,,,,,2.7890322285313762,,,,6.748000081380209,,,"C.J. Riefenhauser",11193,592677
"Casey Sadler","PIT",10.1,9.359999974568685,,,,,4.675511638010581,-1.4533333954987702,,,,3.1525001525878906,,,"Casey Sadler",11209,594987
"Kevin Chapman","HOU",21.1,9.385000228881836,,,,,5.738317757009346,-0.12337930613550646,,,,3.6866668065389,,,"Kevin Chapman",11240,502087
"Aaron Barrett","WSN",40.2,9.345876294513081,,,,,6.71974483152636,-0.7126869533372961,,,,6.812308091383714,,,"Aaron Barrett",11243,502578
"Rob Rasmussen","TOR",11.1,8.706248046875,,,,,,1.5434546037153765,-9.981199428013392,,,5.104749997456868,,,"Rob Rasmussen",11250,519169
"Logan Darnell","MIN",24,9.216744267663291,,,,,6.485348723655523,2.4037500858306884,-1.4330769318800707,,,5.208356360866599,,,"Logan Darnell",11261,592244
"Lisalverto Bonilla","TEX",20.2,9.310000318161984,,,,,,,-3.8759575701774436,,,6.765499877929687,,,"Lisalverto Bonilla",11266,570810
"Tyler Lyons","STL",36.2,9.521739130434783,,,,,5.755155006550854,-0.24823074340820311,-6.553571701049805,,,5.071372387455959,,,"Tyler Lyons",11334,544928
"Sean Nolin","TOR",1,11.022500038146973,,,,,,,-7.489999771118164,,,6.989999771118164,,,"Sean Nolin",11341,543594
"Brandon Cumpton","PIT",70,,,,,,5.432059541233716,-1.176203692400897,,,,5.25283940633138,,,"Brandon Cumpton",11366,592238
"Tommy Kahnle","COL",68.2,7.631870455173049,,4.97874995640346,,,7.263225924584173,-0.8213740341535961,,,,3.6234518138285217,,,"Tommy Kahnle",11384,592454
"A.J. Achter","MIN",11,10.06423089443109,,9.599999321831596,,,5.886666615804036,3.968571526663644,,,,3.239166683620877,,,"A.J. Achter",11387,592091
"Jose Quintana","CHW",200.1,9.588236310840708,,,,,8.614814412937243,5.755000114440918,-2.2866503428713325,,,5.592764999459965,,,"Jose Quintana",11423,500779
"Anthony Ranaudo","BOS",39.1,11.33558439923926,,,,,,3.216428484235491,-7.48818183667732,,,8.657142857142857,,,"Anthony Ranaudo",11424,519168
"Drew Pomeranz","OAK",69,9.912417974416707,,,,,7.909865820967911,,,-7.343486685501902,,5.739091006192294,,,"Drew Pomeranz",11426,519141
"Brandon Workman","BOS",87,10.350694619992124,,3.703515910666827,,,8.964347949926404,,,-8.890707279708224,,7.468171847763882,,,"Brandon Workman",11428,519443
"Dallas Beeler","CHC",11,7.339466145833334,,6.329000091552734,3.1045455932617188,,4.682499812199519,,-2.6934614915114183,,,,,,"Dallas Beeler",11471,542923
"Bryan Mitchell","NYY",11,8.633333478655134,,5.647307616013747,,,,,-5.503333318801153,,,,,,"Bryan Mitchell",11479,571951
"Robbie Ray","DET",28.2,10.666831473627035,,,,,6.510000228881836,2.6360555754767523,-1.0179642949785506,,,5.991639031304254,,,"Robbie Ray",11486,592662
"Aaron Sanchez","TOR",33,7.44802001953125,,,,,4.672621023024025,,-8.44015385554387,,,-0.24249999225139618,,,"Aaron Sanchez",11490,592717
"José Fernández","MIA",51.2,9.169331759692513,,,,,3.840000250400641,,-1.553402794731988,,,2.5412500381469725,,,"Jose Fernandez",11530,605228
"José Domínguez","LAD",6.1,8.578771758497806,,,,,,1.32136362249201,,,,1.7624999284744263,,,"Jose Dominguez",11571,523848
"Mike Kickham","SFG",2,7.4073333740234375,,,,,3.309999942779541,-0.3371428535098121,,,,,,,"Mike Kickham",11618,592464
"Heath Hembree","BOS",10,9.196377491387794,,,,,6.659999847412109,3.1597143990652903,,,,3.370000203450521,,,"Heath Hembree",11632,592390
"Carlos Martinez","STL",89.1,7.912512307915806,,,,,2.839883789535641,,0.7277685958820269,,,5.176230797400842,,,"Carlos Martinez",11682,593372
"Sam Dyson","MIA",42,7.317159479314631,,,,,1.8775765676684366,,-2.0529671134529535,,,1.7207317817501906,,,"Sam Dyson",11710,473879
"Erik Goeddel","NYM",6.2,9.647538874699519,,,,,,,-9.131765029009651,,,2.572999954223633,,,"Erik Goeddel",11712,592340
"Nick Tepesch","TEX",126,8.028070486065431,,,,,6.174678809044697,2.603341135485419,-7.943681701155733,,,5.848926423725329,,,"Nick Tepesch",11716,519344
"Justin Grimm","CHC",69,10.397212853340676,,,,,7.856454824472403,-2.0864171689273387,-6.8690584508384145,,,,,,"Justin Grimm",11720,518748
"Kyle Ryan","DET",10.1,6.171228241502193,,2.4166667461395264,,,3.516913614155334,,-1.4455555280049641,,,5.38750022649765,,,"Kyle Ryan",11753,594986
"Drew Smyly","- - -",153,,,5.369285446206218,,,11.820526458404876,,,-0.27724929683464616,,8.636037826538086,,,"Drew Smyly",11760,592767
"Héctor Neris","PHI",1,10.149999618530273,,,0.6299999952316284,,7.295000076293945,,,,,,,,"Hector Neris",11804,593576
"Steve Delabar","TOR",25.2,10.168093678145903,,,,,7.013846177321214,1.816724185285897,,,,1.3755045199612959,,,"Steve Delabar",11827,447755
"James Paxton","SEA",74,9.12193657941879,,6.950656077900871,,,1.0742857115609306,,,-3.8844495300852926,,5.34424519089033,,,"James Paxton",11828,572020
"Taijuan Walker","SEA",38,8.920270435230153,,6.761025453225161,2.6373874217540294,,3.697222179836697,,-6.092380886986142,,,,,,"Taijuan Walker",11836,592836
"Chris Martin","COL",15.2,6.588705623851103,,3.6569388253348216,,,5.505065125304383,,-2.426976758380269,,,,,,"Chris Martin",11847,455119
"Yordano Ventura","KCR",183,10.439162434417478,,6.948400268554687,,,7.490692506353539,,-5.078054921305152,,,7.09252740407042,,,"Yordano Ventura",11855,570649
"Brett Bochy","SFG",3.1,8.997555881076389,,6.173333062065972,,,,,0.42444446351793075,,,7.400000095367432,,,"Brett Bochy",11867,594762
"Scott Snodgress","CHW",2.1,9.205667114257812,,,,,,2.1447825224503227,-1.5950000286102295,,,7.269999980926514,,,"Scott Snodgress",12020,607087
"Brian Flynn","MIA",7,7.743636391379616,,,,,5.954415457589286,2.89411766388837,-4.03521728515625,,,6.387499968210856,,,"Brian Flynn",12027,543169
"Kyle Hendricks","CHC",80.1,6.79710548802426,,3.6304999215262277,,,4.040495451506193,,-3.1271277894365026,,,4.089061181869865,,,"Kyle Hendricks",12049,543294
"Yimi García","LAD",10,7.897386030717329,,,,,,0.9190475827171689,,,,4.227499961853027,,,"Yimi Garcia",12095,554340
"Matt Stites","ARI",33,9.832157817639803,,,,,7.602499961853027,-0.8491428920200893,,,,9.0727591679014,,,"Matt Stites",12165,592781
"Cody Allen","CLE",69.2,10.496742226674426,,,,,,,,-3.8052084683242002,,,,,"Cody Allen",12183,592102
"Seth Maness","STL",80.1,6.440795452925411,,,,,2.257117988159938,-0.5812187194824219,-4.676389058430989,,,-0.06012765904690357,,,"Seth Maness",12235,595307
"Aaron Brooks","KCR",2.2,9.111153822678785,,,,,3.244999885559082,2.334000015258789,-3.140000104904175,,,3.4447056826423195,,,"Aaron Brooks",12272,605156
"Leonel Campos","SDP",7,8.697059182559743,,,,,6.117142813546317,0.20386364243247293,,,,3.001111136542426,,,"Leonel Campos",12277,599998
"Evan Marshall","ARI",49.1,7.319474559719279,,5.800000190734863,,,3.1880913711175687,-2.3159701219245568,,,,-0.06013449730231748,,,"Evan Marshall",12297,605359
"Chris Bassitt","CHW",29.2,9.313461597149189,,,,,5.700619385305759,1.9519707547487133,-5.530947273655942,,,6.398947038148579,,,"Chris Bassitt",12304,605135
"Gus Schlosser","ATL",17.2,,,,,,-0.26481131787570017,0.3378461691049429,,,,-2.4777271964333276,,,"Gus Schlosser",12321,534576
"Kevin Quackenbush","SDP",54.1,9.982970913552732,,,,,,2.276773560721919,-7.777442880924916,,,6.80800035264757,,,"Kevin Quackenbush",12360,534812
"Spencer Patton","TEX",9.1,9.304107666015625,,,,,6.7120002746582035,1.3904347627059273,,,,2.440000057220459,,,"Spencer Patton",12361,607359
"Nick Tropeano","HOU",21.2,9.423207408977005,,,,,6.894810157486155,0.05105262053640265,,,,4.91077928419237,,,"Nick Tropeano",12385,607374
"Drew Rucinski","LAA",7.1,8.931356139102224,,,,,6.295000076293945,-0.8808823753805721,,,,1.8612903471915954,,,"Drew Rucinski",12499,607968
"Taylor Hill","WSN",9,10.593499864850726,,,,,5.806333565417631,2.439241343531115,-3.3864705702837776,,,5.892500114440918,,,"Taylor Hill",12515,592398
"Erik Johnson","CHW",23.2,11.284426496328551,,,,,9.207143147786459,4.45741563432672,-7.666666666666667,,,5.993846012995793,,,"Erik Johnson",12520,605304
"Nick Maronde","LAA",6.1,10.21032966535116,,,,,6.079999923706055,3.1961427961077007,,,,8.888625144958496,,,"Nick Maronde",12530,543488
"Tony Cingrani","CIN",63.1,9.763769815134447,,,,,,-2.1395082356499846,-3.413684242650082,,,5.467248455790065,,,"Tony Cingrani",12555,571561
"Blake Treinen","WSN",50.2,8.138648419766813,,,,,3.33009200684493,-3.703846124502329,,,,1.9891304347826086,,,"Blake Treinen",12572,595014
"Nate Karns","TBR",12,9.839555302372686,,,,,,,,-6.294067900059587,,4.495454614812678,,,"Nate Karns",12638,501992
"Roenis Elías","SEA",163.2,9.085410289720956,,,,,3.8527628161243554,,-7.912466693398179,,,1.3836150311155124,,,"Roenis Elias",12673,606273
"Phil Klein","TEX",19,10.2493701171875,,,,,7.128927334872159,4.953700601619525,-3.7828570774623325,,,7.072000026702881,,,"Phil Klein",12675,607309
"Trevor Bauer","CLE",153,10.112077985491071,,2.461164040540261,,,6.6748215811593195,-0.6363386019008366,-8.325714111328125,-8.7431719634911,,6.1598497911974475,,,"Trevor Bauer",12703,545333
"Nick Martinez","TEX",140.1,10.286029373084643,,,,,6.855509181222516,0.4357142728917739,-8.097664838779473,,,4.337414295501129,,,"Nick Martinez",12730,607259
"Rafael Montero","NYM",44.1,7.651878468041281,,,,,4.7470584625893455,-0.8765891466953958,,,,4.88287851743609,,,"Rafael Montero",12760,606160
"Sonny Gray","OAK",219,8.629806845996512,,3.028636238791726,,,6.920767557989691,1.9267656003686016,-5.854895104895105,,,5.175267343302719,,,"Sonny Gray",12768,543243
"Jairo Díaz","LAA",5.2,9.285205579783819,,,,,5.96999979019165,-0.9552941041834214,,,,,,,"Jairo Diaz",12774,545064
"Carter Capps","MIA",20.1,8.605873533341079,,,,,,,,-0.3014814588758681,,6.861249923706055,,,"Carter Capps",12803,605169
"Matt Barnes","BOS",9,11.001515398121844,,,,,,,,-5.825999959309896,,6.851785932268415,,,"Matt Barnes",12863,598264
"Alex Claudio","TEX",12.1,,,,,,-0.5194392694491092,2.231999969482422,2.154999923706055,,,-1.4126190912155878,,,"Alex Claudio",12890,592222
"Ken Giles","PHI",45.2,9.87962490904565,,,,,7.75,0.6536064836522733,,,,,,,"Ken Giles",12910,571704
"Andrew Chafin","ARI",14,9.65967781313004,,,,,7.454210783305921,-0.7380850771640209,,,,8.355588127585019,,,"Andrew Chafin",12988,605177
"Tsuyoshi Wada","CHC",69.1,9.818738009894991,,11.319999694824219,,,6.580208460489909,2.020230367909307,-3.3515680486505683,,,1.7212653646663743,,,"Tsuyoshi Wada",13046,493159
"Hisashi Iwakuma","SEA",179,7.409893992932862,,1.2350000143051147,-0.8070499464596765,,2.077256583442253,-0.5276209923528856,-6.439186273619186,,,,,,"Hisashi Iwakuma",13048,547874
"Anthony DeSclafani","MIA",33,9.369967661243427,,9.740000089009603,,,5.555428423200335,-0.7539716071270882,,,,2.8963998413085936,,,"Anthony DeSclafani",13050,543101
"Wei-Yin Chen","BAL",185.2,10.425548596200523,,,,,7.916156383601384,0.5448171964255712,-5.693990171836515,,,6.024264904538905,,,"Wei-Yin Chen",13071,612672
"Yu Darvish","TEX",144.1,9.745460852117485,,4.319628628817472,4.094953305253359,,6.624311708500365,-4.381494584517045,-10.065039541207108,-10.71051816587095,,,,,"Yu Darvish",13074,506433
"Gerrit Cole","PIT",138,7.488498647305653,,,,,4.982905303301797,-1.4940769293369391,-4.656999969482422,-3.449478800262885,,3.8919642312186107,,,"Gerrit Cole",13125,543037
"Frank Garces","SDP",9,8.122435740935497,,,,,4.574999809265137,,-4.190196317784927,,,7.807272477583452,,,"Frank Garces",13144,571057
"Carson Smith","SEA",8.1,5.96999994913737,,,,,-0.4780391992307177,-4.181730710543119,,,,-1.9920000076293944,,,"Carson Smith",13172,605476
"Jesse Hahn","SDP",73.1,9.096523007020256,,,,,4.568515861121408,-3.0117856924022948,-8.46508753369426,,,2.6283720426781234,,,"Jesse Hahn",13287,534910
"Danny Coulombe","LAD",4.1,9.001935405115928,,,,,8.280000686645508,3.1978946485017476,,-6.661000061035156,,7.878333409627278,,,"Danny Coulombe",13293,543056
"Cam Bedrosian","LAA",19.1,11.567252246451465,,11.769258852358218,,,,-0.007567571627127158,,,,6.592333475748698,,,"Cam Bedrosian",13360,592135
"Paco Rodríguez","LAD",14,6.325666427612305,,,,,4.608684339021382,4.64818849425385,2.0692307692307694,,,4.299047560918899,,,"Paco Rodriguez",13398,572089
"R.J. Alvarez","SDP",8,6.609130328634511,,,,,,-0.9059999738420759,,,,-1.68625009059906,,,"R.J. Alvarez",13401,571439
"Drew VerHagen","DET",5,8.333684017783717,,,,,5.935555352105035,,-8.030769348144531,,,3.037692436805138,,,"Drew VerHagen",13424,572403
"Marcus Stroman","TOR",130.2,9.00347973341011,,4.045870705936732,,,3.3941476642327153,-1.8006930209622525,-2.4112238869738225,,,3.749000004359654,,,"Marcus Stroman",13431,573186
"Mike Morin","LAA",59,8.874376522597446,,,,,5.60519730417352,1.21580499039646,,,,6.185572948270631,,,"Mike Morin",13442,573046
"Eddie Butler","COL",16,6.9848432540893555,,,,,5.233555772569445,1.4167500495910645,,,,4.682682688643292,,,"Eddie Butler",13453,572750
"Daniel Norris","TOR",6.2,10.38904789515904,,,,,,0.7195000648498535,-9.672142573765345,,,3.443499946594238,,,"Daniel Norris",13475,596057
"Sam Tuivailala","STL",1,9.98620710701778,,,,,5.619999885559082,,-4.855833053588867,,,,,,"Sam Tuivailala",13485,592815
"Chad Smith","DET",11.2,7.510060628255208,,,,,5.085341020063921,6.4166451731035785,,,,,,,"Chad Smith",13604,605477
"Michael Roth","LAA",12.1,9.150666300455729,,,,,3.9114736456620065,-0.79206894183981,-4.2788891262478295,,,3.5652630454615544,,,"Michael Roth",13736,607706
"Dominic Leone","SEA",66.1,7.713142737563776,,2.5565597114213015,,,2.1720491002817623,-2.388000018780048,-6.150000095367432,,,3.0688095092773438,,,"Dominic Leone",13763,608678
"Alex Wood","ATL",171.2,,,,,,6.896676911780583,,,-5.120561203154007,,1.6762551662812173,,,"Alex Wood",13781,622072
"Ian Thomas","ATL",10.2,10.441249593098958,,4.299375057220459,,,,,-8.376999918619791,,,4.9005555046929254,,,"Ian Thomas",13881,621962
"Michael Wacha","STL",107,11.275407124472016,,8.172500332919034,,,,,-6.278504558812792,,,5.176698950116303,,,"Michael Wacha",14078,608379
"Kevin Gausman","BAL",113.1,10.087262327147016,,,3.466005170936684,,,-0.09874998860889012,,,,8.933599853515625,,,"Kevin Gausman",14107,592332
"Shae Simmons","ATL",21.2,6.141106277215676,,,-0.3858620544959759,,2.484999974568685,-2.0540696964707483,,,,,,,"Shae Simmons",14200,623406
"Dario Álvarez","NYM",1.1,4.551538320688101,,4.28000020980835,,,,,1.6962499618530273,,,,,,"Dario Alvarez",14239,516714
"Wei-Chung Wang","MIL",17.1,9.705775014671362,,,,,6.487931350181842,,-2.188679245283019,,,6.090999857584635,,,"Wei-Chung Wang",14382,623913
"Kyuji Fujikawa","CHC",13,10.53587532043457,,7.950333368210566,,,,,-4.2278999328613285,,,0.6568912837816321,,,"Kyuji Fujikawa",14443,493117
"Hyun Jin Ryu","LAD",152,9.849644566441441,,,,,7.955430820243849,2.250563061588891,-7.962689112103175,,,6.396366316387911,,,"Hyun Jin Ryu",14444,547943
"Buck Farmer","DET",9.1,8.407321112496513,,,,,,,0.8616129352200416,,,-0.3570588149276434,,,"Buck Farmer",14814,571656
"Corey Knebel","DET",8.2,10.157319688305412,,,,,7.121428353445871,,,-9.222903343939013,,6.3,,,"Corey Knebel",15010,608349
"Kyle Crockett","CLE",30,5.944398904148536,,,,,1.405714443751744,-2.323741007194245,,,,0.9742857388087681,,,"Kyle Crockett",15033,641490
"Andrew Heaney","MIA",29.1,,,,,,7.277942130036676,-2.464678843087013,,,,4.223214438983372,,,"Andrew Heaney",15423,571760
"Marco Gonzales","STL",34.2,8.414253342319542,,,,,,3.9299999872843423,-6.453666559855143,,,5.124851926544009,,,"Marco Gonzales",15467,594835
"Kendall Graveman","TOR",4.2,3.809999942779541,,3.7233331468370228,,,3.921590978449041,-0.4400000095367432,,,,-1.0199999809265137,,,"Kendall Graveman",15514,608665
"Miguel Alfredo Gonzalez","PHI",5.1,8.221687041133283,,,,,6.909999847412109,,-3.144444500958478,,,4.9526314986379525,,,"Miguel Alfredo Gonzalez",15675,646057
"Masahiro Tanaka","NYY",136.1,8.965476566830654,,4.550714401971726,1.7516017028683264,,5.1514955178285255,1.4142141841810223,-6.222743211594303,,,,,,"Masahiro Tanaka",15764,547888
"Odrisamer Despaigne","SDP",96.1,6.156800079345703,,5.891676599839155,,,4.215516105530754,3.9672915810032894,-7.182312774658203,,-11.204985913612859,6.220280238560268,,,"Odrisamer Despaigne",16017,628333
"Brandon Finnegan","KCR",7,9.157499313354492,,,,,7.700602703783885,1.163333257039388,,,,5.31315773411801,,,"Brandon Finnegan",16208,605232